state,state_fips,year,population,pop_change,births,deaths,natural_change,intl_migration,domestic_migration,net_migration
Alabama,1,2010,4785514,5396,14202,11077,3125,1053,1225,2278
Alabama,1,2011,4799642,14128,59699,48837,10862,5162,-1903,3259
Alabama,1,2012,4816632,16990,59074,48363,10711,6282,-114,6168
Alabama,1,2013,4831586,14954,57943,50853,7090,5494,2294,7788
Alabama,1,2014,4843737,12151,58914,49720,9194,4159,-996,3163
Alabama,1,2015,4854803,11066,59653,51878,7775,5095,-1553,3542
Alabama,1,2016,4866824,12021,59695,51711,7984,6301,-2148,4153
Alabama,1,2017,4877989,11165,58644,53196,5448,3546,2287,5833
Alabama,1,2018,4891628,13639,58665,54560,4105,3940,5664,9604
Alabama,1,2019,4907965,16337,57251,54038,3213,2293,10828,13121
Alabama,1,2020,5033094,7725,13867,15146,-1279,133,9757,9890
Alabama,1,2021,5049196,16102,57184,69134,-11950,1804,25175,26979
Alabama,1,2022,5076181,26985,58103,67246,-9143,8155,28226,36381
Alabama,1,2023,5117673,41492,58528,60059,-1531,12995,29946,42941
Alabama,1,2024,5157699,40026,57541,59273,-1732,15763,26028,41791
Alaska,2,2010,713982,3736,2902,899,2003,480,1163,1643
Alaska,2,2011,722349,8367,11712,3922,7790,1442,-888,554
Alaska,2,2012,730810,8461,11126,3923,7203,2482,-1324,1158
Alaska,2,2013,737626,6816,11349,4038,7311,2995,-3502,-507
Alaska,2,2014,737075,-551,11447,4007,7440,1343,-9585,-8242
Alaska,2,2015,738430,1355,11347,4337,7010,2417,-8197,-5780
Alaska,2,2016,742575,4145,11284,4426,6858,2442,-5194,-2752
Alaska,2,2017,740983,-1592,10757,4429,6328,2792,-10765,-7973
Alaska,2,2018,736624,-4359,10374,4435,5939,742,-11078,-10336
Alaska,2,2019,733603,-3021,9860,4748,5112,1232,-9355,-8123
Alaska,2,2020,733017,-378,2406,1169,1237,65,-1634,-1569
Alaska,2,2021,734420,1403,9454,5333,4121,873,-3438,-2565
Alaska,2,2022,734442,22,9359,6388,2971,2818,-5832,-3014
Alaska,2,2023,736510,2068,9132,5597,3535,3391,-4886,-1495
Alaska,2,2024,740133,3623,9014,5642,3372,4029,-3774,255
Arizona,4,2010,6407342,15050,20951,11506,9445,2723,3110,5833
Arizona,4,2011,6473416,66074,86097,48173,37924,17104,11042,28146
Arizona,4,2012,6556344,82928,85581,48748,36833,15673,29856,45529
Arizona,4,2013,6634690,78346,86097,50612,35485,18580,24017,42597
Arizona,4,2014,6732873,98183,86129,50241,35888,21867,39905,61772
Arizona,4,2015,6832810,99937,86755,52843,33912,20141,45608,65749
Arizona,4,2016,6944767,111957,84736,56023,28713,20694,62460,83154
Arizona,4,2017,7048088,103321,83156,56320,26836,13662,62648,76310
Arizona,4,2018,7164228,116140,81134,59212,21922,8180,85777,93957
Arizona,4,2019,7291843,127615,81294,61049,20245,11618,95805,107423
Arizona,4,2020,7187135,29025,18110,17991,119,251,30189,30440
Arizona,4,2021,7274078,86943,75693,80277,-4584,8017,83565,91582
Arizona,4,2022,7377566,103488,79173,79806,-633,33411,68790,102201
Arizona,4,2023,7473027,95461,78647,70779,7868,52767,35208,87975
Arizona,4,2024,7582384,109357,78322,68662,9660,64486,34902,99388
Arkansas,5,2010,2921998,5969,9446,7024,2422,880,2460,3340
Arkansas,5,2011,2941038,19040,38430,29439,8991,4010,5983,9993
Arkansas,5,2012,2952876,11838,38609,29715,8894,4017,-1305,2712
Arkansas,5,2013,2960459,7583,37986,30972,7014,2627,-2144,483
Arkansas,5,2014,2968759,8300,38239,29970,8269,3424,-3401,23
Arkansas,5,2015,2979732,10973,38794,31320,7474,3620,-94,3526
Arkansas,5,2016,2991815,12083,38611,31140,7471,3700,943,4643
Arkansas,5,2017,3003855,12040,37694,32328,5366,2503,4170,6673
Arkansas,5,2018,3012161,8306,37587,32797,4790,1052,2449,3501
Arkansas,5,2019,3020985,8824,36604,31465,5139,1668,2028,3696
Arkansas,5,2020,3014546,2993,8509,8466,43,95,2601,2696
Arkansas,5,2021,3026870,12324,34928,40117,-5189,1347,15880,17227
Arkansas,5,2022,3047704,20834,36115,40295,-4180,6177,18873,25050
Arkansas,5,2023,3069463,21759,35298,36414,-1116,4966,17821,22787
Arkansas,5,2024,3088354,18891,35161,35888,-727,6152,13465,19617
California,6,2010,37319550,65028,123328,57317,66011,19063,-19639,-576
California,6,2011,37636311,316761,509748,238381,271367,96569,-50732,45837
California,6,2012,37944551,308240,497428,239541,257887,95561,-41300,54261
California,6,2013,38253768,309217,499632,247702,251930,113526,-53388,60138
California,6,2014,38586706,332938,498931,244044,254887,127975,-46407,81568
California,6,2015,38904296,317590,500368,253789,246579,153571,-80121,73450
California,6,2016,39149186,244890,489146,260115,229031,138763,-122220,16543
California,6,2017,39337785,188599,482694,265216,217478,109976,-138211,-28235
California,6,2018,39437463,99678,462012,270180,191832,68369,-160192,-91823
California,6,2019,39437610,147,452438,277722,174716,33553,-208407,-174854
California,6,2020,39521958,-33716,103133,74572,28561,1372,-67219,-65847
California,6,2021,39142565,-379393,412507,345285,67222,44127,-477586,-433459
California,6,2022,39142414,-151,424071,318719,105352,234953,-336707,-101754
California,6,2023,39198693,56279,410377,303733,106644,292721,-344029,-51308
California,6,2024,39431263,232570,400601,290135,110466,361057,-239575,121482
Colorado,8,2010,5047539,18220,16787,7830,8957,2532,6067,8599
Colorado,8,2011,5121900,74361,65940,32010,33930,13093,27111,40204
Colorado,8,2012,5193660,71760,64738,32715,32023,11747,27240,38987
Colorado,8,2013,5270774,77114,64732,33583,31149,9510,35625,45135
Colorado,8,2014,5352637,81863,65706,33932,31774,10182,38973,49155
Colorado,8,2015,5454328,101691,66346,36243,30103,13926,56922,70848
Colorado,8,2016,5543844,89516,66592,36713,29879,10146,49212,59358
Colorado,8,2017,5617421,73577,65316,37693,27623,8839,36903,45742
Colorado,8,2018,5697155,79734,63793,38169,25624,11306,42580,53886
Colorado,8,2019,5758486,61331,63145,39290,23855,3576,33815,37391
Colorado,8,2020,5787129,11805,15593,11905,3688,240,7365,7605
Colorado,8,2021,5814036,26907,62138,46475,15663,3911,5817,9728
Colorado,8,2022,5850935,36899,62659,49577,13082,18507,6227,24734
Colorado,8,2023,5901339,50404,62309,45275,17034,27177,6341,33518
Colorado,8,2024,5957493,56154,62497,45203,17294,33227,5422,38649
Connecticut,9,2010,3579173,5022,9497,6848,2649,2481,139,2620
Connecticut,9,2011,3588632,9459,37637,29295,8342,13189,-12030,1159
Connecticut,9,2012,3595211,6579,36854,29064,7790,16211,-17369,-1158
Connecticut,9,2013,3595792,581,36134,29755,6379,11331,-17041,-5710
Connecticut,9,2014,3595697,-95,36162,29669,6493,18386,-25155,-6769
Connecticut,9,2015,3588561,-7136,36324,30378,5946,16726,-29948,-13222
Connecticut,9,2016,3579830,-8731,35917,30111,5806,14624,-29233,-14609
Connecticut,9,2017,3575324,-4506,35501,31112,4389,14779,-23749,-8970
Connecticut,9,2018,3574561,-763,34958,31141,3817,18949,-23606,-4657
Connecticut,9,2019,3566022,-8539,34596,31469,3127,10290,-22042,-11752
Connecticut,9,2020,3579918,-27783,8465,11949,-3484,408,-20684,-20276
Connecticut,9,2021,3606607,26689,33942,34586,-644,6215,19406,25621
Connecticut,9,2022,3617925,11318,35637,34874,763,22355,-10406,11949
Connecticut,9,2023,3643023,25098,35115,32977,2138,29968,-6462,23506
Connecticut,9,2024,3675069,32046,34609,32778,1831,36214,-6060,30154
Delaware,10,2010,899647,1700,2843,1836,1007,400,278,678
Delaware,10,2011,907590,7943,11300,7872,3428,1675,2857,4532
Delaware,10,2012,915518,7928,11155,7696,3459,1352,3197,4549
Delaware,10,2013,924062,8544,10893,8086,2807,2504,3299,5803
Delaware,10,2014,933131,9069,10984,8071,2913,1901,4223,6124
Delaware,10,2015,942065,8934,11023,8543,2480,2402,4058,6460
Delaware,10,2016,949989,7924,11216,8506,2710,1834,3377,5211
Delaware,10,2017,957942,7953,10830,9051,1779,1714,4438,6152
Delaware,10,2018,966985,9043,10760,9437,1323,670,7049,7719
Delaware,10,2019,976668,9683,10551,9540,1011,1447,7226,8673
Delaware,10,2020,991928,1973,2579,2959,-380,64,2232,2296
Delaware,10,2021,1005062,13134,10174,11233,-1059,939,13461,14400
Delaware,10,2022,1020625,15563,10849,11511,-662,3477,12578,16055
Delaware,10,2023,1036423,15798,10718,10920,-202,5985,9931,15916
Delaware,10,2024,1051917,15494,10437,10458,-21,7283,8155,15438
District of Columbia,11,2010,605282,3515,2242,1181,1061,757,1465,2222
District of Columbia,11,2011,620290,15008,9196,4667,4529,2666,7709,10375
District of Columbia,11,2012,635737,15447,9231,4534,4697,3610,6797,10407
District of Columbia,11,2013,651559,15822,9448,4813,4635,4980,5972,10952
District of Columbia,11,2014,663603,12044,9332,4649,4683,5460,1817,7277
District of Columbia,11,2015,677014,13411,9649,4883,4766,5298,3266,8564
District of Columbia,11,2016,687576,10562,9695,4852,4843,3710,1969,5679
District of Columbia,11,2017,697079,9503,9705,5136,4569,3855,1055,4910
District of Columbia,11,2018,704147,7068,9400,4943,4457,3055,-444,2611
District of Columbia,11,2019,708253,4106,9194,5417,3777,2751,-2417,334
District of Columbia,11,2020,670917,-18628,2187,2007,180,53,-15117,-15064
District of Columbia,11,2021,669256,-1661,8508,5840,2668,1747,-6432,-4685
District of Columbia,11,2022,676725,7469,8502,5603,2899,10017,-4864,5153
District of Columbia,11,2023,687324,10599,8061,5035,3026,10320,-2580,7740
District of Columbia,11,2024,702250,14926,7746,4985,2761,12502,-337,12165
Florida,12,2010,18846143,41554,50884,41760,9124,22735,10293,33028
Florida,12,2011,19055607,209464,213199,174492,38707,102343,68566,170909
Florida,12,2012,19302016,246409,214011,173760,40251,100592,103739,204331
Florida,12,2013,19551678,249662,212989,181594,31395,105369,111638,217007
Florida,12,2014,19853880,302202,218358,181037,37321,114339,147435,261774
Florida,12,2015,20219111,365231,221743,191082,30661,134725,197683,332408
Florida,12,2016,20627237,408126,226033,193681,32352,157803,217181,374984
Florida,12,2017,20977089,349852,222993,199773,23220,161644,164243,325887
Florida,12,2018,21254926,277837,223734,206543,17191,132690,127568,260258
Florida,12,2019,21492056,237130,220705,211071,9634,88787,139330,228117
Florida,12,2020,21592035,53843,50294,56387,-6093,2842,62600,65442
Florida,12,2021,21831949,239914,207942,250412,-42470,46853,246571,293424
Florida,12,2022,22379312,547363,221941,260497,-38556,255915,314467,570382
Florida,12,2023,22904868,525556,224041,231613,-7572,342211,185067,527278
Florida,12,2024,23372215,467347,220659,227980,-7321,411322,64017,475339
Georgia,13,2010,9712209,23472,32490,17216,15274,4369,3034,7403
Georgia,13,2011,9803630,91421,132638,71163,61475,12560,17118,29678
Georgia,13,2012,9903580,99950,131860,70456,61404,22454,14974,37428
Georgia,13,2013,9975592,72012,128689,74852,53837,23207,-5842,17365
Georgia,13,2014,10071204,95612,129543,74843,54700,17777,22919,40696
Georgia,13,2015,10183353,112149,131678,78566,53112,26234,32650,58884
Georgia,13,2016,10308442,125089,131395,80067,51328,35276,38504,73780
Georgia,13,2017,10417031,108589,129077,82135,46942,21846,39798,61644
Georgia,13,2018,10519389,102358,128171,84768,43403,17766,41256,59022
Georgia,13,2019,10628020,108631,125873,85998,39875,16252,52508,68760
Georgia,13,2020,10732888,19133,29847,24783,5064,731,11925,12656
Georgia,13,2021,10792060,59172,121274,109479,11795,10157,36384,46541
Georgia,13,2022,10931805,139745,125616,110352,15264,44634,79891,124525
Georgia,13,2023,11064432,132627,126127,98278,27849,51941,52290,104231
Georgia,13,2024,11180878,116446,125502,97250,28252,63088,25321,88409
Hawaii,15,2010,1364004,3700,4643,2531,2112,2033,-357,1676
Hawaii,15,2011,1379562,15558,19154,10075,9079,7437,-906,6531
Hawaii,15,2012,1395199,15637,18894,10250,8644,10284,-3057,7227
Hawaii,15,2013,1408822,13623,19029,10339,8690,5873,-763,5110
Hawaii,15,2014,1415335,6513,18956,10738,8218,4071,-5708,-1637
Hawaii,15,2015,1422999,7664,18211,11078,7133,7434,-6829,605
Hawaii,15,2016,1428885,5886,18406,10855,7551,9792,-11424,-1632
Hawaii,15,2017,1425763,-3122,17770,11288,6482,4814,-14416,-9602
Hawaii,15,2018,1423102,-2661,17284,11540,5744,4537,-12928,-8391
Hawaii,15,2019,1415615,-7487,16695,12456,4239,2778,-14463,-11685
Hawaii,15,2020,1451252,-4000,3836,2837,999,119,-4736,-4617
Hawaii,15,2021,1447029,-4223,15528,12169,3359,2047,-9831,-7784
Hawaii,15,2022,1440359,-6670,15730,13440,2290,6833,-15833,-9000
Hawaii,15,2023,1441387,1028,15254,12913,2341,9843,-11033,-1190
Hawaii,15,2024,1446146,4759,14682,12411,2271,11893,-9321,2572
Idaho,16,2010,1570819,3161,5973,2582,3391,187,-381,-194
Idaho,16,2011,1584272,13453,22973,11882,11091,1813,524,2337
Idaho,16,2012,1595910,11638,22365,11897,10468,1756,-721,1035
Idaho,16,2013,1612053,16143,22713,12297,10416,2039,3535,5574
Idaho,16,2014,1632248,20195,22440,12533,9907,1589,8470,10059
Idaho,16,2015,1652495,20247,23029,12889,10140,3294,6771,10065
Idaho,16,2016,1684036,31541,22601,13278,9323,3618,18550,22168
Idaho,16,2017,1719745,35709,22463,13683,8780,1822,25035,26857
Idaho,16,2018,1752074,32329,21636,14231,7405,463,24401,24864
Idaho,16,2019,1789060,36986,21584,13755,7829,758,28466,29224
Idaho,16,2020,1849415,10275,5467,3623,1844,58,8891,8949
Idaho,16,2021,1904848,55433,21850,17115,4735,698,51978,52676
Idaho,16,2022,1944299,39451,22384,18941,3443,6955,28368,35323
Idaho,16,2023,1971122,26823,22334,16798,5536,6419,14730,21149
Idaho,16,2024,2001619,30497,22830,16635,6195,7899,16383,24282
Illinois,17,2010,12840545,8973,41839,24075,17764,4946,-13373,-8427
Illinois,17,2011,12867783,27238,162419,101615,60804,30893,-64513,-33620
Illinois,17,2012,12883029,15246,160154,101312,58842,27408,-70921,-43513
Illinois,17,2013,12895778,12749,157503,104308,53195,27738,-68005,-40267
Illinois,17,2014,12885092,-10686,157501,102684,54817,28923,-94884,-65961
Illinois,17,2015,12859585,-25507,159256,107563,51693,30358,-107883,-77525
Illinois,17,2016,12821709,-37876,156747,106154,50593,24566,-113193,-88627
Illinois,17,2017,12779893,-41816,151354,108768,42586,30046,-114690,-84644
Illinois,17,2018,12724685,-55208,148028,110595,37433,20899,-113775,-92876
Illinois,17,2019,12667017,-57668,142527,109472,33055,13235,-104056,-90821
Illinois,17,2020,12799088,-22726,33452,35280,-1828,508,-22335,-21827
Illinois,17,2021,12700641,-98447,131890,128378,3512,11421,-114221,-102800
Illinois,17,2022,12621821,-78820,129795,127015,2780,60951,-143390,-82439
Illinois,17,2023,12642259,20438,127001,116911,10090,92822,-81875,10947
Illinois,17,2024,12710158,67899,125355,114343,11012,112955,-56235,56720
Indiana,18,2010,6490555,6505,20965,13851,7114,2493,-3053,-560
Indiana,18,2011,6517250,26695,83476,57903,25573,9401,-8217,1184
Indiana,18,2012,6538989,21739,83053,58608,24445,11135,-13573,-2438
Indiana,18,2013,6570575,31586,83369,60700,22669,9194,73,9267
Indiana,18,2014,6596019,25444,83528,59828,23700,10133,-7683,2450
Indiana,18,2015,6611442,15423,84205,62900,21305,8389,-13954,-5565
Indiana,18,2016,6637898,26456,83540,62133,21407,13904,-8704,5200
Indiana,18,2017,6662068,24170,82219,65299,16920,9312,-1882,7430
Indiana,18,2018,6698481,36413,82548,65706,16842,15414,4297,19711
Indiana,18,2019,6731010,32529,81204,63772,17432,10913,4163,15076
Indiana,18,2020,6790497,3910,19436,19164,272,342,1683,2025
Indiana,18,2021,6815907,25410,77715,77891,-176,6065,16463,22528
Indiana,18,2022,6844545,28638,80484,79651,833,25958,4652,30610
Indiana,18,2023,6880131,35586,79794,72089,7705,25365,3173,28538
Indiana,18,2024,6924275,44144,79422,70263,9159,30852,4268,35120
Iowa,19,2010,3050819,3942,9973,6886,3087,1513,-555,958
Iowa,19,2011,3066772,15953,37837,28191,9646,6447,-127,6320
Iowa,19,2012,3076844,10072,38459,28054,10405,4314,-4637,-323
Iowa,19,2013,3093935,17091,38804,29151,9653,7202,196,7398
Iowa,19,2014,3110643,16708,39457,28883,10574,7093,-869,6224
Iowa,19,2015,3122541,11898,39694,29748,9946,5701,-3653,2048
Iowa,19,2016,3133210,10669,39427,29162,10265,6003,-5564,439
Iowa,19,2017,3143734,10524,38790,30579,8211,6196,-3850,2346
Iowa,19,2018,3149900,6166,38304,30393,7911,3089,-4825,-1736
Iowa,19,2019,3159596,9696,37380,29055,8325,6921,-5566,1355
Iowa,19,2020,3191141,595,9104,8028,1076,199,-1231,-1032
Iowa,19,2021,3198613,7472,35887,35432,455,3701,1944,5645
Iowa,19,2022,3202820,4207,36825,35586,1239,10340,-6290,4050
Iowa,19,2023,3218414,15594,36475,32979,3496,16114,-3674,12440
Iowa,19,2024,3241488,23074,36301,32472,3829,19439,-231,19208
Kansas,20,2010,2858266,5146,9994,5995,3999,998,209,1207
Kansas,20,2011,2869677,11411,40118,25171,14947,5133,-8667,-3534
Kansas,20,2012,2886024,16347,39553,24977,14576,6323,-4628,1695
Kansas,20,2013,2894306,8282,39703,25595,14108,6080,-11912,-5832
Kansas,20,2014,2901861,7555,39285,25474,13811,6873,-13108,-6235
Kansas,20,2015,2910717,8856,39003,26527,12476,9413,-12934,-3521
Kansas,20,2016,2912977,2260,38769,26238,12531,7913,-18179,-10266
Kansas,20,2017,2910892,-2085,37219,27012,10207,2531,-14784,-12253
Kansas,20,2018,2912748,1856,36459,27688,8771,4307,-11194,-6887
Kansas,20,2019,2912635,-113,35805,25737,10068,3016,-13226,-10210
Kansas,20,2020,2938172,427,8510,6966,1544,134,-1882,-1748
Kansas,20,2021,2938338,166,34168,32753,1415,2072,-4854,-2782
Kansas,20,2022,2937324,-1014,34399,33207,1192,6062,-7128,-1066
Kansas,20,2023,2951500,14176,34698,30190,4508,15340,-5358,9982
Kansas,20,2024,2970606,19106,33963,28731,5232,18530,-4701,13829
Kentucky,21,2010,4348464,9134,13677,10554,3123,1630,4189,5819
Kentucky,21,2011,4370817,22353,55322,42513,12809,5548,4019,9567
Kentucky,21,2012,4387865,17048,55282,42856,12426,8316,-3545,4771
Kentucky,21,2013,4406906,19041,56040,44420,11620,9326,-1824,7502
Kentucky,21,2014,4416992,10086,55745,43641,12104,5447,-7146,-1699
Kentucky,21,2015,4429126,12134,55928,46308,9620,7900,-5233,2667
Kentucky,21,2016,4440306,11180,55919,46715,9204,7550,-5453,2097
Kentucky,21,2017,4455590,15284,54605,48536,6069,6464,2864,9328
Kentucky,21,2018,4464273,8683,54653,48420,6233,1490,1025,2515
Kentucky,21,2019,4472345,8072,53499,47227,6272,2538,-750,1788
Kentucky,21,2020,4508318,2016,12579,12784,-205,119,1047,1166
Kentucky,21,2021,4507583,-735,51363,58350,-6987,1755,2704,4459
Kentucky,21,2022,4519233,11650,52300,61278,-8978,11149,10439,21588
Kentucky,21,2023,4550595,31362,52506,54405,-1899,26161,7297,33458
Kentucky,21,2024,4588372,37777,52248,53140,-892,31430,7294,38724
Louisiana,22,2010,4544635,11135,14557,9178,5379,1320,4082,5402
Louisiana,22,2011,4576244,31609,62310,40770,21540,7235,2715,9950
Louisiana,22,2012,4602067,25823,62274,40729,21545,4649,-601,4048
Louisiana,22,2013,4626040,23973,62527,43787,18740,6562,-1622,4940
Louisiana,22,2014,4645938,19898,64216,43590,20626,5096,-5808,-712
Louisiana,22,2015,4666998,21060,64400,43973,20427,6523,-5845,678
Louisiana,22,2016,4681346,14348,64479,43683,20796,6770,-13134,-6364
Louisiana,22,2017,4673673,-7673,61865,45010,16855,3724,-28265,-24541
Louisiana,22,2018,4664450,-9223,60751,46530,14221,3747,-27183,-23436
Louisiana,22,2019,4658285,-6165,58469,46136,12333,6070,-24591,-18521
Louisiana,22,2020,4652301,-5573,13555,14800,-1245,193,-5044,-4851
Louisiana,22,2021,4627971,-24330,57028,56843,185,3186,-27819,-24633
Louisiana,22,2022,4593687,-34284,56482,56802,-320,13341,-47984,-34643
Louisiana,22,2023,4588071,-5616,56594,50209,6385,19250,-31236,-11986
Louisiana,22,2024,4597740,9669,53787,49828,3959,23142,-17405,5737
Maine,23,2010,1327651,-703,3448,3102,346,322,-1312,-990
Maine,23,2011,1328473,822,12628,13024,-396,1265,-5,1260
Maine,23,2012,1328094,-379,12796,12753,43,656,-874,-218
Maine,23,2013,1328543,449,12866,13405,-539,1910,-780,1130
Maine,23,2014,1331217,2674,12705,13348,-643,3172,310,3482
Maine,23,2015,1329098,-2119,12644,14174,-1530,770,-1267,-497
Maine,23,2016,1332348,3250,12704,14173,-1469,2118,2657,4775
Maine,23,2017,1335743,3395,12396,14552,-2156,774,4829,5603
Maine,23,2018,1340123,4380,12265,14577,-2312,1024,5701,6725
Maine,23,2019,1345770,5647,12390,14692,-2302,2057,5899,7956
Maine,23,2020,1364571,1375,2997,3714,-717,60,1810,1870
Maine,23,2021,1378931,14360,11590,16131,-4541,1012,18016,19028
Maine,23,2022,1390922,11991,12059,17966,-5907,3255,14379,17634
Maine,23,2023,1399646,8724,11919,17061,-5142,4277,9598,13875
Maine,23,2024,1405012,5366,11609,16766,-5157,5196,5329,10525
Maryland,24,2010,5788784,14997,18458,10610,7848,6709,851,7560
Maryland,24,2011,5840241,51457,73558,43695,29863,21160,520,21680
Maryland,24,2012,5888375,48134,72718,43469,29249,26172,-6488,19684
Maryland,24,2013,5925197,36822,72369,45725,26644,21774,-11004,10770
Maryland,24,2014,5960064,34867,72748,44768,27980,23752,-16296,7456
Maryland,24,2015,5988528,28464,74145,47190,26955,27935,-26121,1814
Maryland,24,2016,6007014,18486,73498,47256,26242,22015,-29699,-7684
Maryland,24,2017,6028186,21172,71770,49829,21941,23450,-24085,-635
Maryland,24,2018,6042153,13967,71695,50070,21625,16629,-24238,-7609
Maryland,24,2019,6054954,12801,70804,51671,19133,16757,-23055,-6298
Maryland,24,2020,6177935,-3694,17156,16945,211,505,-5487,-4982
Maryland,24,2021,6179403,1468,67431,59001,8430,9038,-17763,-8725
Maryland,24,2022,6192440,13037,69084,57638,11446,47782,-45928,1854
Maryland,24,2023,6217062,24622,67587,53835,13752,43758,-32748,11010
Maryland,24,2024,6263220,46158,65609,54005,11604,53100,-18509,34591
Massachusetts,25,2010,6566440,18652,18641,12304,6337,9025,3545,12570
Massachusetts,25,2011,6614218,47778,73187,53996,19191,34360,-5601,28759
Massachusetts,25,2012,6664269,50051,72228,52396,19832,38843,-7714,31129
Massachusetts,25,2013,6715158,50889,72160,54782,17378,37447,-3074,34373
Massachusetts,25,2014,6764864,49706,71952,54729,17223,44485,-10847,33638
Massachusetts,25,2015,6797484,32620,71930,57488,14442,40816,-22139,18677
Massachusetts,25,2016,6827280,29796,71345,55985,15360,44834,-30252,14582
Massachusetts,25,2017,6863560,36280,70774,58151,12623,48583,-24724,23859
Massachusetts,25,2018,6885720,22160,70453,58914,11539,37740,-27035,10705
Massachusetts,25,2019,6894883,9163,68720,59297,9423,30022,-30338,-316
Massachusetts,25,2020,6994598,-38534,17113,22112,-4999,908,-29143,-28235
Massachusetts,25,2021,7000474,5876,66440,61657,4783,16475,-14713,1762
Massachusetts,25,2022,7022468,21994,68959,63764,5195,72892,-54843,18049
Massachusetts,25,2023,7066568,44100,68144,61574,6570,74610,-36572,38038
Massachusetts,25,2024,7136171,69603,67851,61133,6718,90217,-27480,62737
Michigan,26,2010,9877597,-6515,29099,22115,6984,4691,-18665,-13974
Michigan,26,2011,9883053,5456,113968,89827,24141,22175,-40909,-18734
Michigan,26,2012,9898289,15236,113055,89045,24010,24499,-32995,-8496
Michigan,26,2013,9914802,16513,113013,92319,20694,23793,-28223,-4430
Michigan,26,2014,9932033,17231,114514,91841,22673,23685,-28543,-4858
Michigan,26,2015,9934483,2450,113815,96306,17509,21766,-36375,-14609
Michigan,26,2016,9954117,19634,113522,94757,18765,28244,-27108,1136
Michigan,26,2017,9976752,22635,112243,97489,14754,21372,-13174,8198
Michigan,26,2018,9987286,10534,111032,98542,12490,14012,-15834,-1822
Michigan,26,2019,9984795,-2491,109251,97215,12036,9228,-23878,-14650
Michigan,26,2020,10072703,-6635,26588,31068,-4480,409,-4721,-4312
Michigan,26,2021,10041351,-31352,102780,115239,-12459,7044,-29240,-22196
Michigan,26,2022,10050877,9526,104459,117941,-13482,33541,-8722,24819
Michigan,26,2023,10083356,32479,100976,106040,-5064,55863,-17446,38417
Michigan,26,2024,10140459,57103,99589,102444,-2855,67608,-7656,59952
Minnesota,27,2010,5310934,7001,17514,9355,8159,3026,-4048,-1022
Minnesota,27,2011,5346620,35686,68366,39958,28408,12203,-4868,7335
Minnesota,27,2012,5377500,30880,68046,39298,28748,11609,-9125,2484
Minnesota,27,2013,5414722,37222,68951,41317,27634,11388,-1363,10025
Minnesota,27,2014,5452665,37943,69893,40793,29100,16291,-6742,9549
Minnesota,27,2015,5484002,31337,69708,42860,26848,16783,-11877,4906
Minnesota,27,2016,5525360,41358,70060,42605,27455,16581,-2458,14123
Minnesota,27,2017,5569283,43923,69233,43969,25264,11352,7542,18894
Minnesota,27,2018,5608762,39479,67878,44588,23290,10089,6291,16380
Minnesota,27,2019,5640053,31291,67018,44102,22916,9317,-921,8396
Minnesota,27,2020,5710735,4043,16460,12738,3722,295,-1414,-1119
Minnesota,27,2021,5718660,7925,63012,51412,11600,5523,-10549,-5026
Minnesota,27,2022,5721621,2961,64651,53371,11280,21405,-29472,-8067
Minnesota,27,2023,5753048,31427,63128,49940,13188,24328,-5334,18994
Minnesota,27,2024,5793151,40103,61438,49658,11780,29540,-1161,28379
Mississippi,28,2010,2970615,2486,9410,6648,2762,673,-1078,-405
Mississippi,28,2011,2979147,8532,39751,29165,10586,2450,-4567,-2117
Mississippi,28,2012,2984599,5452,39437,29063,10374,2310,-7529,-5219
Mississippi,28,2013,2989839,5240,38494,30675,7819,2082,-4732,-2650
Mississippi,28,2014,2991892,2053,38725,30594,8131,2922,-9020,-6098
Mississippi,28,2015,2990231,-1661,38592,31486,7106,3496,-12284,-8788
Mississippi,28,2016,2990595,364,38305,31489,6816,1124,-7555,-6431
Mississippi,28,2017,2990674,79,37367,31948,5419,2641,-7975,-5334
Mississippi,28,2018,2982879,-7795,37489,32823,4666,2089,-14595,-12506
Mississippi,28,2019,2978227,-4652,36403,31334,5069,730,-10437,-9707
Mississippi,28,2020,2958536,-2742,8503,9649,-1146,58,-2054,-1996
Mississippi,28,2021,2947209,-11327,35004,41641,-6637,632,-5802,-5170
Mississippi,28,2022,2941939,-5270,34925,40616,-5691,6869,-5877,992
Mississippi,28,2023,2943172,1233,35064,35781,-717,5620,-3481,2139
Mississippi,28,2024,2943045,-127,33859,35843,-1984,6789,-4939,1850
Missouri,29,2010,5996089,7148,19006,13192,5814,2007,-510,1497
Missouri,29,2011,6011182,15093,76231,55944,20287,9118,-14274,-5156
Missouri,29,2012,6026027,14845,75455,55614,19841,7165,-11778,-4613
Missouri,29,2013,6042989,16962,75145,57556,17589,6101,-6395,-294
Missouri,29,2014,6059130,16141,75786,57100,18686,6917,-9013,-2096
Missouri,29,2015,6075411,16281,75159,59995,15164,9806,-8339,1467
Missouri,29,2016,6091384,15973,74828,59202,15626,6232,-5798,434
Missouri,29,2017,6111382,19998,73719,61343,12376,8714,-1007,7707
Missouri,29,2018,6125986,14604,73548,63123,10425,6373,-2096,4277
Missouri,29,2019,6140475,14489,72622,60883,11739,6657,-3916,2741
Missouri,29,2020,6154744,-110,17239,16737,502,270,-1059,-789
Missouri,29,2021,6171374,16630,68821,75335,-6514,3856,17206,21062
Missouri,29,2022,6179414,8040,68942,75622,-6680,11763,4160,15923
Missouri,29,2023,6208038,28624,68424,68514,-90,19460,9638,29098
Missouri,29,2024,6245466,37428,67589,66068,1521,23569,12289,35858
Montana,30,2010,990730,1330,3068,2411,657,385,299,684
Montana,30,2011,997518,6788,11985,9111,2874,617,3297,3914
Montana,30,2012,1004168,6650,12016,8963,3053,535,3015,3550
Montana,30,2013,1014158,9990,12198,9443,2755,1862,5320,7182
Montana,30,2014,1022657,8499,12378,9372,3006,817,4612,5429
Montana,30,2015,1031495,8838,12581,9679,2902,798,5088,5886
Montana,30,2016,1042137,10642,12499,9922,2577,1026,7009,8035
Montana,30,2017,1053862,11725,12116,10258,1858,1106,8712,9818
Montana,30,2018,1061818,7956,11663,9900,1763,435,5744,6179
Montana,30,2019,1070123,8305,11305,9923,1382,1277,5660,6937
Montana,30,2020,1087230,3014,2812,2516,296,43,2776,2819
Montana,30,2021,1106522,19292,10841,12141,-1300,713,20539,21252
Montana,30,2022,1122095,15573,11182,12886,-1704,989,15661,16650
Montana,30,2023,1131302,9207,11024,11392,-368,371,9110,9481
Montana,30,2024,1137233,5931,11268,11256,12,506,5410,5916
Nebraska,31,2010,1829591,3280,6500,3655,2845,714,-251,463
Nebraska,31,2011,1840914,11323,25717,15615,10102,2255,-1009,1246
Nebraska,31,2012,1853691,12777,25787,15224,10563,3319,-1009,2310
Nebraska,31,2013,1865813,12122,26014,16175,9839,3241,-879,2362
Nebraska,31,2014,1879955,14142,26448,15684,10764,5133,-1672,3461
Nebraska,31,2015,1892059,12104,26844,16556,10288,4195,-2277,1918
Nebraska,31,2016,1906483,14424,26547,16139,10408,6024,-1958,4066
Nebraska,31,2017,1916998,10515,26263,16880,9383,4822,-3634,1188
Nebraska,31,2018,1925512,8514,25600,16947,8653,3478,-3593,-115
Nebraska,31,2019,1932571,7059,25318,15819,9499,2220,-4643,-2423
Nebraska,31,2020,1963387,1391,6046,4450,1596,95,-762,-667
Nebraska,31,2021,1964537,1150,24411,19527,4884,1581,-5984,-4403
Nebraska,31,2022,1972246,7709,24248,19385,4863,7933,-4437,3496
Nebraska,31,2023,1987864,15618,24611,18408,6203,10744,-1077,9667
Nebraska,31,2024,2005465,17601,24443,18308,6135,12978,-1498,11480
Nevada,32,2010,2702483,1800,8897,4939,3958,989,-3059,-2070
Nevada,32,2011,2713114,10631,35858,20204,15654,1101,-6063,-4962
Nevada,32,2012,2744670,31556,34707,20417,14290,3660,13393,17053
Nevada,32,2013,2776956,32286,35086,21251,13835,4534,13899,18433
Nevada,32,2014,2818935,41979,35224,21219,14005,3893,23687,27580
Nevada,32,2015,2868531,49596,36223,22439,13784,6468,29060,35528
Nevada,32,2016,2919555,51024,36349,23273,13076,2866,34960,37826
Nevada,32,2017,2972097,52542,36053,24492,11561,2951,37833,40784
Nevada,32,2018,3030725,58628,35602,24633,10969,-697,48124,47427
Nevada,32,2019,3090771,60046,35910,25590,10320,5814,43872,49686
Nevada,32,2020,3116967,11372,8168,7007,1161,137,10423,10560
Nevada,32,2021,3148141,31174,33362,32376,986,3612,25674,29286
Nevada,32,2022,3176116,27975,33533,33468,65,7725,20262,27987
Nevada,32,2023,3214363,38247,32797,29391,3406,27009,8174,35183
Nevada,32,2024,3267467,53104,31951,28893,3058,33005,16853,49858
New Hampshire,33,2010,1316807,350,3269,2538,731,501,-805,-304
New Hampshire,33,2011,1320444,3637,12990,10742,2248,3078,-1671,1407
New Hampshire,33,2012,1324677,4233,12374,10514,1860,3442,-901,2541
New Hampshire,33,2013,1327272,2595,12598,10885,1713,2734,-1721,1013
New Hampshire,33,2014,1334257,6985,12214,11154,1060,3034,3011,6045
New Hampshire,33,2015,1337480,3223,12375,11990,385,4102,-1136,2966
New Hampshire,33,2016,1343694,6214,12381,11836,545,3995,1727,5722
New Hampshire,33,2017,1350395,6701,12204,12348,-144,2763,4124,6887
New Hampshire,33,2018,1355064,4669,12002,12654,-652,2570,2782,5352
New Hampshire,33,2019,1360783,5719,12037,12576,-539,2842,3398,6240
New Hampshire,33,2020,1378756,1210,2994,3502,-508,88,1272,1360
New Hampshire,33,2021,1387677,8921,12044,13728,-1684,1542,8528,10070
New Hampshire,33,2022,1396678,9001,12283,14714,-2431,1538,10011,11549
New Hampshire,33,2023,1402199,5521,12093,14322,-2229,3480,4470,7950
New Hampshire,33,2024,1409032,6833,11777,14140,-2363,4290,4889,9179
New Jersey,34,2010,8799451,7492,26548,17107,9441,7070,-8801,-1731
New Jersey,34,2011,8828552,29101,106695,71059,35636,34483,-41037,-6554
New Jersey,34,2012,8845671,17119,104516,69003,35513,27902,-46113,-18211
New Jersey,34,2013,8857821,12150,103463,72450,31013,28778,-47617,-18839
New Jersey,34,2014,8867277,9456,103333,70503,32830,30103,-53549,-23446
New Jersey,34,2015,8870312,3035,103111,72550,30561,41337,-69052,-27715
New Jersey,34,2016,8873584,3272,103023,71179,31844,38908,-67560,-28652
New Jersey,34,2017,8888147,14563,101476,74763,26713,45043,-57192,-12149
New Jersey,34,2018,8891730,3583,101901,74807,27094,27118,-50643,-23525
New Jersey,34,2019,8891258,-472,100471,76740,23731,23880,-48119,-24239
New Jersey,34,2020,9272794,-16220,24722,33991,-9269,901,-9110,-8209
New Jersey,34,2021,9270541,-2253,98005,84007,13998,14743,-32628,-17885
New Jersey,34,2022,9295227,24686,102676,82754,19922,72909,-66769,6140
New Jersey,34,2023,9379642,84415,102459,77131,25328,107943,-48148,59795
New Jersey,34,2024,9500851,121209,101199,75189,26010,130692,-35554,95138
New Mexico,35,2010,2064614,5415,6662,3834,2828,450,2051,2501
New Mexico,35,2011,2080707,16093,27799,16367,11432,4176,499,4675
New Mexico,35,2012,2087715,7008,27035,16466,10569,3810,-7260,-3450
New Mexico,35,2013,2092833,5118,26731,16789,9942,5710,-10597,-4887
New Mexico,35,2014,2090236,-2597,26359,17138,9221,1913,-13805,-11892
New Mexico,35,2015,2090071,-165,26037,17631,8406,3874,-12434,-8560
New Mexico,35,2016,2092555,2484,25216,18136,7080,2609,-7157,-4548
New Mexico,35,2017,2092844,289,24179,18527,5652,2251,-7582,-5331
New Mexico,35,2018,2093754,910,23198,18791,4407,1623,-5068,-3445
New Mexico,35,2019,2099634,5880,23101,18868,4233,3334,-1671,1663
New Mexico,35,2020,2118606,1051,5327,5510,-183,155,729,884
New Mexico,35,2021,2117333,-1273,21433,24657,-3224,2261,-1039,1222
New Mexico,35,2022,2113868,-3465,21441,25427,-3986,5702,-4616,1086
New Mexico,35,2023,2121164,7296,21571,22436,-865,9904,-1487,8417
New Mexico,35,2024,2130256,9092,20833,22270,-1437,12103,-1571,10532
New York,36,2010,19399956,21839,61404,35115,26289,19025,-22653,-3628
New York,36,2011,19499921,99965,243117,149781,93336,87332,-80685,6647
New York,36,2012,19574362,74441,239907,146887,93020,90304,-108325,-18021
New York,36,2013,19626488,52126,239882,152565,87317,78010,-112510,-34500
New York,36,2014,19653431,26943,237033,148863,88170,84452,-145557,-61105
New York,36,2015,19657321,3890,239348,153901,85447,84301,-166054,-81753
New York,36,2016,19636391,-20930,235792,151604,84188,88805,-194135,-105330
New York,36,2017,19593849,-42542,231207,155117,76090,69336,-188058,-118722
New York,36,2018,19544098,-49751,229316,156755,72561,57774,-180043,-122269
New York,36,2019,19463131,-80967,223378,162158,61220,41869,-183857,-141988
New York,36,2020,20105171,-98601,53056,72834,-19778,1339,-72672,-71333
New York,36,2021,19848276,-256895,205414,177162,28252,28775,-300058,-271283
New York,36,2022,19703747,-144529,209913,176582,33331,111670,-295669,-183999
New York,36,2023,19737367,33620,205888,166424,39464,170450,-176893,-6443
New York,36,2024,19867248,129881,205289,161588,43701,207161,-120917,86244
North Carolina,37,2010,9574586,38824,29905,18643,11262,4867,20632,25499
North Carolina,37,2011,9658913,84327,121039,79977,41062,10843,32211,43054
North Carolina,37,2012,9751810,92897,119579,79531,40048,22624,29397,52021
North Carolina,37,2013,9846717,94907,119380,84364,35016,20169,39006,59175
North Carolina,37,2014,9937295,90578,120184,83529,36655,18908,34313,53221
North Carolina,37,2015,10037218,99923,120819,88474,32345,22402,44814,67216
North Carolina,37,2016,10161802,124584,121074,89243,31831,21565,70976,92541
North Carolina,37,2017,10275758,113956,119793,92189,27604,21393,64769,86162
North Carolina,37,2018,10391358,115600,120147,93730,26417,16207,72887,89094
North Carolina,37,2019,10501384,110026,119140,95192,23948,16329,69731,86060
North Carolina,37,2020,10449652,8153,28675,25880,2795,683,8159,8842
North Carolina,37,2021,10564320,114668,116747,115533,1214,9924,103202,113126
North Carolina,37,2022,10710793,146473,121588,118218,3370,43024,99380,142404
North Carolina,37,2023,10881189,170396,121223,108857,12366,57839,98981,156820
North Carolina,37,2024,11046024,164835,121281,108649,12632,69792,82288,152080
North Dakota,38,2010,674752,2177,2343,1493,850,468,814,1282
North Dakota,38,2011,685526,10774,9211,6045,3166,1209,6333,7542
North Dakota,38,2012,702227,16701,9883,5934,3949,1295,11000,12295
North Dakota,38,2013,723149,20922,10272,6220,4052,1254,15125,16379
North Dakota,38,2014,738736,15587,10977,6204,4773,961,9526,10487
North Dakota,38,2015,755537,16801,11399,6315,5084,2247,9301,11548
North Dakota,38,2016,756114,577,11406,6143,5263,1589,-6316,-4727
North Dakota,38,2017,756755,641,11076,6375,4701,2875,-6975,-4100
North Dakota,38,2018,760062,3307,10700,6454,4246,1247,-2196,-949
North Dakota,38,2019,763724,3662,10506,6181,4325,634,-1282,-648
North Dakota,38,2020,779563,517,2563,1745,818,30,-438,-408
North Dakota,38,2021,777966,-1597,10021,7758,2263,453,-3966,-3513
North Dakota,38,2022,781057,3091,9800,7334,2466,3287,-2667,620
North Dakota,38,2023,789047,7990,9721,6907,2814,4269,912,5181
North Dakota,38,2024,796568,7521,9592,6867,2725,5126,-291,4835
Ohio,39,2010,11539449,2686,34787,26546,8241,3507,-8704,-5197
Ohio,39,2011,11545735,6286,137935,110629,27306,15512,-36486,-20974
Ohio,39,2012,11550971,5236,137686,111350,26336,18352,-39051,-20699
Ohio,39,2013,11579692,28721,139117,114505,24612,24896,-20077,4819
Ohio,39,2014,11606573,26881,139567,111892,27675,21553,-21319,234
Ohio,39,2015,11622315,15742,139571,118311,21260,25327,-30228,-4901
Ohio,39,2016,11640060,17745,138845,117583,21262,25041,-28200,-3159
Ohio,39,2017,11665706,25646,136676,122155,14521,20084,-8612,11472
Ohio,39,2018,11680892,15186,136942,124094,12848,14101,-11486,2615
Ohio,39,2019,11696507,15615,134059,120544,13515,15768,-13711,2057
Ohio,39,2020,11798905,-548,32340,33751,-1411,517,-2752,-2235
Ohio,39,2021,11767344,-31561,128271,146873,-18602,9278,-26839,-17561
Ohio,39,2022,11777874,10530,128860,149198,-20338,40470,-4998,35472
Ohio,39,2023,11824034,46160,128794,131659,-2865,51631,-967,50664
Ohio,39,2024,11883304,59270,126575,127000,-425,62378,-2462,59916
Oklahoma,40,2010,3760014,8432,13147,7876,5271,1295,1537,2832
Oklahoma,40,2011,3788824,28810,52564,37764,14800,7029,7003,14032
Oklahoma,40,2012,3819320,30496,52335,36978,15357,6906,8116,15022
Oklahoma,40,2013,3853891,34571,53322,38599,14723,5987,13615,19602
Oklahoma,40,2014,3879187,25296,53083,38612,14471,6760,4195,10955
Oklahoma,40,2015,3910518,31331,53501,39741,13760,9593,8037,17630
Oklahoma,40,2016,3928143,17625,53155,39291,13864,8011,-4150,3861
Oklahoma,40,2017,3933602,5459,51123,40317,10806,4850,-10152,-5302
Oklahoma,40,2018,3943488,9886,50123,41531,8592,4875,-3530,1345
Oklahoma,40,2019,3960676,17188,49382,40470,8912,3325,4926,8251
Oklahoma,40,2020,3965415,6010,11579,10346,1233,176,3911,4087
Oklahoma,40,2021,3992238,26823,47473,50810,-3337,2181,26585,28766
Oklahoma,40,2022,4026229,33991,48249,51638,-3389,12261,26026,38287
Oklahoma,40,2023,4063882,37653,48693,45300,3393,11835,22660,34495
Oklahoma,40,2024,4095393,31511,47642,44506,3136,14358,14036,28394
Oregon,41,2010,3837614,6531,11877,7823,4054,1710,986,2696
Oregon,41,2011,3872672,35058,45391,32496,12895,10740,11431,22171
Oregon,41,2012,3900102,27430,44921,32947,11974,4676,10901,15577
Oregon,41,2013,3924110,24008,45000,33416,11584,3706,8781,12487
Oregon,41,2014,3965447,41337,45471,33805,11666,7240,22264,29504
Oregon,41,2015,4018542,53095,45669,35389,10280,5616,36911,42527
Oregon,41,2016,4093271,74729,45655,35336,10319,13081,51130,64211
Oregon,41,2017,4147294,54023,44612,36822,7790,8316,37826,46142
Oregon,41,2018,4183538,36244,42925,36329,6596,3592,26053,29645
Oregon,41,2019,4216116,32578,42172,36504,5668,2272,24649,26921
Oregon,41,2020,4243779,6555,10281,9566,715,177,5732,5909
Oregon,41,2021,4254280,10501,39659,41952,-2293,2609,9304,11913
Oregon,41,2022,4247372,-6908,40450,46451,-6001,7458,-7730,-272
Oregon,41,2023,4253653,6281,38835,43502,-4667,19246,-8014,11232
Oregon,41,2024,4272371,18718,38788,42519,-3731,23590,-1162,22428
Pennsylvania,42,2010,12711406,8515,36111,30211,5900,5695,-1692,4003
Pennsylvania,42,2011,12747052,35646,142930,127734,15196,28385,-7549,20836
Pennsylvania,42,2012,12769123,22071,142104,125533,16571,26413,-19202,7211
Pennsylvania,42,2013,12779538,10415,141798,130942,10856,30378,-29896,482
Pennsylvania,42,2014,12792392,12854,142223,126730,15493,35522,-36701,-1179
Pennsylvania,42,2015,12789838,-2554,141905,132748,9157,32725,-43643,-10918
Pennsylvania,42,2016,12788468,-1370,140389,129972,10417,38966,-50371,-11405
Pennsylvania,42,2017,12794679,6211,137728,135728,2000,32239,-27494,4745
Pennsylvania,42,2018,12809107,14428,137444,135227,2217,32997,-20340,12657
Pennsylvania,42,2019,12798883,-10224,134840,134010,830,14722,-25745,-11023
Pennsylvania,42,2020,12996143,-6766,32903,40308,-7405,627,-3580,-2953
Pennsylvania,42,2021,13015571,19428,130247,155702,-25455,10198,28184,38382
Pennsylvania,42,2022,12984990,-30581,131688,155242,-23554,37940,-40405,-2465
Pennsylvania,42,2023,13017721,32731,129235,141059,-11824,68035,-21730,46305
Pennsylvania,42,2024,13078751,61030,127571,136882,-9311,82101,-11500,70601
Puerto Rico,72,2010,3721525,-4632,9603,7138,2465,-7097,0,-7097
Puerto Rico,72,2011,3678732,-42793,41243,30260,10983,-53776,0,-53776
Puerto Rico,72,2012,3634488,-44244,40282,29742,10540,-54784,0,-54784
Puerto Rico,72,2013,3593077,-41411,37871,29399,8472,-49883,0,-49883
Puerto Rico,72,2014,3534874,-58203,35717,28831,6886,-65089,0,-65089
Puerto Rico,72,2015,3473232,-61642,32967,29852,3115,-64757,0,-64757
Puerto Rico,72,2016,3406672,-66560,30109,28391,1718,-68278,0,-68278
Puerto Rico,72,2017,3325284,-81388,26233,29433,-3200,-78188,0,-78188
Puerto Rico,72,2018,3193344,-131940,22151,30692,-8541,-123399,0,-123399
Puerto Rico,72,2019,3193553,209,21503,29027,-7524,7733,0,7733
Puerto Rico,72,2020,3281590,-4284,4545,7301,-2756,-1528,0,-1528
Puerto Rico,72,2021,3262711,-18879,18800,33362,-14562,-4317,0,-4317
Puerto Rico,72,2022,3220137,-42574,19724,34157,-14433,-28141,0,-28141
Puerto Rico,72,2023,3203792,-16345,18884,35175,-16291,-54,0,-54
Puerto Rico,72,2024,3203295,-497,18219,33920,-15701,15204,0,15204
Rhode Island,44,2010,1053994,1024,2871,2330,541,1704,-1171,533
Rhode Island,44,2011,1053829,-165,10998,9755,1243,4585,-6005,-1420
Rhode Island,44,2012,1054893,1064,11006,9315,1691,4507,-5087,-580
Rhode Island,44,2013,1055560,667,10873,9631,1242,3938,-4474,-536
Rhode Island,44,2014,1056511,951,10726,9697,1029,3607,-3574,33
Rhode Island,44,2015,1056886,375,10874,10077,797,4654,-5027,-373
Rhode Island,44,2016,1057816,930,10975,9828,1147,4242,-4436,-194
Rhode Island,44,2017,1056554,-1262,10577,10043,534,2282,-4048,-1766
Rhode Island,44,2018,1059338,2784,10737,10039,698,4631,-2522,2109
Rhode Island,44,2019,1058158,-1180,10459,9996,463,1295,-2950,-1655
Rhode Island,44,2020,1096530,-824,2546,3390,-844,78,-373,-295
Rhode Island,44,2021,1097246,716,10031,11327,-1296,1070,356,1426
Rhode Island,44,2022,1099498,2252,10445,11103,-658,8346,-5028,3318
Rhode Island,44,2023,1103429,3931,10063,10508,-445,7852,-3281,4571
Rhode Island,44,2024,1112308,8879,9924,10286,-362,9525,-305,9220
South Carolina,45,2010,4635846,10488,14175,9656,4519,1382,4464,5846
South Carolina,45,2011,4672655,36809,57479,42032,15447,3404,17887,21291
South Carolina,45,2012,4719027,46372,57551,42074,15477,6470,23940,30410
South Carolina,45,2013,4766469,47442,56587,44670,11917,5742,29302,35044
South Carolina,45,2014,4826858,60389,57314,44535,12779,6936,39900,46836
South Carolina,45,2015,4896006,69148,58286,46871,11415,7986,49197,57183
South Carolina,45,2016,4963031,67025,57856,47261,10595,5811,50446,56257
South Carolina,45,2017,5027102,64071,56797,48802,7995,6493,49430,55923
South Carolina,45,2018,5091702,64600,56970,50406,6564,6869,51073,57942
South Carolina,45,2019,5157702,66000,56755,51436,5319,7353,53390,60743
South Carolina,45,2020,5132249,13997,13492,14075,-583,340,14991,15331
South Carolina,45,2021,5194274,62025,55815,64948,-9133,4027,67887,71914
South Carolina,45,2022,5287935,93661,57613,64615,-7002,13865,83940,97805
South Carolina,45,2023,5387830,99895,58152,58965,-813,19225,80092,99317
South Carolina,45,2024,5478831,91001,57999,58516,-517,23234,68043,91277
South Dakota,46,2010,816193,1995,3030,1931,1099,198,685,883
South Dakota,46,2011,823740,7547,11790,7287,4503,1369,1676,3045
South Dakota,46,2012,833859,10119,11896,7409,4487,2242,3287,5529
South Dakota,46,2013,842751,8892,12055,7279,4776,228,3790,4018
South Dakota,46,2014,849670,6919,12436,7158,5278,1189,370,1559
South Dakota,46,2015,854663,4993,12262,7742,4520,1734,-1226,508
South Dakota,46,2016,863693,9030,12223,7750,4473,3337,1240,4577
South Dakota,46,2017,873732,10039,12260,8075,4185,3846,2012,5858
South Dakota,46,2018,879386,5654,12148,7924,4224,638,798,1436
South Dakota,46,2019,887127,7741,11697,7455,4242,2334,1160,3494
South Dakota,46,2020,887948,1219,2832,2021,811,64,325,389
South Dakota,46,2021,896492,8544,11064,9769,1295,1101,6124,7225
South Dakota,46,2022,909723,13231,11254,9207,2047,2570,8253,10823
South Dakota,46,2023,918305,8582,11171,8525,2646,1314,4536,5850
South Dakota,46,2024,924669,6364,11311,8723,2588,1616,2132,3748
Tennessee,47,2010,6355518,9237,19682,14301,5381,1190,2835,4025
Tennessee,47,2011,6400298,44780,78628,60184,18444,9350,16969,26319
Tennessee,47,2012,6455752,55454,80323,60654,19669,8627,26758,35385
Tennessee,47,2013,6496943,41191,80252,63481,16771,10586,13411,23997
Tennessee,47,2014,6544617,47674,80448,63582,16866,8250,22183,30433
Tennessee,47,2015,6595354,50737,81883,66114,15769,10702,24170,34872
Tennessee,47,2016,6651277,55923,81477,66665,14812,8066,32993,41059
Tennessee,47,2017,6714748,63471,80297,69118,11179,9540,42680,52220
Tennessee,47,2018,6778180,63432,81500,70923,10577,10424,42418,52842
Tennessee,47,2019,6830325,52145,80559,69815,10744,3777,37685,41462
Tennessee,47,2020,6927904,15557,19250,18960,290,209,14812,15021
Tennessee,47,2021,6965740,37836,79463,89410,-9947,3112,45483,48595
Tennessee,47,2022,7062217,96477,82091,91578,-9487,19466,83116,102582
Tennessee,47,2023,7148304,86087,83108,81180,1928,22704,60293,82997
Tennessee,47,2024,7227750,79446,83223,79865,3358,27648,48476,76124
Texas,48,2010,25241897,95825,92798,41022,51776,14908,27943,42851
Texas,48,2011,25645504,403607,381711,168142,213569,69106,120571,189677
Texas,48,2012,26084120,438616,378107,169190,208917,84838,141603,226441
Texas,48,2013,26479646,395526,384426,178641,205785,79571,107618,187189
Texas,48,2014,26963092,483446,394317,180742,213575,106776,159828,266604
Texas,48,2015,27468531,505439,402268,187833,214435,117265,172183,289448
Texas,48,2016,27914064,445533,402564,188784,213780,110382,120979,231361
Texas,48,2017,28291024,376960,389353,194127,195226,96215,84806,181021
Texas,48,2018,28624564,333540,381430,202260,179170,69138,84638,153776
Texas,48,2019,28986794,362230,377278,203427,173851,66791,121411,188202
Texas,48,2020,29239570,90112,88268,55696,32572,1955,53751,55706
Texas,48,2021,29570351,330781,364918,270489,94429,43476,195564,239040
Texas,48,2022,30113488,543137,384352,261155,123197,193143,222154,415297
Texas,48,2023,30727890,614402,390966,232364,158602,262618,190994,453612
Texas,48,2024,31290831,562941,388115,229362,158753,319569,85267,404836
United States,0,2010,309327143,569038,987836,598691,389145,179893,0,179893
United States,0,2011,311583481,2256338,3973485,2512442,1461043,795295,0,795295
United States,0,2012,313877662,2294181,3936976,2501531,1435445,858736,0,858736
United States,0,2013,316059947,2182285,3940576,2608019,1332557,849728,0,849728
United States,0,2014,318386329,2326382,3963195,2582448,1380747,945635,0,945635
United States,0,2015,320738994,2352665,3992376,2699826,1292550,1060115,0,1060115
United States,0,2016,323071755,2332761,3970959,2703215,1267744,1065017,0,1065017
United States,0,2017,325122128,2050373,3890144,2788163,1101981,948392,0,948392
United States,0,2018,326838199,1716071,3835477,2839277,996200,719871,0,719871
United States,0,2019,328329953,1491754,3770397,2847282,923115,568639,0,568639
United States,0,2020,331577720,61984,894123,852024,42099,19885,0,19885
United States,0,2021,332099760,522040,3584459,3438423,146036,376004,0,376004
United States,0,2022,334017321,1917561,3680380,3456354,224026,1693535,0,1693535
United States,0,2023,336806231,2788910,3648896,3154285,494611,2294299,0,2294299
United States,0,2024,340110988,3304757,3605563,3086925,518638,2786119,0,2786119
Utah,49,2010,2775413,11522,13749,3677,10072,1019,485,1504
Utah,49,2011,2814797,39384,51933,15011,36922,2900,-393,2507
Utah,49,2012,2854146,39349,50438,15470,34968,5272,-783,4489
Utah,49,2013,2898773,44627,51860,16268,35592,3545,5591,9136
Utah,49,2014,2938327,39554,50825,16291,34534,5513,-269,5244
Utah,49,2015,2983626,45299,50999,17263,33736,4148,7612,11760
Utah,49,2016,3044241,60615,50845,17788,33057,7669,19856,27525
Utah,49,2017,3103540,59299,49487,17856,31631,9255,18362,27617
Utah,49,2018,3155153,51613,47581,18274,29307,6112,16191,22303
Utah,49,2019,3203383,48230,47576,18011,29565,2616,16004,18620
Utah,49,2020,3284077,12469,11862,4973,6889,118,4658,4776
Utah,49,2021,3339738,55661,45704,21976,23728,2055,30032,32087
Utah,49,2022,3391011,51273,46280,23312,22968,15177,13488,28665
Utah,49,2023,3443222,52211,45448,21196,24252,27421,493,27914
Utah,49,2024,3503613,60391,45695,21709,23986,33133,3220,36353
Vermont,50,2010,625886,159,1653,1326,327,109,-217,-108
Vermont,50,2011,627197,1311,6057,5437,620,1295,-594,701
Vermont,50,2012,626361,-836,6088,5459,629,337,-1754,-1417
Vermont,50,2013,626603,242,5985,5560,425,432,-536,-104
Vermont,50,2014,625693,-910,6111,5602,509,390,-1721,-1331
Vermont,50,2015,625810,117,5978,5912,66,2251,-2162,89
Vermont,50,2016,624366,-1444,5843,5812,31,758,-2216,-1458
Vermont,50,2017,625132,766,5750,6021,-271,1919,-855,1064
Vermont,50,2018,624802,-330,5428,6004,-576,551,-285,266
Vermont,50,2019,624046,-756,5448,5842,-394,635,-996,-361
Vermont,50,2020,642977,-105,1303,1552,-249,21,-68,-47
Vermont,50,2021,647210,4233,5153,6439,-1286,415,4871,5286
Vermont,50,2022,648142,932,5401,7178,-1777,1929,1095,3024
Vermont,50,2023,648708,566,5100,6857,-1757,1649,773,2422
Vermont,50,2024,648493,-215,5039,6762,-1723,2024,-511,1513
Virginia,51,2010,8024004,22958,25723,14652,11071,5990,5544,11534
Virginia,51,2011,8102437,78433,102350,60455,41895,23466,12941,36407
Virginia,51,2012,8187456,85019,102773,60213,42560,37768,4483,42251
Virginia,51,2013,8255861,68405,102491,63446,39045,26352,3111,29463
Virginia,51,2014,8315430,59569,102559,62616,39943,35428,-16114,19314
Virginia,51,2015,8367303,51873,103221,65251,37970,39097,-25347,13750
Virginia,51,2016,8417651,50348,104026,65337,38689,36646,-25020,11626
Virginia,51,2017,8471011,53360,100149,67942,32207,33741,-12510,21231
Virginia,51,2018,8510920,39909,100976,68844,32132,17189,-9321,7868
Virginia,51,2019,8556642,45722,98870,70037,28833,25830,-8892,16938
Virginia,51,2020,8637615,6227,23580,19692,3888,766,137,903
Virginia,51,2021,8658910,21295,94275,83637,10638,14319,-4643,9676
Virginia,51,2022,8683414,24504,95620,86147,9473,41157,-25629,15528
Virginia,51,2023,8734685,51271,94428,79759,14669,46416,-9646,36770
Virginia,51,2024,8811195,76510,93593,78443,15150,56155,5284,61439
Washington,53,2010,6743009,18469,22233,11846,10387,6084,2299,8383
Washington,53,2011,6827479,84470,86692,49817,36875,20171,27355,47526
Washington,53,2012,6898599,71120,86710,49429,37281,22202,11986,34188
Washington,53,2013,6966252,67653,87251,51307,35944,19729,11979,31708
Washington,53,2014,7057531,91279,87370,51279,36091,30898,24414,55312
Washington,53,2015,7167287,109756,88779,53857,34922,33108,41636,74744
Washington,53,2016,7299961,132674,90458,54714,35744,29102,67588,96690
Washington,53,2017,7427951,127990,88947,56064,32883,30495,64346,94841
Washington,53,2018,7526793,98842,86748,56834,29914,23605,45220,68825
Washington,53,2019,7614024,87231,86235,58488,27747,23434,35962,59396
Washington,53,2020,7727209,19623,21105,15169,5936,667,12045,12712
Washington,53,2021,7743760,16551,82602,64953,17649,13991,-15688,-1697
Washington,53,2022,7794123,50363,83978,70873,13105,43544,-3452,40092
Washington,53,2023,7857320,63197,82165,67819,14346,67068,-17293,49775
Washington,53,2024,7958180,100860,82072,65635,16437,81581,2671,84252
West Virginia,54,2010,1854265,1257,5100,5227,-127,124,1317,1441
West Virginia,54,2011,1856606,2341,20469,21901,-1432,2133,1665,3798
West Virginia,54,2012,1857446,840,20687,21496,-809,1133,662,1795
West Virginia,54,2013,1854768,-2678,20938,22249,-1311,885,-2158,-1273
West Virginia,54,2014,1850569,-4199,20575,21654,-1079,1238,-4298,-3060
West Virginia,54,2015,1843332,-7237,20089,22757,-2668,1476,-5989,-4513
West Virginia,54,2016,1832435,-10897,19342,22458,-3116,1290,-9056,-7766
West Virginia,54,2017,1818683,-13752,18952,23139,-4187,592,-10139,-9547
West Virginia,54,2018,1805953,-12730,18589,23625,-5036,54,-7734,-7680
West Virginia,54,2019,1795263,-10690,17839,22767,-4928,1185,-6929,-5744
West Virginia,54,2020,1791646,-2090,4296,5861,-1565,36,-793,-757
West Virginia,54,2021,1785618,-6028,17056,27577,-10521,727,2984,3711
West Virginia,54,2022,1774122,-11496,17028,29906,-12878,1673,289,1962
West Virginia,54,2023,1770495,-3627,16895,25911,-9016,2320,3296,5616
West Virginia,54,2024,1769979,-516,16680,24524,-7844,2841,4520,7361
Wisconsin,55,2010,5690538,3253,17549,11771,5778,1244,-3448,-2204
Wisconsin,55,2011,5705840,15302,67784,48473,19311,4390,-8323,-3933
Wisconsin,55,2012,5720825,14985,67672,47867,19805,6073,-10533,-4460
Wisconsin,55,2013,5738012,17187,66899,50034,16865,8235,-7471,764
Wisconsin,55,2014,5753199,15187,67101,49332,17769,7986,-10005,-2019
Wisconsin,55,2015,5762927,9728,67155,51257,15898,9310,-15148,-5838
Wisconsin,55,2016,5775170,12243,66843,51341,15502,8141,-11257,-3116
Wisconsin,55,2017,5793147,17977,65869,52407,13462,8239,-3512,4727
Wisconsin,55,2018,5809319,16172,64434,53500,10934,6011,-653,5358
Wisconsin,55,2019,5824581,15262,63774,51828,11946,4466,-1182,3284
Wisconsin,55,2020,5897375,3205,15554,14164,1390,214,42,256
Wisconsin,55,2021,5881608,-15767,60035,61984,-1949,3189,-18603,-15414
Wisconsin,55,2022,5903975,22367,60782,63549,-2767,19693,7502,27195
Wisconsin,55,2023,5930405,26430,60148,58788,1360,18247,7685,25932
Wisconsin,55,2024,5960975,30570,59445,57405,2040,22146,6332,28478
Wyoming,56,2010,564531,756,1986,1289,697,219,-229,-10
Wyoming,56,2011,567491,2960,7469,4444,3025,-85,20,-65
Wyoming,56,2012,576656,9165,7439,4372,3067,609,5272,5881
Wyoming,56,2013,582620,5964,7520,4613,2907,594,2353,2947
Wyoming,56,2014,583159,539,7723,4528,3195,-127,-2560,-2687
Wyoming,56,2015,586389,3230,7800,4821,2979,860,-598,262
Wyoming,56,2016,585243,-1146,7706,4790,2916,530,-4609,-4079
Wyoming,56,2017,579994,-5249,7046,4753,2293,795,-8372,-7577
Wyoming,56,2018,579054,-940,6762,4867,1895,708,-3549,-2841
Wyoming,56,2019,580116,1062,6406,4994,1412,173,-521,-348
Wyoming,56,2020,577681,837,1584,1286,298,18,445,463
Wyoming,56,2021,579636,1955,6164,6170,-6,137,1809,1946
Wyoming,56,2022,581978,2342,6122,6728,-606,551,2449,3000
Wyoming,56,2023,585067,3089,6057,5706,351,1037,1741,2778
Wyoming,56,2024,587618,2551,6037,5634,403,1285,861,2146
