county_name,age_group,sex,adjustment
Adams,0-4,male,-3.3273275159747393
Barnes,0-4,male,-15.780569418145243
Benson,0-4,male,-16.96331805354728
Billings,0-4,male,-1.911953365907553
Bottineau,0-4,male,-9.743426587105706
Bowman,0-4,male,-5.368947760676116
Burke,0-4,male,-4.252856922570119
Burleigh,0-4,male,-189.38534645348608
Cass,0-4,male,-402.13673033228014
Cavalier,0-4,male,-6.764294448773471
Dickey,0-4,male,-7.740051351557968
Divide,0-4,male,-3.9271907323228246
Dunn,0-4,male,-8.532342470429533
Eddy,0-4,male,-4.348242652892847
Emmons,0-4,male,-4.4865576321713165
Foster,0-4,male,-5.624787104444019
Golden Valley,0-4,male,-2.2624103540943588
Grand Forks,0-4,male,-155.88581960323225
Grant,0-4,male,-3.8709901887399494
Griggs,0-4,male,-3.03676097304948
Hettinger,0-4,male,-4.167628542060036
Kidder,0-4,male,-3.6501327513965607
LaMoure,0-4,male,-6.794636199172833
Logan,0-4,male,-2.8851239319800626
McHenry,0-4,male,-7.954923402337984
McIntosh,0-4,male,-2.966215147380981
McKenzie,0-4,male,-43.294199136788805
McLean,0-4,male,-16.339632818323214
Mercer,0-4,male,-12.72972585783732
Morton,0-4,male,-71.75505249764242
Mountrail,0-4,male,-22.611595349162823
Nelson,0-4,male,-3.988795555901251
Oliver,0-4,male,-2.891353723462476
Pembina,0-4,male,-9.882225498341604
Pierce,0-4,male,-5.639367599939422
Ramsey,0-4,male,-20.188164043978077
Ransom,0-4,male,-9.509422729750368
Renville,0-4,male,-3.763356527769578
Richland,0-4,male,-25.094421764853298
Rolette,0-4,male,-28.724710823043893
Sargent,0-4,male,-5.608267994099912
Sheridan,0-4,male,-1.5423053618784786
Sioux,0-4,male,-10.218820317287928
Slope,0-4,male,-1.2655983538705382
Stark,0-4,male,-80.0620503986597
Steele,0-4,male,-3.0187472952346526
Stutsman,0-4,male,-33.93081927496945
Towner,0-4,male,-3.3971364258986316
Traill,0-4,male,-13.500394723265321
Walsh,0-4,male,-18.83917920269473
Ward,0-4,male,-171.15060156847352
Wells,0-4,male,-5.4984764845674885
Williams,0-4,male,-121.88093085341512
Adams,5-9,male,-2.4192622875
Barnes,5-9,male,-9.2011287
Benson,5-9,male,-11.6203909875
Billings,5-9,male,-1.189801125
Bottineau,5-9,male,-7.535407125000001
Bowman,5-9,male,-3.6090634125000003
Burke,5-9,male,-3.2917831124999997
Burleigh,5-9,male,-126.7931398875
Cass,5-9,male,-247.31999385
Cavalier,5-9,male,-5.4730851750000005
Dickey,5-9,male,-6.1473058125
Divide,5-9,male,-3.5694033750000003
Dunn,5-9,male,-6.345606
Eddy,5-9,male,-2.9348427750000003
Emmons,5-9,male,-3.093482925
Foster,5-9,male,-3.7677035625000004
Golden Valley,5-9,male,-2.2209621000000004
Grand Forks,5-9,male,-96.01695078750001
Grant,5-9,male,-2.06232195
Griggs,5-9,male,-1.824361725
Hettinger,5-9,male,-3.64872345
Kidder,5-9,male,-3.252123075
LaMoure,5-9,male,-5.1954649125
Logan,5-9,male,-2.1019819875
McHenry,5-9,male,-7.4957470875
McIntosh,5-9,male,-2.6572225125
McKenzie,5-9,male,-27.087805612500002
McLean,5-9,male,-9.9546694125
Mercer,5-9,male,-9.716709187500001
Morton,5-9,male,-47.036804475
Mountrail,5-9,male,-16.458915562500003
Nelson,5-9,male,-2.458922325
Oliver,5-9,male,-2.8555227000000003
Pembina,5-9,male,-8.5269080625
Pierce,5-9,male,-4.2436240125
Ramsey,5-9,male,-15.4277545875
Ransom,5-9,male,-7.77336735
Renville,5-9,male,-2.8158626625
Richland,5-9,male,-19.9489988625
Rolette,5-9,male,-20.46457935
Sargent,5-9,male,-3.7677035625000004
Sheridan,5-9,male,-1.2294611625
Sioux,5-9,male,-6.345606
Slope,5-9,male,-0.5552405250000001
Stark,5-9,male,-54.73085175
Steele,5-9,male,-2.0226619125
Stutsman,5-9,male,-22.2492810375
Towner,5-9,male,-2.3399422125
Traill,5-9,male,-9.8356893
Walsh,5-9,male,-13.087812375
Ward,5-9,male,-103.27473765
Wells,5-9,male,-3.8073636
Williams,5-9,male,-73.4900494875
Adams,10-14,male,-2.198721902998705
Barnes,10-14,male,-13.19233141799223
Benson,10-14,male,-10.034167230048636
Billings,10-14,male,-1.3991866655446306
Bottineau,10-14,male,-7.315747422704781
Bowman,10-14,male,-3.9177226635249656
Burke,10-14,male,-2.7583965692165573
Burleigh,10-14,male,-132.36305856052203
Cass,10-14,male,-247.05638837330906
Cavalier,10-14,male,-4.357467044124706
Dickey,10-14,male,-7.075886851468559
Divide,10-14,male,-1.9988380936351866
Dunn,10-14,male,-5.356886090942299
Eddy,10-14,male,-2.8783268548346683
Emmons,10-14,male,-2.918303616707372
Foster,10-14,male,-4.07762971101578
Golden Valley,10-14,male,-2.8783268548346683
Grand Forks,10-14,male,-89.46799307111094
Grant,10-14,male,-2.6784430454711496
Griggs,10-14,male,-3.158164187943594
Hettinger,10-14,male,-3.158164187943594
Kidder,10-14,male,-3.238117711689002
LaMoure,10-14,male,-5.436839614687707
Logan,10-14,male,-2.8783268548346683
McHenry,10-14,male,-7.155840375213967
McIntosh,10-14,male,-2.8383500929619645
McKenzie,10-14,male,-25.94491845538472
McLean,10-14,male,-12.552703228028971
Mercer,10-14,male,-11.673214466829489
Morton,10-14,male,-44.014414821846806
Mountrail,10-14,male,-14.671471607282268
Nelson,10-14,male,-4.07762971101578
Oliver,10-14,male,-2.198721902998705
Pembina,10-14,male,-8.874841135740228
Pierce,10-14,male,-5.077048757833373
Ramsey,10-14,male,-16.39047236780853
Ransom,10-14,male,-7.7554918033045235
Renville,10-14,male,-3.038233902325483
Richland,10-14,male,-22.107149315605163
Rolette,10-14,male,-26.144802264748236
Sargent,10-14,male,-5.03707199596067
Sheridan,10-14,male,-1.9188845698897792
Sioux,10-14,male,-7.355724184577485
Slope,10-14,male,-1.039395808690297
Stark,10-14,male,-53.568860909422995
Steele,10-14,male,-2.5984895217257424
Stutsman,10-14,male,-23.866126838004124
Towner,10-14,male,-3.4779782829252244
Traill,10-14,male,-11.593260943084081
Walsh,10-14,male,-14.111796941064416
Ward,10-14,male,-101.8208124897764
Wells,10-14,male,-5.077048757833373
Williams,10-14,male,-68.20035575483256
Adams,15-19,male,-2.197106268169999
Barnes,15-19,male,-11.904321234811993
Benson,15-19,male,-12.383689875139993
Billings,15-19,male,-1.0785794407379994
Bottineau,15-19,male,-8.908267232761995
Bowman,15-19,male,-4.554002083115997
Burke,15-19,male,-3.795001735929998
Burleigh,15-19,male,-131.66658654342393
Cass,15-19,male,-232.61363271916187
Cavalier,15-19,male,-4.154528216175997
Dickey,15-19,male,-7.869635178717995
Divide,15-19,male,-2.4767379750279988
Dunn,15-19,male,-6.032055390793996
Eddy,15-19,male,-3.635212189153998
Emmons,15-19,male,-4.673844243197998
Foster,15-19,male,-4.593949469809997
Golden Valley,15-19,male,-2.716422295191998
Grand Forks,15-19,male,-83.25035387029595
Grant,15-19,male,-2.3968432016399985
Griggs,15-19,male,-2.916159228661998
Hettinger,15-19,male,-2.7563696818859986
Kidder,15-19,male,-2.7963170685799983
LaMoure,15-19,male,-5.113265496831997
Logan,15-19,male,-2.7563696818859986
McHenry,15-19,male,-6.8709505113679965
McIntosh,15-19,male,-3.3555804822959985
McKenzie,15-19,male,-24.168168949869987
McLean,15-19,male,-12.623374195303994
Mercer,15-19,male,-11.185268274319993
Morton,15-19,male,-43.42280933637798
Mountrail,15-19,male,-15.89905990421199
Nelson,15-19,male,-2.2370536548639985
Oliver,15-19,male,-2.7563696818859986
Pembina,15-19,male,-9.747162353335995
Pierce,15-19,male,-5.432844590383996
Ramsey,15-19,male,-15.539533423965992
Ransom,15-19,male,-8.428898592433994
Renville,15-19,male,-3.1558435488259984
Richland,15-19,male,-21.411799267983987
Rolette,15-19,male,-24.927169297055986
Sargent,15-19,male,-5.313002430301997
Sheridan,15-19,male,-1.1984216008199993
Sioux,15-19,male,-8.988162006149995
Slope,15-19,male,-0.9187898939619994
Stark,15-19,male,-45.97944208479397
Steele,15-19,male,-1.877527174617999
Stutsman,15-19,male,-24.847274523667984
Towner,15-19,male,-3.0759487754379986
Traill,15-19,male,-10.506162700521994
Walsh,15-19,male,-14.421006596533992
Ward,15-19,male,-92.63798974338596
Wells,15-19,male,-5.033370723443997
Williams,15-19,male,-56.36576262523397
Adams,20-24,male,-2.595259867226044
Barnes,20-24,male,-16.410027775844675
Benson,20-24,male,-11.25943511627299
Billings,20-24,male,-0.8384685724884142
Bottineau,20-24,male,-8.26490450024294
Bowman,20-24,male,-3.4337284397144576
Burke,20-24,male,-3.234093065312454
Burleigh,20-24,male,-131.2802222067574
Cass,20-24,male,-239.32288683312163
Cavalier,20-24,male,-4.072561637800868
Dickey,20-24,male,-6.5081132055053095
Divide,20-24,male,-2.9146764662692495
Dunn,20-24,male,-4.791248985648081
Eddy,20-24,male,-2.7549681667476467
Emmons,20-24,male,-3.8329991885184644
Foster,20-24,male,-3.7930721136380643
Golden Valley,20-24,male,-3.1143118406712524
Grand Forks,20-24,male,-124.3329111775677
Grant,20-24,male,-1.7967183696180302
Griggs,20-24,male,-2.1560620435416364
Hettinger,20-24,male,-2.635186942106444
Kidder,20-24,male,-2.5154057174652427
LaMoure,20-24,male,-4.5916136112460775
Logan,20-24,male,-2.2359161933024376
McHenry,20-24,male,-6.268550756222906
McIntosh,20-24,male,-2.5154057174652427
McKenzie,20-24,male,-18.725798118907914
McLean,20-24,male,-11.738560014837796
Mercer,20-24,male,-10.900091442349384
Morton,20-24,male,-38.849043858629855
Mountrail,20-24,male,-12.856518111489018
Nelson,20-24,male,-3.234093065312454
Oliver,20-24,male,-2.036280818900434
Pembina,20-24,male,-7.626071302156529
Pierce,20-24,male,-4.192342862442071
Ramsey,20-24,male,-13.934549133259834
Ransom,20-24,male,-8.185050350482138
Renville,20-24,male,-2.435551567704441
Richland,20-24,male,-33.099545075852156
Rolette,20-24,male,-20.482589413645545
Sargent,20-24,male,-4.032634562920468
Sheridan,20-24,male,-1.0780310217708182
Sioux,20-24,male,-7.9854149760801345
Slope,20-24,male,-0.7985414976080135
Stark,20-24,male,-42.322699373224715
Steele,20-24,male,-2.195989118422037
Stutsman,20-24,male,-29.985233235180903
Towner,20-24,male,-1.836645444498431
Traill,20-24,male,-11.858341239479001
Walsh,20-24,male,-11.658705865076998
Ward,20-24,male,-90.03555385530352
Wells,20-24,male,-3.7132179638772627
Williams,20-24,male,-48.391614755045616
Adams,25-29,male,-1.313316972456231
Barnes,25-29,male,-17.471095482069256
Benson,25-29,male,-5.4920527939078765
Billings,25-29,male,-0.8755446483041541
Bottineau,25-29,male,-5.969622602073778
Bowman,25-29,male,-1.8704817486497838
Burke,25-29,male,-1.9102792326636089
Burleigh,25-29,male,-128.82445575275213
Cass,25-29,male,-378.6730603915467
Cavalier,25-29,male,-3.462381109202791
Dickey,25-29,male,-6.168610022142904
Divide,25-29,male,-1.3531144564700563
Dunn,25-29,male,-3.9001534333548684
Eddy,25-29,male,-2.0694691687189097
Emmons,25-29,male,-2.3480515568156863
Foster,25-29,male,-2.626633944912462
Golden Valley,25-29,male,-1.6316968445668325
Grand Forks,25-29,male,-207.74286655216747
Grant,25-29,male,-1.5918993605530074
Griggs,25-29,male,-2.14906413674656
Hettinger,25-29,male,-1.313316972456231
Kidder,25-29,male,-2.4674440088571616
LaMoure,25-29,male,-3.2235962051198404
Logan,25-29,male,-1.9898742006912593
McHenry,25-29,male,-4.258330789479295
McIntosh,25-29,male,-2.109266652732735
McKenzie,25-29,male,-19.93853949092642
McLean,25-29,male,-6.327799958198205
Mercer,25-29,male,-6.407394926225855
Morton,25-29,male,-40.67302866212934
Mountrail,25-29,male,-11.66066281605078
Nelson,25-29,male,-2.2286591047742106
Oliver,25-29,male,-1.6316968445668325
Pembina,25-29,male,-5.332862857852575
Pierce,25-29,male,-3.581773561244267
Ramsey,25-29,male,-13.610739532728214
Ransom,25-29,male,-5.213470405811099
Renville,25-29,male,-1.3929119404838814
Richland,25-29,male,-23.87849040829511
Rolette,25-29,male,-11.620865332036955
Sargent,25-29,male,-4.497115693562247
Sheridan,25-29,male,-0.7959496802765037
Sioux,25-29,male,-4.337925757506945
Slope,25-29,male,-0.4775698081659022
Stark,25-29,male,-47.955968236659345
Steele,25-29,male,-1.1541270364009304
Stutsman,25-29,male,-33.31049411957168
Towner,25-29,male,-1.0347345843594549
Traill,25-29,male,-11.700460300064606
Walsh,25-29,male,-10.426940811622199
Ward,25-29,male,-142.15661289738358
Wells,25-29,male,-2.8654188489954135
Williams,25-29,male,-63.63617693810647
Adams,30-34,male,-1.3897229973521912
Barnes,30-34,male,-11.673673177758406
Benson,30-34,male,-6.6309640159375975
Billings,30-34,male,-1.3103102546463514
Bottineau,30-34,male,-6.511844901878838
Bowman,30-34,male,-3.255922450939419
Burke,30-34,male,-2.739739623351462
Burleigh,30-34,male,-134.44577340098627
Cass,30-34,male,-324.24222846794265
Cavalier,30-34,male,-3.454454307704018
Dickey,30-34,male,-4.64564544829161
Divide,30-34,male,-2.183850424410586
Dunn,30-34,male,-4.963296419114968
Eddy,30-34,male,-3.0573905941748207
Emmons,30-34,male,-3.0176842228219005
Foster,30-34,male,-4.010343506644894
Golden Valley,30-34,male,-1.7470803395284689
Grand Forks,30-34,male,-131.70603377763481
Grant,30-34,male,-1.9853185676459872
Griggs,30-34,male,-2.620620509292703
Hettinger,30-34,male,-2.501501395233944
Kidder,30-34,male,-2.620620509292703
LaMoure,30-34,male,-3.652986164468617
Logan,30-34,male,-1.3500166259992714
McHenry,30-34,male,-4.486819962879931
McIntosh,30-34,male,-2.501501395233944
McKenzie,30-34,male,-31.884216196394554
McLean,30-34,male,-8.338337984113148
Mercer,30-34,male,-7.226559586231393
Morton,30-34,male,-45.02702511421099
Mountrail,30-34,male,-15.723723055756219
Nelson,30-34,male,-3.09709696552774
Oliver,30-34,male,-1.1514847692346726
Pembina,30-34,male,-6.39272578782008
Pierce,30-34,male,-4.010343506644894
Ramsey,30-34,male,-12.944277061051837
Ransom,30-34,male,-6.789789501349277
Renville,30-34,male,-2.5412077665868638
Richland,30-34,male,-18.7017009072252
Rolette,30-34,male,-12.864864318345997
Sargent,30-34,male,-5.042709161820808
Sheridan,30-34,male,-1.3103102546463514
Sioux,30-34,male,-5.241241018585406
Slope,30-34,male,-0.6353019416467159
Stark,30-34,male,-56.06539635032268
Steele,30-34,male,-1.667667596822629
Stutsman,30-34,male,-28.350349145984698
Towner,30-34,male,-1.7867867108813886
Traill,30-34,male,-9.807473724171178
Walsh,30-34,male,-11.11778397881753
Ward,30-34,male,-135.00166259992713
Wells,30-34,male,-3.13680333688066
Williams,30-34,male,-88.74373997377563
Adams,35-39,male,-2.6920612754245252
Barnes,35-39,male,-10.768245101698101
Benson,35-39,male,-6.4530292337382
Billings,35-39,male,-1.4252089105188663
Bottineau,35-39,male,-7.2448119618042375
Bowman,35-39,male,-3.483844003490562
Burke,35-39,male,-1.93986768376179
Burleigh,35-39,male,-142.91678241591964
Cass,35-39,male,-312.160340540035
Cavalier,35-39,male,-4.829874641202824
Dickey,35-39,male,-5.859192187688673
Divide,35-39,male,-3.087952639457544
Dunn,35-39,male,-6.215494415318389
Eddy,35-39,male,-3.2858983214740527
Emmons,35-39,male,-3.1275417758608457
Foster,35-39,male,-4.473572413573108
Golden Valley,35-39,male,-1.266852364905659
Grand Forks,35-39,male,-115.63986743404466
Grant,35-39,male,-1.4252089105188663
Griggs,35-39,male,-2.216991638584903
Hettinger,35-39,male,-2.8504178210377327
Kidder,35-39,male,-3.0087743666509397
LaMoure,35-39,male,-4.275626731556598
Logan,35-39,male,-1.741922001745281
McHenry,35-39,male,-5.463300823655654
McIntosh,35-39,male,-2.494115593408016
McKenzie,35-39,male,-31.03788294018864
McLean,35-39,male,-11.322493011344328
Mercer,35-39,male,-10.570299419681591
Morton,35-39,male,-47.70490936597872
Mountrail,35-39,male,-14.21249996878536
Nelson,35-39,male,-3.1275417758608457
Oliver,35-39,male,-2.216991638584903
Pembina,35-39,male,-7.75947073504716
Pierce,35-39,male,-4.829874641202824
Ramsey,35-39,male,-14.925104424044793
Ransom,35-39,male,-6.571796642948105
Renville,35-39,male,-2.969185230247638
Richland,35-39,male,-19.002785473584883
Rolette,35-39,male,-11.837151784587249
Sargent,35-39,male,-5.225766005235843
Sheridan,35-39,male,-1.1480849556957533
Sioux,35-39,male,-5.3841225508490504
Slope,35-39,male,-0.3958913640330184
Stark,35-39,male,-61.04644833389144
Steele,35-39,male,-1.543976319728772
Stutsman,35-39,male,-30.91911553097874
Towner,35-39,male,-2.2565807749882048
Traill,35-39,male,-8.630431735919801
Walsh,35-39,male,-12.312221421426873
Ward,35-39,male,-115.87740225246449
Wells,35-39,male,-4.315215867959901
Williams,35-39,male,-91.13419200040083
Adams,40-44,male,-2.133111187493832
Barnes,40-44,male,-12.127132121492712
Benson,40-44,male,-6.991864447896449
Billings,40-44,male,-0.9085473576362618
Bottineau,40-44,male,-6.557341798592151
Bowman,40-44,male,-3.950205902766356
Burke,40-44,male,-3.041658545130094
Burleigh,40-44,male,-148.01421517665537
Cass,40-44,male,-293.26328622137424
Cavalier,40-44,male,-3.831699725683365
Dickey,40-44,male,-5.490786204845234
Divide,40-44,male,-2.607135895825795
Dunn,40-44,male,-5.688296499983552
Eddy,40-44,male,-2.567633836798131
Emmons,40-44,male,-2.646637954853458
Foster,40-44,male,-3.55518531248972
Golden Valley,40-44,male,-2.251617364576823
Grand Forks,40-44,male,-96.42452608652675
Grant,40-44,male,-2.4886297187428044
Griggs,40-44,male,-2.33062148263215
Hettinger,40-44,male,-3.1601647222130844
Kidder,40-44,male,-2.7256420729087854
LaMoure,40-44,male,-4.305724434015328
Logan,40-44,male,-1.9356008923555144
McHenry,40-44,male,-7.031366506924114
McIntosh,40-44,male,-2.4886297187428044
McKenzie,40-44,male,-24.807293069372715
McLean,40-44,male,-12.048128003437384
Mercer,40-44,male,-10.389041524275514
Morton,40-44,male,-48.86404701721982
Mountrail,40-44,male,-15.08978654856748
Nelson,40-44,male,-3.199666781240748
Oliver,40-44,male,-2.4491276597151406
Pembina,40-44,male,-8.927465340251965
Pierce,40-44,male,-4.503234729153646
Ramsey,40-44,male,-14.53675772218019
Ransom,40-44,male,-6.320329444426169
Renville,40-44,male,-3.2391688402684116
Richland,40-44,male,-19.039992451333834
Rolette,40-44,male,-13.983728895792899
Sargent,40-44,male,-4.305724434015328
Sheridan,40-44,male,-1.2245638298575703
Sioux,40-44,male,-5.609292381928225
Slope,40-44,male,-1.1455597118022431
Stark,40-44,male,-54.71035175331403
Steele,40-44,male,-2.5281317777704677
Stutsman,40-44,male,-27.33542484714318
Towner,40-44,male,-2.607135895825795
Traill,40-44,male,-8.21642827775402
Walsh,40-44,male,-12.443148593714021
Ward,40-44,male,-106.73456349274693
Wells,40-44,male,-3.397177076379066
Williams,40-44,male,-71.30121654493273
Adams,45-49,male,-1.9324979537530782
Barnes,45-49,male,-10.963967982517463
Benson,45-49,male,-6.704584737510679
Billings,45-49,male,-1.2620394800020103
Bottineau,45-49,male,-6.901778406260994
Bowman,45-49,male,-3.5889247712557166
Burke,45-49,male,-2.4846402262539575
Burleigh,45-49,male,-127.07160014270241
Cass,45-49,male,-238.56490045413
Cavalier,45-49,male,-3.2339761675051513
Dickey,45-49,male,-5.560861458758858
Divide,45-49,male,-2.8395888300045233
Dunn,45-49,male,-5.008719186257978
Eddy,45-49,male,-2.2480078237535808
Emmons,45-49,male,-2.9579050312547115
Foster,45-49,male,-3.2734149012552143
Golden Valley,45-49,male,-2.3268852912537064
Grand Forks,45-49,male,-75.8406850013708
Grant,45-49,male,-2.3663240250037694
Griggs,45-49,male,-2.011375421253204
Hettinger,45-49,male,-1.8141817525028898
Kidder,45-49,male,-2.090252888753329
LaMoure,45-49,male,-3.8649959075061564
Logan,45-49,male,-1.6564268175026384
McHenry,45-49,male,-7.848308016262502
McIntosh,45-49,male,-1.774743018752827
McKenzie,45-49,male,-18.733398531279843
McLean,45-49,male,-10.609019378766899
Mercer,45-49,male,-10.293509508766396
Morton,45-49,male,-40.70077323006483
Mountrail,45-49,male,-12.383762397519725
Nelson,45-49,male,-2.7607113625043973
Oliver,45-49,male,-2.2085690900035178
Pembina,45-49,male,-7.532798146261999
Pierce,45-49,male,-4.4171381800070355
Ramsey,45-49,male,-11.91049759251897
Ransom,45-49,male,-6.4679523350103025
Renville,45-49,male,-1.8141817525028898
Richland,45-49,male,-18.733398531279843
Rolette,45-49,male,-11.831620125018846
Sargent,45-49,male,-5.60030019250892
Sheridan,45-49,male,-1.577549350002513
Sioux,45-49,male,-4.33826071250691
Slope,45-49,male,-1.064845811251696
Stark,45-49,male,-40.81908943131502
Steele,45-49,male,-1.971936687503141
Stutsman,45-49,male,-27.094410086293156
Towner,45-49,male,-1.6564268175026384
Traill,45-49,male,-7.729991815012313
Walsh,45-49,male,-11.003406716267527
Ward,45-49,male,-78.68027383137533
Wells,45-49,male,-2.9579050312547115
Williams,45-49,male,-54.70152371133713
Adams,50-54,male,-1.804676283391625
Barnes,50-54,male,-11.730395842045564
Benson,50-54,male,-5.257100477706039
Billings,50-54,male,-0.8631060485786033
Bottineau,50-54,male,-6.7479200161599895
Bowman,50-54,male,-2.746246518204647
Burke,50-54,male,-2.785478611321856
Burleigh,50-54,male,-108.94752258649007
Cass,50-54,male,-199.69135396659505
Cavalier,50-54,male,-3.9624414048381333
Dickey,50-54,male,-5.17863629147162
Divide,50-54,male,-2.3539255870325544
Dunn,50-54,male,-5.100172105237201
Eddy,50-54,male,-2.1969972145637175
Emmons,50-54,male,-3.0208711700251114
Foster,50-54,male,-3.7662809392520873
Golden Valley,50-54,male,-1.5300516315711605
Grand Forks,50-54,male,-67.28303969601384
Grant,50-54,male,-2.4716218663841825
Griggs,50-54,male,-2.1577651214465083
Hettinger,50-54,male,-1.961604655860462
Kidder,50-54,male,-2.4716218663841825
LaMoure,50-54,male,-3.8447451254865057
Logan,50-54,male,-1.9223725627432529
McHenry,50-54,male,-5.531725129526503
McIntosh,50-54,male,-1.9223725627432529
McKenzie,50-54,male,-17.262120971572067
McLean,50-54,male,-10.671129327880912
Mercer,50-54,male,-8.78798885825487
Morton,50-54,male,-37.07432799576274
Mountrail,50-54,male,-10.90652188658417
Nelson,50-54,male,-2.58931814573581
Oliver,50-54,male,-2.07930093521209
Pembina,50-54,male,-6.669455829925571
Pierce,50-54,male,-4.393994429127435
Ramsey,50-54,male,-10.671129327880912
Ransom,50-54,male,-6.630223736808362
Renville,50-54,male,-2.667782331970228
Richland,50-54,male,-15.614373060649278
Rolette,50-54,male,-12.358109331920913
Sargent,50-54,male,-4.707851174065109
Sheridan,50-54,male,-1.2161948866334864
Sioux,50-54,male,-3.687816753017669
Slope,50-54,male,-0.5100172105237202
Stark,50-54,male,-35.93659729536366
Steele,50-54,male,-2.3539255870325544
Stutsman,50-54,male,-22.009204238754382
Towner,50-54,male,-1.4515874453367419
Traill,50-54,male,-9.141077696309754
Walsh,50-54,male,-11.612699562693935
Ward,50-54,male,-69.63696528304641
Wells,50-54,male,-3.2954958218455763
Williams,50-54,male,-48.8047238378083
Adams,55-59,male,-2.5027561684725357
Barnes,55-59,male,-12.161830756171227
Benson,55-59,male,-5.904940334989889
Billings,55-59,male,-1.173166953971501
Bottineau,55-59,male,-6.687051637637556
Bowman,55-59,male,-2.8938118197963694
Burke,55-59,male,-2.776495124399219
Burleigh,55-59,male,-107.30567072325995
Cass,55-59,male,-188.17597941702877
Cavalier,55-59,male,-3.9887676435031034
Dickey,55-59,male,-5.592095813930822
Divide,55-59,male,-2.033489386883935
Dunn,55-59,male,-4.888195641547921
Eddy,55-59,male,-2.2681227776782356
Emmons,55-59,male,-3.284867471120203
Foster,55-59,male,-3.793239817841187
Golden Valley,55-59,male,-1.5642226052953347
Grand Forks,55-59,male,-66.12751063886027
Grant,55-59,male,-2.1508060822810853
Griggs,55-59,male,-2.8938118197963694
Hettinger,55-59,male,-2.5809672987373022
Kidder,55-59,male,-3.206656340855436
LaMoure,55-59,male,-4.575351120488854
Logan,55-59,male,-2.307228342810619
McHenry,55-59,male,-6.60884050737279
McIntosh,55-59,male,-2.6982839941344525
McKenzie,55-59,male,-16.189703964806714
McLean,55-59,male,-10.910452671934959
Mercer,55-59,male,-9.541757892301543
Morton,55-59,male,-36.17264774745462
Mountrail,55-59,male,-11.066874932464493
Nelson,55-59,male,-2.9329173849287526
Oliver,55-59,male,-2.1899116474134686
Pembina,55-59,male,-7.117212854093773
Pierce,55-59,male,-4.340717729694553
Ramsey,55-59,male,-11.770775104847393
Ransom,55-59,male,-6.921685028431856
Renville,55-59,male,-3.0893396454582858
Richland,55-59,male,-17.6366098747049
Rolette,55-59,male,-12.083619625906461
Sargent,55-59,male,-4.888195641547921
Sheridan,55-59,male,-2.2681227776782356
Sioux,55-59,male,-3.9887676435031034
Slope,55-59,male,-0.6256890421181339
Stark,55-59,male,-35.546958705336486
Steele,55-59,male,-2.307228342810619
Stutsman,55-59,male,-25.65325072684349
Towner,55-59,male,-3.1284452105906695
Traill,55-59,male,-8.290379808065275
Walsh,55-59,male,-12.748414233156979
Ward,55-59,male,-65.42361046647737
Wells,55-59,male,-5.357462423136521
Williams,55-59,male,-46.02725016081523
Adams,60-64,male,-3.4745667789528567
Barnes,60-64,male,-14.824818256865521
Benson,60-64,male,-5.906763524219856
Billings,60-64,male,-1.5056456042129045
Bottineau,60-64,male,-9.690180683524078
Bowman,60-64,male,-4.130873837199507
Burke,60-64,male,-3.8220234568481426
Burleigh,60-64,male,-114.81512889561995
Cass,60-64,male,-192.7612436367957
Cavalier,60-64,male,-5.52070054878065
Dickey,60-64,male,-6.177007607027301
Divide,60-64,male,-3.937842349479904
Dunn,60-64,male,-5.906763524219856
Eddy,60-64,male,-3.320141588777174
Emmons,60-64,male,-6.7561020701861105
Foster,60-64,male,-5.597913143868491
Golden Valley,60-64,male,-2.161952662459555
Grand Forks,60-64,male,-75.2436739131013
Grant,60-64,male,-3.7834171593042214
Griggs,60-64,male,-2.818259720706206
Hettinger,60-64,male,-3.976448647023825
Kidder,60-64,male,-3.320141588777174
LaMoure,60-64,male,-6.6016768800104275
Logan,60-64,male,-2.895472315794047
McHenry,60-64,male,-7.91429099650373
McIntosh,60-64,male,-3.435960481408936
McKenzie,60-64,male,-17.063983514412918
McLean,60-64,male,-12.585652999318125
Mercer,60-64,male,-13.357778950196536
Morton,60-64,male,-42.93020286883974
Mountrail,60-64,male,-12.431227809142442
Nelson,60-64,male,-4.362511622463031
Oliver,60-64,male,-3.2043226961454123
Pembina,60-64,male,-10.771157014753856
Pierce,60-64,male,-6.408645392290825
Ramsey,60-64,male,-16.755133134061552
Ransom,60-64,male,-8.840842137557825
Renville,60-64,male,-3.976448647023825
Richland,60-64,male,-22.198621087754365
Rolette,60-64,male,-15.172274934760807
Sargent,60-64,male,-6.6016768800104275
Sheridan,60-64,male,-1.8531022821081902
Sioux,60-64,male,-4.748574597902238
Slope,60-64,male,-0.6563070582466507
Stark,60-64,male,-40.18915574322138
Steele,60-64,male,-2.818259720706206
Stutsman,60-64,male,-29.919880596538487
Towner,60-64,male,-4.594149407726555
Traill,60-64,male,-12.31540891651068
Walsh,60-64,male,-16.52349534879803
Ward,60-64,male,-75.43670540082091
Wells,60-64,male,-6.79470836773003
Williams,60-64,male,-48.798360095515676
Adams,65-69,male,-3.7704431137591103
Barnes,65-69,male,-17.938168753338797
Benson,65-69,male,-8.454933042974975
Billings,65-69,male,-1.5995819270493195
Bottineau,65-69,male,-10.473453093775307
Bowman,65-69,male,-5.217683904898971
Burke,65-69,male,-3.8085283977364752
Burleigh,65-69,male,-116.73139539062296
Cass,65-69,male,-174.31634476439845
Cavalier,65-69,male,-6.16981600433309
Dickey,65-69,male,-7.502800943540856
Divide,65-69,male,-3.732357829781746
Dunn,65-69,male,-6.322157140242549
Eddy,65-69,male,-4.037040101600664
Emmons,65-69,male,-6.474498276152008
Foster,65-69,male,-6.245986572287819
Golden Valley,65-69,male,-2.1327759027324262
Grand Forks,65-69,male,-75.78971511495587
Grant,65-69,male,-3.732357829781746
Griggs,65-69,male,-3.199163854098639
Hettinger,65-69,male,-3.8466136817138397
Kidder,65-69,male,-3.960869533645934
LaMoure,65-69,male,-6.588754128084103
Logan,65-69,male,-3.3515049900080984
McHenry,65-69,male,-8.835785882748622
McIntosh,65-69,male,-5.4081103247857945
McKenzie,65-69,male,-14.815175467194889
McLean,65-69,male,-17.252633641746232
Mercer,65-69,male,-15.995819270493197
Morton,65-69,male,-44.140844129765746
Mountrail,65-69,male,-12.377717292643545
Nelson,65-69,male,-5.788963164559442
Oliver,65-69,male,-3.1610785701212745
Pembina,65-69,male,-12.111120304801991
Pierce,65-69,male,-5.941304300468902
Ramsey,65-69,male,-16.947951369927313
Ransom,65-69,male,-7.121948103767209
Renville,65-69,male,-4.151295953532758
Richland,65-69,male,-26.355016512336412
Rolette,65-69,male,-14.739004899240157
Sargent,65-69,male,-5.7127925966047135
Sheridan,65-69,male,-2.3612876065966146
Sioux,65-69,male,-3.275334422053369
Slope,65-69,male,-1.9423494828456023
Stark,65-69,male,-39.380183632595156
Steele,65-69,male,-3.3515049900080984
Stutsman,65-69,male,-33.24845291223943
Towner,65-69,male,-4.379807657396947
Traill,65-69,male,-10.816220649571589
Walsh,65-69,male,-16.871780801972587
Ward,65-69,male,-69.61989911062277
Wells,65-69,male,-7.1981186717219385
Williams,65-69,male,-44.597867537494125
Adams,70-74,male,-3.771325481000789
Barnes,70-74,male,-14.4505243677951
Benson,70-74,male,-6.609154555813263
Billings,70-74,male,-1.45625439365377
Bottineau,70-74,male,-9.671022768110934
Bowman,70-74,male,-4.66748203094157
Burke,70-74,male,-2.837829074812475
Burleigh,70-74,male,-94.65653558749506
Cass,70-74,male,-150.25558154007103
Cavalier,70-74,male,-5.526298724634819
Dickey,70-74,male,-6.0863965683478085
Divide,70-74,male,-3.099208068545203
Dunn,70-74,male,-5.227579874654559
Eddy,70-74,male,-3.659305912258191
Emmons,70-74,male,-5.899697287110144
Foster,70-74,male,-4.144724043476115
Golden Valley,70-74,male,-3.2859073497828657
Grand Forks,70-74,male,-61.08800482096327
Grant,70-74,male,-4.21940375597118
Griggs,70-74,male,-4.854181312179233
Hettinger,70-74,male,-3.9206849059909197
Kidder,70-74,male,-4.406103037208843
LaMoure,70-74,male,-6.795853837050927
Logan,70-74,male,-2.165711662356889
McHenry,70-74,male,-7.467971249506514
McIntosh,70-74,male,-4.36876318096131
McKenzie,70-74,male,-10.567179318051714
McLean,70-74,male,-16.653575886399523
Mercer,70-74,male,-11.687375005477692
Morton,70-74,male,-34.95010544769048
Mountrail,70-74,male,-10.231120611823924
Nelson,70-74,male,-4.966200880921831
Oliver,70-74,male,-3.248567493535333
Pembina,70-74,male,-11.388656155497431
Pierce,70-74,male,-5.600978437129885
Ramsey,70-74,male,-13.965106236577178
Ransom,70-74,male,-8.662846649427555
Renville,70-74,male,-3.621966056010659
Richland,70-74,male,-20.462241223647847
Rolette,70-74,male,-10.567179318051714
Sargent,70-74,male,-6.758513980803395
Sheridan,70-74,male,-2.2403913748519537
Sioux,70-74,male,-2.3524109435945517
Slope,70-74,male,-1.45625439365377
Stark,70-74,male,-27.519474054431498
Steele,70-74,male,-3.024528356050138
Stutsman,70-74,male,-26.47395807950059
Towner,70-74,male,-3.547286343515594
Traill,70-74,male,-10.567179318051714
Walsh,70-74,male,-14.151805517814841
Ward,70-74,male,-58.100816321160664
Wells,70-74,male,-6.235755993337938
Williams,70-74,male,-28.26627117938215
Adams,75-79,male,-2.8709156571634398
Barnes,75-79,male,-10.622387931504727
Benson,75-79,male,-4.234600594316073
Billings,75-79,male,-0.9689340342926609
Bottineau,75-79,male,-7.8232451657703725
Bowman,75-79,male,-2.3326189714452945
Burke,75-79,male,-2.189073188587123
Burleigh,75-79,male,-68.90197577192255
Cass,75-79,male,-101.12800402358216
Cavalier,75-79,male,-4.808783725748761
Dickey,75-79,male,-4.521692160032417
Divide,75-79,male,-2.7273698743052677
Dunn,75-79,male,-3.1221207771652404
Eddy,75-79,male,-2.7991427657343535
Emmons,75-79,male,-3.8039632457415578
Foster,75-79,male,-2.9426885485925256
Golden Valley,75-79,male,-1.579003611439892
Grand Forks,75-79,male,-43.63791798888428
Grant,75-79,male,-3.3733258971670415
Griggs,75-79,male,-2.6914834285907245
Hettinger,75-79,male,-3.0503478857361546
Kidder,75-79,male,-2.4761647543034666
LaMoure,75-79,male,-4.306373485745159
Logan,75-79,male,-1.4354578285817199
McHenry,75-79,male,-5.7059448686123355
McIntosh,75-79,male,-2.4043918628743803
McKenzie,75-79,male,-5.347080411466906
McLean,75-79,male,-11.591321965797388
Mercer,75-79,male,-7.4284942629104
Morton,75-79,male,-24.761647543034666
Mountrail,75-79,male,-6.064809325757766
Nelson,75-79,male,-4.449919268603331
Oliver,75-79,male,-2.5479376457325524
Pembina,75-79,male,-8.146223177201259
Pierce,75-79,male,-3.8398496914561004
Ramsey,75-79,male,-10.084091245786581
Ransom,75-79,male,-5.63417197718325
Renville,75-79,male,-2.6914834285907245
Richland,75-79,male,-13.78039515438451
Rolette,75-79,male,-8.002677394343088
Sargent,75-79,male,-4.0910548114579015
Sheridan,75-79,male,-1.7584358400126068
Sioux,75-79,male,-1.614890057154435
Slope,75-79,male,-1.148366262865376
Stark,75-79,male,-17.153721051551553
Steele,75-79,male,-2.0096409600144076
Stutsman,75-79,male,-18.266200868702384
Towner,75-79,male,-1.8302087314416926
Traill,75-79,male,-6.71076534861954
Walsh,75-79,male,-10.622387931504727
Ward,75-79,male,-36.85537974883565
Wells,75-79,male,-4.19871414860153
Williams,75-79,male,-15.359398765824402
Adams,80-84,male,-1.8714853619958365
Barnes,80-84,male,-7.653038355304402
Benson,80-84,male,-2.5398729912800637
Billings,80-84,male,-0.5012907219631705
Bottineau,80-84,male,-4.845810312310648
Bowman,80-84,male,-2.5398729912800637
Burke,80-84,male,-1.370194640032666
Burleigh,80-84,male,-42.91048580004739
Cass,80-84,male,-53.5378491056666
Cavalier,80-84,male,-2.7069698986011206
Dickey,80-84,male,-3.2416800020285024
Divide,80-84,male,-1.303355877104243
Dunn,80-84,male,-1.370194640032666
Eddy,80-84,male,-1.5707109288179342
Emmons,80-84,male,-2.305937321030584
Foster,80-84,male,-1.6709690732105682
Golden Valley,80-84,male,-0.9691620624621295
Grand Forks,80-84,male,-23.794599602518492
Grant,80-84,male,-2.406195465423218
Griggs,80-84,male,-2.105421032245316
Hettinger,80-84,male,-1.8714853619958365
Kidder,80-84,male,-1.838065980531625
LaMoure,80-84,male,-2.6401311356726977
Logan,80-84,male,-1.4704527844253
McHenry,80-84,male,-3.776390105455884
McIntosh,80-84,male,-1.8714853619958365
McKenzie,80-84,male,-3.1748412391000795
McLean,80-84,male,-8.12090969580336
Mercer,80-84,male,-4.979487838167493
Morton,80-84,male,-15.005302277430904
Mountrail,80-84,male,-3.742970723991673
Nelson,80-84,male,-2.6401311356726977
Oliver,80-84,male,-0.9691620624621295
Pembina,80-84,male,-5.046326601095916
Pierce,80-84,male,-2.406195465423218
Ramsey,80-84,male,-7.051489488948598
Ransom,80-84,male,-3.3753575278853476
Renville,80-84,male,-1.1696783512473978
Richland,80-84,male,-8.455103510445475
Rolette,80-84,male,-4.545035879132746
Sargent,80-84,male,-2.4396148468874297
Sheridan,80-84,male,-0.9691620624621295
Sioux,80-84,male,-1.203097732711609
Slope,80-84,male,-0.3341938146421136
Stark,80-84,male,-10.727621450011847
Steele,80-84,male,-1.7712272176032022
Stutsman,80-84,male,-9.424265572907604
Towner,80-84,male,-1.370194640032666
Traill,80-84,male,-3.843228868384307
Walsh,80-84,male,-6.784134437234907
Ward,80-84,male,-23.02595382884163
Wells,80-84,male,-3.5424544352064045
Williams,80-84,male,-8.288006603124417
Adams,85+,male,-1.4745389900154826
Barnes,85+,male,-4.445066690488436
Benson,85+,male,-1.768650643527656
Billings,85+,male,-0.9451380136935701
Bottineau,85+,male,-2.62157443871296
Bowman,85+,male,-1.2392496672057436
Burke,85+,male,-1.0039603443960048
Burleigh,85+,male,-23.06233435780902
Cass,85+,male,-30.179836372803624
Cavalier,85+,male,-2.003939966337395
Dickey,85+,male,-2.239229289147134
Divide,85+,male,-1.5333613207179173
Dunn,85+,male,-1.9157064702837427
Eddy,85+,male,-1.268660832556961
Emmons,85+,male,-2.2098181237959165
Foster,85+,male,-1.8274729742300908
Golden Valley,85+,male,-1.327483163259396
Grand Forks,85+,male,-12.827248815585383
Grant,85+,male,-1.8862953049325257
Griggs,85+,male,-1.4451278246642654
Hettinger,85+,male,-1.5039501553667
Kidder,85+,male,-1.680417147474004
LaMoure,85+,male,-2.386285115903221
Logan,85+,male,-1.415716659313048
McHenry,85+,male,-2.2686404544983514
McIntosh,85+,male,-1.9157064702837427
McKenzie,85+,male,-2.1215846277422648
McLean,85+,male,-3.5921428953031325
Mercer,85+,male,-2.9156860922251333
Morton,85+,male,-8.650863335712518
Mountrail,85+,male,-1.768650643527656
Nelson,85+,male,-1.856884139581308
Oliver,85+,male,-0.9745491790447876
Pembina,85+,male,-2.8862749268739156
Pierce,85+,male,-2.1215846277422648
Ramsey,85+,male,-3.9156657141665234
Ransom,85+,male,-2.1215846277422648
Renville,85+,male,-1.1510161711520916
Richland,85+,male,-4.50388902119087
Rolette,85+,male,-3.150975415034872
Sargent,85+,male,-1.768650643527656
Sheridan,85+,male,-0.9451380136935701
Sioux,85+,male,-0.9157268483423527
Slope,85+,male,-0.5627928641277444
Stark,85+,male,-7.85676187122965
Steele,85+,male,-1.4745389900154826
Stutsman,85+,male,-6.650904091829739
Towner,85+,male,-1.415716659313048
Traill,85+,male,-3.327442407142176
Walsh,85+,male,-4.356833194434784
Ward,85+,male,-14.768385728765729
Wells,85+,male,-3.150975415034872
Williams,85+,male,-5.150934658917653
