county_name,age_group,sex,migration_rate
Adams,0-4,male,0.013692630559205348
Barnes,0-4,male,0.06378078807162395
Benson,0-4,male,0.11050123907174392
Billings,0-4,male,0.07433894047441374
Bottineau,0-4,male,0.14661095760433634
Bowman,0-4,male,0.20000363935551393
Burke,0-4,male,0.17096799485509376
Burleigh,0-4,male,0.07302641574154481
Cass,0-4,male,0.039383584158881366
Cavalier,0-4,male,0.23343502537073169
Dickey,0-4,male,0.11894327983995127
Divide,0-4,male,0.25338449724473067
Dunn,0-4,male,0.10279393991377525
Eddy,0-4,male,0.15722787112983577
Emmons,0-4,male,0.30100581108312646
Foster,0-4,male,0.09117162112143698
Golden Valley,0-4,male,0.019250751197553276
Grand Forks,0-4,male,-0.03006918582956416
Grant,0-4,male,0.014227125380605667
Griggs,0-4,male,0.05308933900971357
Hettinger,0-4,male,0.023554819412449243
Kidder,0-4,male,0.14638668182290043
LaMoure,0-4,male,0.12191400217246263
Logan,0-4,male,0.2644198868359316
McHenry,0-4,male,0.1015893286517512
McIntosh,0-4,male,0.13554853980813927
McKenzie,0-4,male,0.4269316543739672
McLean,0-4,male,0.1590637170831831
Mercer,0-4,male,0.10452956215988686
Morton,0-4,male,0.09024516605588823
Mountrail,0-4,male,0.11266935192233767
Nelson,0-4,male,0.15749318370679807
Oliver,0-4,male,0.05709497061619434
Pembina,0-4,male,0.12458270448750802
Pierce,0-4,male,0.2265014866792594
Ramsey,0-4,male,0.09810071807008242
Ransom,0-4,male,0.17335048141389597
Renville,0-4,male,0.08467018771798467
Richland,0-4,male,0.14127872079512094
Rolette,0-4,male,0.12204476286285067
Sargent,0-4,male,0.12272111246322287
Sheridan,0-4,male,0.10401731085809815
Sioux,0-4,male,0.20053314164173566
Slope,0-4,male,0.21824203735054157
Stark,0-4,male,0.06536939381578857
Steele,0-4,male,0.14563348483238142
Stutsman,0-4,male,0.047138680203320286
Towner,0-4,male,0.20242769604285635
Traill,0-4,male,0.08424678240750132
Walsh,0-4,male,0.13302967445373823
Ward,0-4,male,0.02628349032743278
Wells,0-4,male,0.12009244538550998
Williams,0-4,male,0.16300764388138486
Adams,5-9,male,0.058223604861408734
Barnes,5-9,male,0.02477921995930559
Benson,5-9,male,-0.023308003244498617
Billings,5-9,male,-0.015613426090563197
Bottineau,5-9,male,0.06688112731065732
Bowman,5-9,male,0.009893929836578226
Burke,5-9,male,0.13500878666610774
Burleigh,5-9,male,0.0630308994613641
Cass,5-9,male,0.01893433525619507
Cavalier,5-9,male,-0.0022987294147806597
Dickey,5-9,male,0.057785215188634366
Divide,5-9,male,0.2000968908502566
Dunn,5-9,male,0.048029021574083744
Eddy,5-9,male,0.08709716914354686
Emmons,5-9,male,0.016719200564088342
Foster,5-9,male,0.04267828522180077
Golden Valley,5-9,male,-0.0008707093022918531
Grand Forks,5-9,male,-0.04442181825443515
Grant,5-9,male,0.06507383375804096
Griggs,5-9,male,0.10443019123813443
Hettinger,5-9,male,0.22050534216544274
Kidder,5-9,male,0.05250765765120787
LaMoure,5-9,male,0.0717389653071362
Logan,5-9,male,0.021930845742308056
McHenry,5-9,male,0.1442775581564286
McIntosh,5-9,male,-0.027912537137089792
McKenzie,5-9,male,0.26019432461685243
McLean,5-9,male,0.055616718905911404
Mercer,5-9,male,0.15666477383236996
Morton,5-9,male,0.0451526836835211
Mountrail,5-9,male,0.156277116328898
Nelson,5-9,male,0.05497772701408306
Oliver,5-9,male,0.24132864094541717
Pembina,5-9,male,0.006602047205622791
Pierce,5-9,male,0.08293491535088848
Ramsey,5-9,male,0.0039493627173263985
Ransom,5-9,male,0.0721634808005057
Renville,5-9,male,0.07354088016749045
Richland,5-9,male,-0.0004175644254880988
Rolette,5-9,male,0.003042998694275826
Sargent,5-9,male,0.08317815110422576
Sheridan,5-9,male,0.37764398654381637
Sioux,5-9,male,-0.04692998281767057
Slope,5-9,male,0.03207989197254239
Stark,5-9,male,0.1524403241346103
Steele,5-9,male,-0.027167210259057616
Stutsman,5-9,male,0.051770278076412164
Towner,5-9,male,-0.03310324919519489
Traill,5-9,male,0.060863672482916714
Walsh,5-9,male,-0.056727018459565126
Ward,5-9,male,-0.04970950426372362
Wells,5-9,male,0.1022637949050377
Williams,5-9,male,0.2158881326933547
Adams,10-14,male,0.06725470249936052
Barnes,10-14,male,0.04686781098809116
Benson,10-14,male,-0.009788232412156095
Billings,10-14,male,0.10981179856583269
Bottineau,10-14,male,0.08982574814325417
Bowman,10-14,male,0.07221332791889652
Burke,10-14,male,0.06941961490855822
Burleigh,10-14,male,0.05173547307315786
Cass,10-14,male,0.025561887312108948
Cavalier,10-14,male,0.08836150493518496
Dickey,10-14,male,-0.012751987361131608
Divide,10-14,male,0.10427942574213474
Dunn,10-14,male,0.09834915714585127
Eddy,10-14,male,-0.037644532131509804
Emmons,10-14,male,0.0317561827643422
Foster,10-14,male,0.009566141625524965
Golden Valley,10-14,male,0.09015816343847509
Grand Forks,10-14,male,-0.023758233639059965
Grant,10-14,male,0.0643559689481996
Griggs,10-14,male,0.09709092856685488
Hettinger,10-14,male,0.05153956955925523
Kidder,10-14,male,0.002298493323947896
LaMoure,10-14,male,0.0875069019053376
Logan,10-14,male,0.06823539977498438
McHenry,10-14,male,0.06640557662383233
McIntosh,10-14,male,-0.0060754180368627515
McKenzie,10-14,male,0.35107165086855646
McLean,10-14,male,0.0908568368443116
Mercer,10-14,male,0.03044785968765924
Morton,10-14,male,0.051390325113921075
Mountrail,10-14,male,0.109313284491053
Nelson,10-14,male,0.026942205713522696
Oliver,10-14,male,0.03820595809232327
Pembina,10-14,male,0.014230312342106297
Pierce,10-14,male,0.02179912230579968
Ramsey,10-14,male,0.02727650400027699
Ransom,10-14,male,0.061650582440416456
Renville,10-14,male,0.048366824055857426
Richland,10-14,male,0.008273514197893317
Rolette,10-14,male,-0.028174024711443636
Sargent,10-14,male,0.05192980481321561
Sheridan,10-14,male,-0.08604902697229878
Sioux,10-14,male,-0.05065351093770218
Slope,10-14,male,0.07780162870410394
Stark,10-14,male,0.07382436281118666
Steele,10-14,male,0.00992516170901756
Stutsman,10-14,male,0.018185042288492624
Towner,10-14,male,0.10461083968136468
Traill,10-14,male,0.0420737473152919
Walsh,10-14,male,0.06757068844086292
Ward,10-14,male,-0.01647731260552553
Wells,10-14,male,-0.001134399156289987
Williams,10-14,male,0.19113800293705843
Adams,15-19,male,-0.06915826979754595
Barnes,15-19,male,0.1286909154411649
Benson,15-19,male,-0.12691217082211081
Billings,15-19,male,0.017151147798364574
Bottineau,15-19,male,0.1030779863764727
Bowman,15-19,male,-0.09565716125652937
Burke,15-19,male,-0.07030119180225415
Burleigh,15-19,male,0.08702717983817304
Cass,15-19,male,0.23686532375617186
Cavalier,15-19,male,-0.09565677707174709
Dickey,15-19,male,0.05061028130764664
Divide,15-19,male,-0.03426815826668043
Dunn,15-19,male,-0.03863280077046565
Eddy,15-19,male,-0.03658140468730127
Emmons,15-19,male,-0.04984895932266498
Foster,15-19,male,-0.0229201845160734
Golden Valley,15-19,male,0.06654349951638766
Grand Forks,15-19,male,0.41050286374145495
Grant,15-19,male,-0.05581181385898792
Griggs,15-19,male,-0.09013228039171801
Hettinger,15-19,male,0.010011103817057656
Kidder,15-19,male,-0.0530510415296858
LaMoure,15-19,male,-0.0608416349441069
Logan,15-19,male,-0.06339277846218185
McHenry,15-19,male,-0.030939520583525795
McIntosh,15-19,male,-0.05118077903297256
McKenzie,15-19,male,0.10788067389761839
McLean,15-19,male,-0.029663319968431193
Mercer,15-19,male,-0.05575747547001682
Morton,15-19,male,-0.0052955109620869195
Mountrail,15-19,male,0.03504015700977833
Nelson,15-19,male,-0.047117969472415304
Oliver,15-19,male,-0.07471769591354047
Pembina,15-19,male,-0.08803646849995654
Pierce,15-19,male,-0.03346716287656443
Ramsey,15-19,male,0.05000669059964302
Ransom,15-19,male,-0.026655189008909584
Renville,15-19,male,-0.08519101724808953
Richland,15-19,male,0.2814261034387676
Rolette,15-19,male,-0.051730740685402156
Sargent,15-19,male,-0.0944826097919804
Sheridan,15-19,male,-0.11161267340713148
Sioux,15-19,male,0.017729013461032075
Slope,15-19,male,0.03648513272974572
Stark,15-19,male,0.11360669422324184
Steele,15-19,male,-0.05667497222280115
Stutsman,15-19,male,0.06903413824066744
Towner,15-19,male,-0.09741917260087458
Traill,15-19,male,0.1457567056411081
Walsh,15-19,male,0.0014349007678390664
Ward,15-19,male,0.11181893905194767
Wells,15-19,male,-0.03801545259891195
Williams,15-19,male,0.11535626695115439
Adams,20-24,male,-0.23786460701502818
Barnes,20-24,male,-0.03557903412954246
Benson,20-24,male,-0.19251735681491586
Billings,20-24,male,-0.05373039376734563
Bottineau,20-24,male,-0.10665612340211116
Bowman,20-24,male,-0.14739787973001753
Burke,20-24,male,-0.07585646510215648
Burleigh,20-24,male,0.0807620344290171
Cass,20-24,male,0.5472687138097353
Cavalier,20-24,male,-0.19522331253828382
Dickey,20-24,male,-0.04643884615806606
Divide,20-24,male,-0.09692303397274955
Dunn,20-24,male,-0.05344354976515259
Eddy,20-24,male,-0.19462132016070927
Emmons,20-24,male,-0.2506493258691758
Foster,20-24,male,-0.17545433539784275
Golden Valley,20-24,male,-0.30957691540931737
Grand Forks,20-24,male,0.6339861226706309
Grant,20-24,male,-0.2442269636171874
Griggs,20-24,male,-0.18505784114916085
Hettinger,20-24,male,-0.24343201189911498
Kidder,20-24,male,-0.15716563345164034
LaMoure,20-24,male,-0.24969584854822421
Logan,20-24,male,-0.15672287907408178
McHenry,20-24,male,-0.22602011007347306
McIntosh,20-24,male,-0.23920912295035562
McKenzie,20-24,male,0.18664902365325856
McLean,20-24,male,-0.2190087835661865
Mercer,20-24,male,-0.21681421888602806
Morton,20-24,male,-0.06503031202929443
Mountrail,20-24,male,0.18622774294001176
Nelson,20-24,male,-0.2128049559583389
Oliver,20-24,male,-0.27797377913288923
Pembina,20-24,male,-0.2086704885028225
Pierce,20-24,male,-0.13638844928852908
Ramsey,20-24,male,-0.09854890362901911
Ransom,20-24,male,-0.18173220570507564
Renville,20-24,male,-0.11526177909376291
Richland,20-24,male,0.07097787201785528
Rolette,20-24,male,-0.21970835537084069
Sargent,20-24,male,-0.18648444869490885
Sheridan,20-24,male,-0.22412510160636687
Sioux,20-24,male,-0.16792303475947298
Slope,20-24,male,-0.21135129857014331
Stark,20-24,male,0.16238602052069373
Steele,20-24,male,-0.23066510709835336
Stutsman,20-24,male,0.06895140844375842
Towner,20-24,male,-0.18146773958487306
Traill,20-24,male,-0.1026483143954531
Walsh,20-24,male,-0.19024908307957158
Ward,20-24,male,0.47146226973251243
Wells,20-24,male,-0.2420162119382169
Williams,20-24,male,0.22799588557978143
Adams,25-29,male,0.09055816859159194
Barnes,25-29,male,-0.1624453919904751
Benson,25-29,male,-0.024122020874720627
Billings,25-29,male,0.1602103191941969
Bottineau,25-29,male,-0.12852527428642488
Bowman,25-29,male,0.17224136076098984
Burke,25-29,male,0.30737920882603076
Burleigh,25-29,male,0.05879299741914843
Cass,25-29,male,-0.11971806773827719
Cavalier,25-29,male,0.007473361851490462
Dickey,25-29,male,-0.1884557433791687
Divide,25-29,male,0.25766215228978556
Dunn,25-29,male,0.30537509893854503
Eddy,25-29,male,0.09075047757567453
Emmons,25-29,male,-0.028550095235111067
Foster,25-29,male,0.018184106430231984
Golden Valley,25-29,male,0.07766566788567027
Grand Forks,25-29,male,-0.2848500381680374
Grant,25-29,male,0.06101045368922425
Griggs,25-29,male,0.10547844246046245
Hettinger,25-29,male,0.15687155664308297
Kidder,25-29,male,0.13137713639180712
LaMoure,25-29,male,0.027539965822025565
Logan,25-29,male,-0.008401522548551235
McHenry,25-29,male,0.15991271567376722
McIntosh,25-29,male,0.03544955313232348
McKenzie,25-29,male,0.43845910364291657
McLean,25-29,male,0.12274328385796192
Mercer,25-29,male,0.21850272211354652
Morton,25-29,male,0.24868087141526907
Mountrail,25-29,male,0.17361500072862865
Nelson,25-29,male,0.1356948067212971
Oliver,25-29,male,0.1964906270816045
Pembina,25-29,male,0.03632055996425138
Pierce,25-29,male,0.006068804113410953
Ramsey,25-29,male,0.0012474066046224501
Ransom,25-29,male,0.07169713563610271
Renville,25-29,male,0.24112528228606117
Richland,25-29,male,-0.2841323509451781
Rolette,25-29,male,-0.0785272271963751
Sargent,25-29,male,0.29468004333509146
Sheridan,25-29,male,0.10869834419355365
Sioux,25-29,male,-0.07676245999141254
Slope,25-29,male,0.4520016579966419
Stark,25-29,male,0.05027279126675651
Steele,25-29,male,0.1901878973014124
Stutsman,25-29,male,-0.09868755233414715
Towner,25-29,male,-0.013732961341160964
Traill,25-29,male,-0.13806230112717496
Walsh,25-29,male,0.018695361459415555
Ward,25-29,male,-0.07215815756846983
Wells,25-29,male,0.062215539623476396
Williams,25-29,male,0.42781917244413864
Adams,30-34,male,0.2256054208990014
Barnes,30-34,male,0.06274817681770911
Benson,30-34,male,-0.005512506743787771
Billings,30-34,male,0.13156674310894567
Bottineau,30-34,male,0.1364842618678727
Bowman,30-34,male,0.10630935537423106
Burke,30-34,male,0.2004910029938467
Burleigh,30-34,male,0.05914973149393302
Cass,30-34,male,0.02758487898392124
Cavalier,30-34,male,0.22652623315822085
Dickey,30-34,male,0.03617675883778173
Divide,30-34,male,0.2562771245743934
Dunn,30-34,male,0.14766280579147584
Eddy,30-34,male,0.11894863066439243
Emmons,30-34,male,0.21220074318582827
Foster,30-34,male,0.12040578078355253
Golden Valley,30-34,male,0.2125740483860026
Grand Forks,30-34,male,-0.09397280857403482
Grant,30-34,male,-0.027970010782283467
Griggs,30-34,male,0.1755636381670523
Hettinger,30-34,male,0.24084624006293145
Kidder,30-34,male,0.06064516928692831
LaMoure,30-34,male,0.07264533551732218
Logan,30-34,male,0.1851663457398611
McHenry,30-34,male,0.0831042279143019
McIntosh,30-34,male,0.24083314428724353
McKenzie,30-34,male,0.45999131931192677
McLean,30-34,male,0.21113447502819896
Mercer,30-34,male,0.1586740665967901
Morton,30-34,male,0.11473912748881761
Mountrail,30-34,male,0.1442174657296782
Nelson,30-34,male,0.16077201803741886
Oliver,30-34,male,0.09109670205339793
Pembina,30-34,male,0.139500443979719
Pierce,30-34,male,0.12193425655718888
Ramsey,30-34,male,0.05669293669978208
Ransom,30-34,male,0.18043390047897664
Renville,30-34,male,0.013589623616141055
Richland,30-34,male,0.05457863736448696
Rolette,30-34,male,-0.013927708878679545
Sargent,30-34,male,0.026172851710902886
Sheridan,30-34,male,0.09300722024789251
Sioux,30-34,male,-0.0779959757895247
Slope,30-34,male,0.06614780560937832
Stark,30-34,male,0.10869134796822336
Steele,30-34,male,0.10413833304880626
Stutsman,30-34,male,0.0566845187030939
Towner,30-34,male,0.018817309377531826
Traill,30-34,male,0.07873662833741638
Walsh,30-34,male,0.04862090737022185
Ward,30-34,male,-0.04978439406305268
Wells,30-34,male,0.1675955073578816
Williams,30-34,male,0.27467088566531345
Adams,35-39,male,0.04382222383651372
Barnes,35-39,male,0.024842413135893394
Benson,35-39,male,-0.027359440925568388
Billings,35-39,male,0.19451117647313065
Bottineau,35-39,male,0.07479394693483922
Bowman,35-39,male,0.012601330174479028
Burke,35-39,male,0.09509002500073836
Burleigh,35-39,male,0.06076558129230657
Cass,35-39,male,0.004882685516403945
Cavalier,35-39,male,0.015150585387227631
Dickey,35-39,male,0.011123836083443427
Divide,35-39,male,0.09026467110588782
Dunn,35-39,male,0.16695633142050126
Eddy,35-39,male,-0.005940646805728884
Emmons,35-39,male,0.012538321330700007
Foster,35-39,male,0.05939678069815003
Golden Valley,35-39,male,0.02408261433108609
Grand Forks,35-39,male,-0.04689951956698148
Grant,35-39,male,0.22714083155027992
Griggs,35-39,male,0.023879576005582413
Hettinger,35-39,male,0.08591210700618679
Kidder,35-39,male,0.09569491504334708
LaMoure,35-39,male,0.2772576787133988
Logan,35-39,male,0.0658293718830497
McHenry,35-39,male,0.12076064829929262
McIntosh,35-39,male,0.015622936876951881
McKenzie,35-39,male,0.3831073505720706
McLean,35-39,male,0.14053973348719526
Mercer,35-39,male,0.09897325130447611
Morton,35-39,male,0.06624411186698884
Mountrail,35-39,male,0.06448683037016453
Nelson,35-39,male,0.016259643260873122
Oliver,35-39,male,0.06910369595342025
Pembina,35-39,male,0.05415552913097826
Pierce,35-39,male,-0.0332683359159151
Ramsey,35-39,male,-0.008454772493581064
Ransom,35-39,male,0.020748389795084234
Renville,35-39,male,0.10226963081776581
Richland,35-39,male,0.0020554839843170613
Rolette,35-39,male,-0.0453285557672982
Sargent,35-39,male,0.012459747542098928
Sheridan,35-39,male,0.09234017279389513
Sioux,35-39,male,-0.021189582702223844
Slope,35-39,male,0.01639472527027157
Stark,35-39,male,0.09023592295403063
Steele,35-39,male,-0.005842901377345601
Stutsman,35-39,male,0.03167431830786076
Towner,35-39,male,0.038376361620724504
Traill,35-39,male,0.04154838076565975
Walsh,35-39,male,-0.015444332324050906
Ward,35-39,male,-0.005964823702641978
Wells,35-39,male,-0.066477586397039
Williams,35-39,male,0.15494384254198043
Adams,40-44,male,-0.009786102767100166
Barnes,40-44,male,0.017567107557198196
Benson,40-44,male,-0.01705585152265765
Billings,40-44,male,0.08835880717506699
Bottineau,40-44,male,0.0218486042410219
Bowman,40-44,male,0.08061989790202899
Burke,40-44,male,0.12051138333737856
Burleigh,40-44,male,0.04268403187495302
Cass,40-44,male,0.013924286045961817
Cavalier,40-44,male,0.0035108968306893228
Dickey,40-44,male,0.008360708655025889
Divide,40-44,male,0.05098356637037851
Dunn,40-44,male,0.019267716947439603
Eddy,40-44,male,0.02337160170772515
Emmons,40-44,male,0.01900366692619532
Foster,40-44,male,0.031410161879112726
Golden Valley,40-44,male,-0.004833771201153818
Grand Forks,40-44,male,-0.04807512317936341
Grant,40-44,male,0.04931570068369301
Griggs,40-44,male,0.060361787794943327
Hettinger,40-44,male,0.0282763475848136
Kidder,40-44,male,0.043953294015365074
LaMoure,40-44,male,0.034039934203802545
Logan,40-44,male,0.04623668873566441
McHenry,40-44,male,0.040740613594156184
McIntosh,40-44,male,0.015192457875110277
McKenzie,40-44,male,0.20649491935632547
McLean,40-44,male,0.026382779772615047
Mercer,40-44,male,0.019835555515759072
Morton,40-44,male,0.04484810937902697
Mountrail,40-44,male,0.07354011705297638
Nelson,40-44,male,0.04047802440707797
Oliver,40-44,male,0.060444810881475006
Pembina,40-44,male,-0.05007107509626745
Pierce,40-44,male,0.10434817058464149
Ramsey,40-44,male,0.0014537503319226959
Ransom,40-44,male,0.0937366584505806
Renville,40-44,male,-0.03323352449089998
Richland,40-44,male,0.029754329115702145
Rolette,40-44,male,-0.0061064303735590105
Sargent,40-44,male,0.05962605945830552
Sheridan,40-44,male,0.008797622026628111
Sioux,40-44,male,-0.04755073809929509
Slope,40-44,male,0.17809500395400094
Stark,40-44,male,0.09499754343097905
Steele,40-44,male,0.09816953655058248
Stutsman,40-44,male,0.018034338689865825
Towner,40-44,male,0.07460175605343933
Traill,40-44,male,0.018154268308799595
Walsh,40-44,male,0.048083627284958096
Ward,40-44,male,-0.014252507750388247
Wells,40-44,male,0.07723186059591865
Williams,40-44,male,0.19522707542274462
Adams,45-49,male,0.026871993097694488
Barnes,45-49,male,0.02853813784275977
Benson,45-49,male,-0.04197880558925066
Billings,45-49,male,0.1887361851238157
Bottineau,45-49,male,0.018485260400301448
Bowman,45-49,male,-0.042140580380249856
Burke,45-49,male,0.0669829341503281
Burleigh,45-49,male,0.026960076254152164
Cass,45-49,male,0.010909136038516386
Cavalier,45-49,male,0.05590850744845463
Dickey,45-49,male,0.01712510507250912
Divide,45-49,male,0.07727545214854316
Dunn,45-49,male,0.08293315778910226
Eddy,45-49,male,0.005723913912066115
Emmons,45-49,male,0.053018756236426996
Foster,45-49,male,0.030274604099534
Golden Valley,45-49,male,-0.024805596096708477
Grand Forks,45-49,male,-0.02278456452659686
Grant,45-49,male,0.03367391340307059
Griggs,45-49,male,0.0729321460046372
Hettinger,45-49,male,0.05443476442438275
Kidder,45-49,male,0.03602496936929396
LaMoure,45-49,male,-0.009509978893155567
Logan,45-49,male,0.054795969435650065
McHenry,45-49,male,0.018936562157526583
McIntosh,45-49,male,0.029275507510721166
McKenzie,45-49,male,0.2363458370165963
McLean,45-49,male,0.04582699053817923
Mercer,45-49,male,0.04796676578245733
Morton,45-49,male,0.04229339794391338
Mountrail,45-49,male,0.13046043438220714
Nelson,45-49,male,0.02764480211623317
Oliver,45-49,male,0.03938243143337289
Pembina,45-49,male,-0.0009247045081668359
Pierce,45-49,male,-0.01591088760462417
Ramsey,45-49,male,-0.010669355498919253
Ransom,45-49,male,0.012723748284889482
Renville,45-49,male,0.015774766956103536
Richland,45-49,male,0.004183412595794474
Rolette,45-49,male,-0.05003353785718956
Sargent,45-49,male,0.08258714965767722
Sheridan,45-49,male,0.061471422110341574
Sioux,45-49,male,-0.028160156647743503
Slope,45-49,male,-0.10344326500279705
Stark,45-49,male,0.08857441045213077
Steele,45-49,male,0.003555410047470583
Stutsman,45-49,male,0.01949186427911202
Towner,45-49,male,-0.013577045106031691
Traill,45-49,male,0.033639334498350645
Walsh,45-49,male,0.014597228444296536
Ward,45-49,male,-0.01871435318865215
Wells,45-49,male,0.042017010898085065
Williams,45-49,male,0.1618151867042652
Adams,50-54,male,-0.026406401148422128
Barnes,50-54,male,0.04186403315267014
Benson,50-54,male,-0.017446308314819223
Billings,50-54,male,0.14671056451188558
Bottineau,50-54,male,0.036054439818511946
Bowman,50-54,male,0.011572477834641477
Burke,50-54,male,0.02100925224408113
Burleigh,50-54,male,0.01708209589337105
Cass,50-54,male,0.02042227972038321
Cavalier,50-54,male,0.0016058028781241135
Dickey,50-54,male,0.00904741436757767
Divide,50-54,male,0.07402932159191787
Dunn,50-54,male,0.053635594560563604
Eddy,50-54,male,0.015224310827907268
Emmons,50-54,male,0.054498946806440816
Foster,50-54,male,0.051020464910247344
Golden Valley,50-54,male,0.14687059392228158
Grand Forks,50-54,male,0.0017960500750694994
Grant,50-54,male,0.018986875938190536
Griggs,50-54,male,0.02166674580253458
Hettinger,50-54,male,0.057653284895323016
Kidder,50-54,male,0.04931355999294183
LaMoure,50-54,male,0.07833834600057706
Logan,50-54,male,0.03565546473282702
McHenry,50-54,male,0.01329308943192222
McIntosh,50-54,male,0.09864060911789126
McKenzie,50-54,male,0.23615640688575518
McLean,50-54,male,0.07070110246846908
Mercer,50-54,male,0.022329332005200472
Morton,50-54,male,0.0444010975290415
Mountrail,50-54,male,0.06503417185145213
Nelson,50-54,male,0.031943621888996104
Oliver,50-54,male,0.07020798982043902
Pembina,50-54,male,0.013716502263309812
Pierce,50-54,male,0.016613186223827403
Ramsey,50-54,male,0.02096868949340156
Ransom,50-54,male,0.05969933032529482
Renville,50-54,male,0.05273930203468505
Richland,50-54,male,-0.0034370036196240713
Rolette,50-54,male,-0.04441102657121863
Sargent,50-54,male,0.049790942125858065
Sheridan,50-54,male,-0.01316553650568613
Sioux,50-54,male,-0.03818933900395576
Slope,50-54,male,0.14285798674908118
Stark,50-54,male,0.06751652937654365
Steele,50-54,male,0.030821250455330577
Stutsman,50-54,male,0.009547255009827508
Towner,50-54,male,0.06767107172205657
Traill,50-54,male,0.009419107703834447
Walsh,50-54,male,0.02667557397682903
Ward,50-54,male,0.0020985415339992547
Wells,50-54,male,0.037295389483583324
Williams,50-54,male,0.1374732617983516
Adams,55-59,male,0.020947321833468934
Barnes,55-59,male,0.01724095442005651
Benson,55-59,male,-0.01917040386079814
Billings,55-59,male,-0.008213217236368019
Bottineau,55-59,male,-0.024013132011541448
Bowman,55-59,male,-0.061082305128944824
Burke,55-59,male,0.019965700058794444
Burleigh,55-59,male,0.026973969274651146
Cass,55-59,male,0.015218047786475708
Cavalier,55-59,male,0.01055668722664656
Dickey,55-59,male,0.04121611865726772
Divide,55-59,male,0.095663924564273
Dunn,55-59,male,0.1030790558969231
Eddy,55-59,male,0.0841089564662931
Emmons,55-59,male,0.023653278502547816
Foster,55-59,male,0.008223285104003952
Golden Valley,55-59,male,-0.06334652596955291
Grand Forks,55-59,male,0.007810868242359624
Grant,55-59,male,0.027938695923776354
Griggs,55-59,male,-0.004283524507109847
Hettinger,55-59,male,-0.011990250670880795
Kidder,55-59,male,-0.048306516038428046
LaMoure,55-59,male,0.0010335817502388992
Logan,55-59,male,-0.01945007559864979
McHenry,55-59,male,0.007913690577369598
McIntosh,55-59,male,0.011782534782824011
McKenzie,55-59,male,0.09418790902699599
McLean,55-59,male,0.020782580884246584
Mercer,55-59,male,0.005937555886225761
Morton,55-59,male,0.020304863331390494
Mountrail,55-59,male,0.08369498647698233
Nelson,55-59,male,0.043976465022145285
Oliver,55-59,male,-0.012477152735900438
Pembina,55-59,male,0.035969901577747834
Pierce,55-59,male,0.02930965096238726
Ramsey,55-59,male,0.007357122187385398
Ransom,55-59,male,0.061913677280209724
Renville,55-59,male,0.02638715257121831
Richland,55-59,male,0.009854870417470017
Rolette,55-59,male,-0.014999460575670226
Sargent,55-59,male,0.01797396519787294
Sheridan,55-59,male,0.0007375115176083539
Sioux,55-59,male,-0.0021799937157380694
Slope,55-59,male,0.10750899692841681
Stark,55-59,male,0.026709417238819085
Steele,55-59,male,0.021125294356907447
Stutsman,55-59,male,0.00020469081472589785
Towner,55-59,male,-0.011160002812248925
Traill,55-59,male,0.02377495544822034
Walsh,55-59,male,-0.01578386091277272
Ward,55-59,male,-0.006544751164904769
Wells,55-59,male,-0.019880648286975545
Williams,55-59,male,0.07234949098159274
Adams,60-64,male,0.014286985251212166
Barnes,60-64,male,0.005343335040219813
Benson,60-64,male,0.005645576115757278
Billings,60-64,male,0.022030734013771938
Bottineau,60-64,male,0.038217347846743195
Bowman,60-64,male,0.054878981092470545
Burke,60-64,male,-0.00461558454516
Burleigh,60-64,male,0.004811452018256503
Cass,60-64,male,-0.009213265978919897
Cavalier,60-64,male,-0.03168273529236138
Dickey,60-64,male,0.004347658970161858
Divide,60-64,male,-0.04036158860760781
Dunn,60-64,male,-0.04217121144528523
Eddy,60-64,male,-0.016930620602615423
Emmons,60-64,male,0.01636929325883403
Foster,60-64,male,-0.034242203242075483
Golden Valley,60-64,male,0.1472791249908583
Grand Forks,60-64,male,-0.0339913986255376
Grant,60-64,male,0.05284645742953536
Griggs,60-64,male,0.06982479103698909
Hettinger,60-64,male,0.01841984441154788
Kidder,60-64,male,0.09428483943519973
LaMoure,60-64,male,0.02356643640164895
Logan,60-64,male,-0.009410954817570859
McHenry,60-64,male,0.015437113505829417
McIntosh,60-64,male,-0.022634230057859153
McKenzie,60-64,male,0.06635654543615148
McLean,60-64,male,0.06213712821025174
Mercer,60-64,male,-0.014243449524145288
Morton,60-64,male,0.02491579110866761
Mountrail,60-64,male,0.009457960192984621
Nelson,60-64,male,0.07585061618468567
Oliver,60-64,male,-0.019670151266718585
Pembina,60-64,male,-0.0025693160118122164
Pierce,60-64,male,-0.044896060022742754
Ramsey,60-64,male,-0.014634345608698378
Ransom,60-64,male,0.024629618763322994
Renville,60-64,male,0.007520083769564688
Richland,60-64,male,-0.012116288169232832
Rolette,60-64,male,-0.049864296720741434
Sargent,60-64,male,-0.02820429690744448
Sheridan,60-64,male,-0.007616309605629642
Sioux,60-64,male,-0.10309992764567198
Slope,60-64,male,-0.023249739014852035
Stark,60-64,male,-0.005196163425864764
Steele,60-64,male,0.05772987992221921
Stutsman,60-64,male,-0.018196000647978054
Towner,60-64,male,0.060143902971915006
Traill,60-64,male,-0.02923244413765484
Walsh,60-64,male,0.014996990867360008
Ward,60-64,male,-0.020988332638963356
Wells,60-64,male,6.383553336559162e-05
Williams,60-64,male,-0.004189600137706668
Adams,65-69,male,0.00519028342283471
Barnes,65-69,male,-0.028539788120436515
Benson,65-69,male,-0.06705430681164996
Billings,65-69,male,-0.027231321145089724
Bottineau,65-69,male,-0.010342085931785379
Bowman,65-69,male,-0.04586731581528419
Burke,65-69,male,-0.023375232115968602
Burleigh,65-69,male,-0.009806039212275628
Cass,65-69,male,-0.023566400298397527
Cavalier,65-69,male,-0.054402037435548896
Dickey,65-69,male,-0.030836623637848677
Divide,65-69,male,0.023882435872435312
Dunn,65-69,male,-0.01443660933260049
Eddy,65-69,male,0.020365939159305662
Emmons,65-69,male,-0.011097799206021292
Foster,65-69,male,-0.003835308374173747
Golden Valley,65-69,male,-0.04434537717755127
Grand Forks,65-69,male,-0.06419754273301492
Grant,65-69,male,-0.005072707358432636
Griggs,65-69,male,0.045433838771291674
Hettinger,65-69,male,-0.02327051819765698
Kidder,65-69,male,-0.03216975022141246
LaMoure,65-69,male,-0.02869112645313445
Logan,65-69,male,-0.0009486322021911102
McHenry,65-69,male,-0.032744145583564206
McIntosh,65-69,male,-0.04826882529352767
McKenzie,65-69,male,-0.012062247342844227
McLean,65-69,male,0.027928672154214743
Mercer,65-69,male,-0.021435050526350433
Morton,65-69,male,-0.017271613826157096
Mountrail,65-69,male,-0.06893223838129604
Nelson,65-69,male,0.00039130996738739193
Oliver,65-69,male,0.02439406696617779
Pembina,65-69,male,-0.029665014439675206
Pierce,65-69,male,-0.028882034863247905
Ramsey,65-69,male,-0.011198323377621375
Ransom,65-69,male,-0.032397321455284775
Renville,65-69,male,-0.03683052721293649
Richland,65-69,male,-0.06019060885473545
Rolette,65-69,male,-0.07846309739204009
Sargent,65-69,male,0.015679323236560537
Sheridan,65-69,male,0.024405187584366828
Sioux,65-69,male,-0.12015667061522681
Slope,65-69,male,0.0035968654051004327
Stark,65-69,male,-0.059894340231969795
Steele,65-69,male,-0.04954620297568191
Stutsman,65-69,male,-0.046127153605955366
Towner,65-69,male,-0.06053056533850898
Traill,65-69,male,-0.022797315183104683
Walsh,65-69,male,-0.058935810984923793
Ward,65-69,male,-0.0399058069272067
Wells,65-69,male,0.011792322184631268
Williams,65-69,male,-0.07329491269721393
Adams,70-74,male,-0.05045855494183993
Barnes,70-74,male,-0.030529114340573992
Benson,70-74,male,-0.07158242482416731
Billings,70-74,male,0.0730174772567818
Bottineau,70-74,male,-0.045813140224857454
Bowman,70-74,male,-0.06493731791442243
Burke,70-74,male,-0.11458312966780648
Burleigh,70-74,male,-0.03974142177753144
Cass,70-74,male,-0.05101594552038484
Cavalier,70-74,male,-0.01967167648515894
Dickey,70-74,male,-0.08486251125720214
Divide,70-74,male,-0.0716265632242625
Dunn,70-74,male,-0.07212124284847045
Eddy,70-74,male,-0.11517739065003106
Emmons,70-74,male,-0.06544588499793819
Foster,70-74,male,-0.04842093855728346
Golden Valley,70-74,male,0.012119661499365672
Grand Forks,70-74,male,-0.059006941042686854
Grant,70-74,male,0.030639902796355926
Griggs,70-74,male,-0.05129204590464811
Hettinger,70-74,male,-0.03756741980646071
Kidder,70-74,male,-0.018845805881999213
LaMoure,70-74,male,-0.0725889886048706
Logan,70-74,male,-0.10720689111661204
McHenry,70-74,male,-0.07134464414248236
McIntosh,70-74,male,0.004011312072997953
McKenzie,70-74,male,-0.050854835177012
McLean,70-74,male,-0.046438140998734265
Mercer,70-74,male,-0.03152051816920699
Morton,70-74,male,-0.044801342241951196
Mountrail,70-74,male,-0.048933244699360126
Nelson,70-74,male,-0.005101801080829855
Oliver,70-74,male,-0.01055730690696138
Pembina,70-74,male,-0.07902652891893167
Pierce,70-74,male,-0.070192157316969
Ramsey,70-74,male,-0.05686059429053255
Ransom,70-74,male,-0.046787529748826516
Renville,70-74,male,-0.0504301435843234
Richland,70-74,male,-0.05019349351732375
Rolette,70-74,male,-0.10053214295440703
Sargent,70-74,male,-0.05499205586113824
Sheridan,70-74,male,-0.058037874641550476
Sioux,70-74,male,-0.17097112788450997
Slope,70-74,male,-0.06654285453848856
Stark,70-74,male,-0.06313458326919331
Steele,70-74,male,-0.050237870509681405
Stutsman,70-74,male,-0.0934761332197984
Towner,70-74,male,-0.06381594543287744
Traill,70-74,male,-0.07770712202839015
Walsh,70-74,male,-0.05816777220619751
Ward,70-74,male,-0.07196563741188937
Wells,70-74,male,-0.031209144706507548
Williams,70-74,male,-0.08614364146133237
Adams,75-79,male,-0.09331709177784168
Barnes,75-79,male,-0.076754703231902
Benson,75-79,male,-0.11228228573497538
Billings,75-79,male,0.059571293184957436
Bottineau,75-79,male,-0.07571485494584203
Bowman,75-79,male,-0.025817022061612654
Burke,75-79,male,-0.08067838880323518
Burleigh,75-79,male,-0.02283587532429924
Cass,75-79,male,-0.03759681208962462
Cavalier,75-79,male,-0.09605861324066851
Dickey,75-79,male,-0.10250107904997906
Divide,75-79,male,-0.10554966253409215
Dunn,75-79,male,-0.15569688590096267
Eddy,75-79,male,-0.14628888804368556
Emmons,75-79,male,-0.020730251996954087
Foster,75-79,male,-0.025871815205682436
Golden Valley,75-79,male,-0.13793511167147737
Grand Forks,75-79,male,-0.07863216908903302
Grant,75-79,male,-0.0515906075286027
Griggs,75-79,male,-0.03130087176965451
Hettinger,75-79,male,-0.08680599544821078
Kidder,75-79,male,-0.005131808350180083
LaMoure,75-79,male,-0.025872074914359222
Logan,75-79,male,-0.05090086122633013
McHenry,75-79,male,-0.07330958286445685
McIntosh,75-79,male,-0.07287677414821532
McKenzie,75-79,male,-0.08016770485830076
McLean,75-79,male,-0.08725678351482512
Mercer,75-79,male,-0.08239648778900123
Morton,75-79,male,-0.05011025209156878
Mountrail,75-79,male,-0.15877550585378988
Nelson,75-79,male,-0.10452741454979364
Oliver,75-79,male,-0.08143118986465915
Pembina,75-79,male,-0.04740277314758245
Pierce,75-79,male,-0.014309408978931197
Ramsey,75-79,male,-0.05985425731490805
Ransom,75-79,male,-0.10443625210245958
Renville,75-79,male,-0.07076338000918563
Richland,75-79,male,-0.037781188802992166
Rolette,75-79,male,-0.10667498834891839
Sargent,75-79,male,-0.10577934517410072
Sheridan,75-79,male,-0.09264274995164869
Sioux,75-79,male,-0.05235029658828632
Slope,75-79,male,0.03847052861855354
Stark,75-79,male,-0.048026260754826584
Steele,75-79,male,-0.04113497819734843
Stutsman,75-79,male,-0.08714960736106869
Towner,75-79,male,-0.09996462306933107
Traill,75-79,male,-0.07960423401031005
Walsh,75-79,male,-0.08731294766591191
Ward,75-79,male,-0.07188557484079963
Wells,75-79,male,-0.059303897786118755
Williams,75-79,male,-0.12618868414303977
Adams,80-84,male,-0.046567294181208745
Barnes,80-84,male,-0.14728382361087172
Benson,80-84,male,-0.18287649702467657
Billings,80-84,male,-0.0481887014254446
Bottineau,80-84,male,-0.14785607963302874
Bowman,80-84,male,-0.1447493063839805
Burke,80-84,male,-0.18633772846412935
Burleigh,80-84,male,-0.08352972517965544
Cass,80-84,male,-0.07309406369022306
Cavalier,80-84,male,-0.06256308677823735
Dickey,80-84,male,-0.13645368957327925
Divide,80-84,male,-0.05816100756092371
Dunn,80-84,male,-0.04173647168773212
Eddy,80-84,male,-0.05001502496943204
Emmons,80-84,male,-0.10620785087648768
Foster,80-84,male,-0.13406609620532636
Golden Valley,80-84,male,-0.1343241378396437
Grand Forks,80-84,male,-0.08149646122082706
Grant,80-84,male,-0.11980242697663461
Griggs,80-84,male,-0.08834185965006468
Hettinger,80-84,male,-0.1706489206437971
Kidder,80-84,male,-0.14052640720382725
LaMoure,80-84,male,-0.13097978905228916
Logan,80-84,male,-0.015299360637439122
McHenry,80-84,male,-0.16496525512393478
McIntosh,80-84,male,-0.07528097118866266
McKenzie,80-84,male,-0.11611534136928994
McLean,80-84,male,-0.08728825187862302
Mercer,80-84,male,-0.14850090785805814
Morton,80-84,male,-0.08763720005937545
Mountrail,80-84,male,-0.1355801565538153
Nelson,80-84,male,-0.1678104063975399
Oliver,80-84,male,-0.17370107526301354
Pembina,80-84,male,-0.12955298462035617
Pierce,80-84,male,-0.13551354631790943
Ramsey,80-84,male,-0.11794850234814297
Ransom,80-84,male,-0.021216502086572584
Renville,80-84,male,-0.182431081795949
Richland,80-84,male,-0.105529970607471
Rolette,80-84,male,-0.22044782716493588
Sargent,80-84,male,-0.017728518593468558
Sheridan,80-84,male,-0.10764998329767138
Sioux,80-84,male,-0.1302429402014899
Slope,80-84,male,-0.19224173848264575
Stark,80-84,male,-0.10669548240803055
Steele,80-84,male,-0.1340543175052286
Stutsman,80-84,male,-0.10208521451865939
Towner,80-84,male,-0.07682158184231266
Traill,80-84,male,-0.06308555820658192
Walsh,80-84,male,-0.15624374773020788
Ward,80-84,male,-0.09266437137272113
Wells,80-84,male,-0.13370418872136713
Williams,80-84,male,-0.13386713255164798
Adams,85+,male,-0.15860526285829502
Barnes,85+,male,-0.1289278042959318
Benson,85+,male,-0.19715078258929705
Billings,85+,male,0.09941786905451154
Bottineau,85+,male,-0.12188798118574429
Bowman,85+,male,-0.07266617049228895
Burke,85+,male,-0.23016005620388355
Burleigh,85+,male,-0.023721795399686805
Cass,85+,male,-0.03909660236625524
Cavalier,85+,male,-0.17183021119689923
Dickey,85+,male,-0.0881815458724785
Divide,85+,male,-0.11657432355394601
Dunn,85+,male,-0.14442821887480584
Eddy,85+,male,-0.2577979481241145
Emmons,85+,male,-0.11315211883527937
Foster,85+,male,-0.11467742558046042
Golden Valley,85+,male,0.05051997448402857
Grand Forks,85+,male,-0.11413116408374373
Grant,85+,male,-0.14270377424432593
Griggs,85+,male,-0.15928262673609436
Hettinger,85+,male,-0.048613851158170324
Kidder,85+,male,-0.20528190106738511
LaMoure,85+,male,-0.06802486658408632
Logan,85+,male,-0.11325030591893442
McHenry,85+,male,-0.21643756540448778
McIntosh,85+,male,-0.15612393116357526
McKenzie,85+,male,-0.07982388929617151
McLean,85+,male,-0.15668691618755792
Mercer,85+,male,-0.06193348823641064
Morton,85+,male,-0.13305635214848435
Mountrail,85+,male,-0.1555067082885118
Nelson,85+,male,-0.1629877423122018
Oliver,85+,male,-0.027426451428779964
Pembina,85+,male,-0.10272730879411052
Pierce,85+,male,-0.18981800125298745
Ramsey,85+,male,-0.10919768445258016
Ransom,85+,male,-0.0020226070094103814
Renville,85+,male,-0.1543298230589261
Richland,85+,male,-0.08459266037689009
Rolette,85+,male,-0.22082526235644917
Sargent,85+,male,-0.19808461840776026
Sheridan,85+,male,-0.05718896297817521
Sioux,85+,male,-0.13051944251532968
Slope,85+,male,0.04345880197215229
Stark,85+,male,-0.03533292334085026
Steele,85+,male,-0.15161307895582998
Stutsman,85+,male,-0.09046020839935806
Towner,85+,male,-0.205365406768906
Traill,85+,male,-0.10123739186165708
Walsh,85+,male,-0.12860567597613745
Ward,85+,male,-0.10355733796234641
Wells,85+,male,-0.10979175577732933
Williams,85+,male,-0.1125735249827785
Adams,0-4,female,0.04921626510685873
Barnes,0-4,female,0.10471087739717848
Benson,0-4,female,0.09898082441538918
Billings,0-4,female,0.06195213465331784
Bottineau,0-4,female,0.10145445278708057
Bowman,0-4,female,0.13887022907364893
Burke,0-4,female,0.20697757400283529
Burleigh,0-4,female,0.07511131308337139
Cass,0-4,female,0.04501412976870297
Cavalier,0-4,female,0.1925311693667501
Dickey,0-4,female,0.09729466371846368
Divide,0-4,female,0.23466005034022602
Dunn,0-4,female,0.10239892162903662
Eddy,0-4,female,0.06216646828650262
Emmons,0-4,female,0.27924691343256725
Foster,0-4,female,0.10582817104246617
Golden Valley,0-4,female,0.062301226507206
Grand Forks,0-4,female,-0.03601695241826579
Grant,0-4,female,0.21177344729313793
Griggs,0-4,female,0.20182267066260434
Hettinger,0-4,female,0.1457488735134473
Kidder,0-4,female,0.1419988007386961
LaMoure,0-4,female,0.07789474073886367
Logan,0-4,female,0.10914402187599918
McHenry,0-4,female,0.036074531906258325
McIntosh,0-4,female,0.09629529176184387
McKenzie,0-4,female,0.45949501768012324
McLean,0-4,female,0.1184758747535903
Mercer,0-4,female,0.145862741100485
Morton,0-4,female,0.09907795558441483
Mountrail,0-4,female,0.16642799356008636
Nelson,0-4,female,0.1363623761352737
Oliver,0-4,female,0.15527792995532833
Pembina,0-4,female,0.03756447052306901
Pierce,0-4,female,0.26775999696361574
Ramsey,0-4,female,0.10702029065599608
Ransom,0-4,female,0.10380679430512794
Renville,0-4,female,0.12127333058018996
Richland,0-4,female,0.12467564070346046
Rolette,0-4,female,0.12326527077216834
Sargent,0-4,female,0.11798815628288027
Sheridan,0-4,female,0.014808839811375917
Sioux,0-4,female,0.1645602072306846
Slope,0-4,female,0.18351173937691942
Stark,0-4,female,0.06310936231377941
Steele,0-4,female,0.12713824429255702
Stutsman,0-4,female,0.07494143426855805
Towner,0-4,female,0.09395585084166133
Traill,0-4,female,0.09159681554494638
Walsh,0-4,female,0.061953734398201586
Ward,0-4,female,0.029946532461203518
Wells,0-4,female,0.13831490192914406
Williams,0-4,female,0.17207408496911883
Adams,5-9,female,0.06256338422736969
Barnes,5-9,female,0.034146027360271176
Benson,5-9,female,-0.043591353793054594
Billings,5-9,female,0.19071561391252606
Bottineau,5-9,female,0.08885655032486879
Bowman,5-9,female,0.06428381732746351
Burke,5-9,female,0.08209425684958085
Burleigh,5-9,female,0.051124317432437144
Cass,5-9,female,0.006146439128569886
Cavalier,5-9,female,0.043272476060150465
Dickey,5-9,female,0.05596685295785505
Divide,5-9,female,0.06685031099670491
Dunn,5-9,female,0.11322913134684222
Eddy,5-9,female,0.1028565238244484
Emmons,5-9,female,0.07712871838215782
Foster,5-9,female,0.10181470519342058
Golden Valley,5-9,female,0.039934370349549594
Grand Forks,5-9,female,-0.043836146083943886
Grant,5-9,female,0.06867476533252277
Griggs,5-9,female,0.017030979200192958
Hettinger,5-9,female,0.15392753872975096
Kidder,5-9,female,-0.017829487436585335
LaMoure,5-9,female,0.026889230874840613
Logan,5-9,female,0.16450221624945774
McHenry,5-9,female,0.13118245871484338
McIntosh,5-9,female,-0.034034907933169066
McKenzie,5-9,female,0.27385529150297355
McLean,5-9,female,0.1019266682109871
Mercer,5-9,female,0.09112690169464659
Morton,5-9,female,0.04315476386553081
Mountrail,5-9,female,0.02865516274321625
Nelson,5-9,female,0.09201335261852622
Oliver,5-9,female,0.13990850054666093
Pembina,5-9,female,0.018520969700685317
Pierce,5-9,female,0.027151824570080564
Ramsey,5-9,female,-0.007967808583840153
Ransom,5-9,female,0.04182296654856649
Renville,5-9,female,0.022626940507771188
Richland,5-9,female,-0.0056307651900399545
Rolette,5-9,female,-0.03550512020641758
Sargent,5-9,female,0.07593564496100341
Sheridan,5-9,female,0.09904794958527714
Sioux,5-9,female,0.016652731464046687
Slope,5-9,female,0.08549268661428121
Stark,5-9,female,0.08877876075303441
Steele,5-9,female,0.05592963122249709
Stutsman,5-9,female,0.011658361310647755
Towner,5-9,female,0.09280697602363662
Traill,5-9,female,0.027458979361693427
Walsh,5-9,female,-0.01237614224153575
Ward,5-9,female,-0.06377739420773879
Wells,5-9,female,0.06697603178823237
Williams,5-9,female,0.17365689715902513
Adams,10-14,female,-0.0013964083022528885
Barnes,10-14,female,0.02457606260527888
Benson,10-14,female,-0.03390410274344503
Billings,10-14,female,0.014237881459309924
Bottineau,10-14,female,0.0298212523628868
Bowman,10-14,female,0.07108480805133274
Burke,10-14,female,0.09292357815819738
Burleigh,10-14,female,0.062474921000421485
Cass,10-14,female,0.017543195618489493
Cavalier,10-14,female,0.0036238392291818703
Dickey,10-14,female,0.019154767958059073
Divide,10-14,female,0.0768530121045489
Dunn,10-14,female,0.11453382174896493
Eddy,10-14,female,0.04969956270009193
Emmons,10-14,female,0.009152182699834975
Foster,10-14,female,0.054203245626869984
Golden Valley,10-14,female,0.03948829765003243
Grand Forks,10-14,female,-0.040668115374716214
Grant,10-14,female,0.0272300700727393
Griggs,10-14,female,0.060594497519773693
Hettinger,10-14,female,0.062262834452574224
Kidder,10-14,female,0.11231656236628815
LaMoure,10-14,female,0.017103353129225604
Logan,10-14,female,0.04323483670593874
McHenry,10-14,female,0.044601137682197776
McIntosh,10-14,female,-0.04250606328725016
McKenzie,10-14,female,0.21924599555103727
McLean,10-14,female,0.07157926885599546
Mercer,10-14,female,0.03383839100432607
Morton,10-14,female,0.03192936854676214
Mountrail,10-14,female,0.13853976684057714
Nelson,10-14,female,0.047363927281681324
Oliver,10-14,female,0.0075472012536364624
Pembina,10-14,female,0.011067102664495235
Pierce,10-14,female,0.028497016398091404
Ramsey,10-14,female,0.026343933363719194
Ransom,10-14,female,0.06250591095202576
Renville,10-14,female,0.11698946987890001
Richland,10-14,female,0.021960672295721524
Rolette,10-14,female,-0.02929070877300295
Sargent,10-14,female,-0.024315397889297215
Sheridan,10-14,female,0.03863198075785654
Sioux,10-14,female,-0.023130408886158006
Slope,10-14,female,0.04948801473455001
Stark,10-14,female,0.09284183306501903
Steele,10-14,female,0.03160200220841227
Stutsman,10-14,female,0.03138676001921195
Towner,10-14,female,0.005101187742258582
Traill,10-14,female,-0.003319888304988323
Walsh,10-14,female,0.029286343736785386
Ward,10-14,female,-0.016380319607061593
Wells,10-14,female,0.013714645569121933
Williams,10-14,female,0.18412247548783603
Adams,15-19,female,-0.08307199081331035
Barnes,15-19,female,0.06824285142036182
Benson,15-19,female,-0.09646280612641017
Billings,15-19,female,0.05371229043027777
Bottineau,15-19,female,0.05476281780545207
Bowman,15-19,female,-0.07146644581580444
Burke,15-19,female,-0.11306404144758077
Burleigh,15-19,female,0.08463749044358182
Cass,15-19,female,0.2132206630685642
Cavalier,15-19,female,-0.12903604488067683
Dickey,15-19,female,0.011000747088783337
Divide,15-19,female,0.04493839494893918
Dunn,15-19,female,-0.07571083767926019
Eddy,15-19,female,-0.12739362411337182
Emmons,15-19,female,-0.11738295491868507
Foster,15-19,female,-0.08666817303556541
Golden Valley,15-19,female,-0.03567256267497729
Grand Forks,15-19,female,0.3857377413789065
Grant,15-19,female,-0.116896863957384
Griggs,15-19,female,-0.06396228159107646
Hettinger,15-19,female,-0.0750157183943358
Kidder,15-19,female,-0.09978901779126645
LaMoure,15-19,female,-0.11074110846377859
Logan,15-19,female,-0.0893345715771999
McHenry,15-19,female,-0.08358198752421565
McIntosh,15-19,female,-0.05951185953447389
McKenzie,15-19,female,0.13069678196198095
McLean,15-19,female,-0.04124749510808276
Mercer,15-19,female,-0.11645017624231566
Morton,15-19,female,-0.027636271386365194
Mountrail,15-19,female,0.003721119688687985
Nelson,15-19,female,-0.07911193158819568
Oliver,15-19,female,-0.1041177841596334
Pembina,15-19,female,-0.08822511202002135
Pierce,15-19,female,-0.11141420372819934
Ramsey,15-19,female,0.0033990247546481153
Ransom,15-19,female,-0.06827350842530959
Renville,15-19,female,-0.09561209909549409
Richland,15-19,female,0.14288879250781408
Rolette,15-19,female,-0.08260081055851816
Sargent,15-19,female,-0.07406131290270802
Sheridan,15-19,female,-0.12181933744837661
Sioux,15-19,female,-0.07880087363305369
Slope,15-19,female,-0.12310604740152031
Stark,15-19,female,0.07726866113878694
Steele,15-19,female,-0.12461035535948574
Stutsman,15-19,female,0.07327893728079157
Towner,15-19,female,-0.13132833870124502
Traill,15-19,female,0.06662857319850891
Walsh,15-19,female,-0.0879619446385195
Ward,15-19,female,0.05051847175516687
Wells,15-19,female,-0.11185363333633935
Williams,15-19,female,0.07296371579029658
Adams,20-24,female,-0.20784060998901813
Barnes,20-24,female,-0.09354523414191539
Benson,20-24,female,-0.22356448176137167
Billings,20-24,female,-0.12590751089531285
Bottineau,20-24,female,-0.23724351374601724
Bowman,20-24,female,-0.25091289560554475
Burke,20-24,female,-0.19644982448817203
Burleigh,20-24,female,0.05807033145736613
Cass,20-24,female,0.5461712747727406
Cavalier,20-24,female,-0.2597771029047622
Dickey,20-24,female,-0.07660735810276452
Divide,20-24,female,-0.18978833411282103
Dunn,20-24,female,-0.1820742987625965
Eddy,20-24,female,-0.23306010668762603
Emmons,20-24,female,-0.33490937366917184
Foster,20-24,female,-0.23051023150007854
Golden Valley,20-24,female,-0.37289150271550847
Grand Forks,20-24,female,0.49110324881693945
Grant,20-24,female,-0.3162251937491437
Griggs,20-24,female,-0.24767965596143068
Hettinger,20-24,female,-0.1072787631668872
Kidder,20-24,female,-0.1898038872756805
LaMoure,20-24,female,-0.243832295482216
Logan,20-24,female,-0.2927678683073904
McHenry,20-24,female,-0.26083922306235713
McIntosh,20-24,female,-0.3071791229645183
McKenzie,20-24,female,0.031248971291968606
McLean,20-24,female,-0.23101569403381353
Mercer,20-24,female,-0.2375116445701057
Morton,20-24,female,-0.046876595493997586
Mountrail,20-24,female,-0.016643912714142277
Nelson,20-24,female,-0.25831722214489466
Oliver,20-24,female,-0.2838911072138174
Pembina,20-24,female,-0.2740660760586226
Pierce,20-24,female,-0.24746278417358264
Ramsey,20-24,female,-0.10938614899494915
Ransom,20-24,female,-0.21653088725472872
Renville,20-24,female,-0.1989216867153439
Richland,20-24,female,-0.05933185727072124
Rolette,20-24,female,-0.16743281218659342
Sargent,20-24,female,-0.24257259048339166
Sheridan,20-24,female,-0.2694638392455902
Sioux,20-24,female,-0.1267949822106549
Slope,20-24,female,-0.24733811880288806
Stark,20-24,female,0.13078663536131338
Steele,20-24,female,-0.2695778936951733
Stutsman,20-24,female,-0.005678565070183249
Towner,20-24,female,-0.34302896045267695
Traill,20-24,female,-0.13423458892284737
Walsh,20-24,female,-0.17052076820831977
Ward,20-24,female,0.257687588994711
Wells,20-24,female,-0.2194394710573629
Williams,20-24,female,0.10485216507960245
Adams,25-29,female,0.08548859768547507
Barnes,25-29,female,-0.18708643033827704
Benson,25-29,female,-0.05496088805055036
Billings,25-29,female,0.04479856434952573
Bottineau,25-29,female,-0.05594363726153768
Bowman,25-29,female,0.11358951030542695
Burke,25-29,female,0.45240862198777376
Burleigh,25-29,female,-0.009127019315997343
Cass,25-29,female,-0.1595173371676982
Cavalier,25-29,female,0.06056905609704975
Dickey,25-29,female,-0.1893890974926754
Divide,25-29,female,0.1932089641145757
Dunn,25-29,female,0.23488328669103337
Eddy,25-29,female,0.0638349585671939
Emmons,25-29,female,0.15849011619173548
Foster,25-29,female,0.12072809798789563
Golden Valley,25-29,female,0.1361477676449097
Grand Forks,25-29,female,-0.3244174865454811
Grant,25-29,female,0.17021972114004186
Griggs,25-29,female,0.11790011672884078
Hettinger,25-29,female,0.4038828873656296
Kidder,25-29,female,-0.043743141803389556
LaMoure,25-29,female,0.09421233955936238
Logan,25-29,female,0.2545581807790293
McHenry,25-29,female,0.10951957719234315
McIntosh,25-29,female,0.3991548504947142
McKenzie,25-29,female,0.5136946152377397
McLean,25-29,female,0.1259029514314664
Mercer,25-29,female,0.11169244387124032
Morton,25-29,female,0.21100975208512787
Mountrail,25-29,female,0.10179004427031191
Nelson,25-29,female,0.019258860849649062
Oliver,25-29,female,0.02005026472574031
Pembina,25-29,female,-0.02593238514479191
Pierce,25-29,female,0.03336695576172007
Ramsey,25-29,female,-0.08257537846458406
Ransom,25-29,female,0.14900582178241
Renville,25-29,female,0.04410021531574206
Richland,25-29,female,-0.22198563718729794
Rolette,25-29,female,-0.08478004017282434
Sargent,25-29,female,0.17676531566780862
Sheridan,25-29,female,0.08340033359040211
Sioux,25-29,female,-0.09565095764019972
Slope,25-29,female,0.3425303975309295
Stark,25-29,female,-0.001700310487315464
Steele,25-29,female,0.006006464680044234
Stutsman,25-29,female,-0.1623335476980516
Towner,25-29,female,0.19695940104978793
Traill,25-29,female,-0.13777839927778987
Walsh,25-29,female,-0.0018454063951290711
Ward,25-29,female,-0.062245516242162194
Wells,25-29,female,0.027618142611139467
Williams,25-29,female,0.3019808352942818
Adams,30-34,female,0.17872180652599665
Barnes,30-34,female,0.02562590059093377
Benson,30-34,female,0.004970793448783964
Billings,30-34,female,0.5329777580363658
Bottineau,30-34,female,0.19229252475444236
Bowman,30-34,female,0.14594195372185081
Burke,30-34,female,0.18819691993119986
Burleigh,30-34,female,0.05400189371512514
Cass,30-34,female,0.0027261834478934325
Cavalier,30-34,female,0.23227941826626664
Dickey,30-34,female,0.01947312394345102
Divide,30-34,female,0.2551033406371658
Dunn,30-34,female,0.21267455872799226
Eddy,30-34,female,0.21198145701903012
Emmons,30-34,female,0.12388208498428
Foster,30-34,female,0.03565639873103076
Golden Valley,30-34,female,0.204560350262379
Grand Forks,30-34,female,-0.06918914382225015
Grant,30-34,female,0.12922664531234102
Griggs,30-34,female,0.12194212896273186
Hettinger,30-34,female,0.18846990423918558
Kidder,30-34,female,0.222971902131949
LaMoure,30-34,female,0.3579848411269049
Logan,30-34,female,0.1742275106215175
McHenry,30-34,female,0.17563916480716027
McIntosh,30-34,female,0.11682900976159646
McKenzie,30-34,female,0.440430107389646
McLean,30-34,female,0.20100037001074544
Mercer,30-34,female,0.17338557108052333
Morton,30-34,female,0.10654278054286495
Mountrail,30-34,female,0.1765807138261482
Nelson,30-34,female,0.1060699714242073
Oliver,30-34,female,0.24858990433555508
Pembina,30-34,female,0.08340532647661496
Pierce,30-34,female,0.16820871837639412
Ramsey,30-34,female,0.06005220461444366
Ransom,30-34,female,0.03319698699766639
Renville,30-34,female,0.13500655056628816
Richland,30-34,female,0.023821556541646777
Rolette,30-34,female,-0.019725497075889522
Sargent,30-34,female,0.11114365596481626
Sheridan,30-34,female,0.015597558461053186
Sioux,30-34,female,-0.03266794370854057
Slope,30-34,female,0.04852295166339921
Stark,30-34,female,0.05258245581442837
Steele,30-34,female,0.1918724469013015
Stutsman,30-34,female,0.02437897772598617
Towner,30-34,female,0.12271696827897058
Traill,30-34,female,0.11057216230835547
Walsh,30-34,female,0.05151876213952292
Ward,30-34,female,-0.04521570696123667
Wells,30-34,female,0.12597159787664527
Williams,30-34,female,0.24237693394651347
Adams,35-39,female,-0.033905527004086444
Barnes,35-39,female,0.034858674727525456
Benson,35-39,female,-0.04849904046884855
Billings,35-39,female,-0.04333880347498539
Bottineau,35-39,female,0.050700557955279654
Bowman,35-39,female,0.05127976392636346
Burke,35-39,female,0.10570838872788593
Burleigh,35-39,female,0.035053298943511536
Cass,35-39,female,-0.008179577117219786
Cavalier,35-39,female,0.05467547747285648
Dickey,35-39,female,0.0048917484181117315
Divide,35-39,female,0.07976356816743939
Dunn,35-39,female,0.08707307121386508
Eddy,35-39,female,0.054697991562157475
Emmons,35-39,female,0.10519743789376118
Foster,35-39,female,0.044440989908144664
Golden Valley,35-39,female,0.05365504073812728
Grand Forks,35-39,female,-0.07425240422662989
Grant,35-39,female,0.014725541492088606
Griggs,35-39,female,0.07065019572947745
Hettinger,35-39,female,0.00858865167740952
Kidder,35-39,female,0.024401273638369494
LaMoure,35-39,female,-0.022700579225580348
Logan,35-39,female,0.09203723708468343
McHenry,35-39,female,0.0700119825540292
McIntosh,35-39,female,-0.08340712789056277
McKenzie,35-39,female,0.21412329929788176
McLean,35-39,female,0.07583754491749427
Mercer,35-39,female,0.07368175419291112
Morton,35-39,female,0.01653837316858576
Mountrail,35-39,female,0.06119099415295723
Nelson,35-39,female,0.058326135572084055
Oliver,35-39,female,0.02426099608739173
Pembina,35-39,female,0.028644084897473433
Pierce,35-39,female,0.08062643404468926
Ramsey,35-39,female,-0.016976630434321422
Ransom,35-39,female,0.023954207580960788
Renville,35-39,female,0.052344594660720806
Richland,35-39,female,0.009339100759962624
Rolette,35-39,female,-0.012238650347284103
Sargent,35-39,female,-0.05033124724405369
Sheridan,35-39,female,0.14436871498754714
Sioux,35-39,female,-0.0589368989285141
Slope,35-39,female,0.05030891689953387
Stark,35-39,female,0.0838604716599665
Steele,35-39,female,-0.004241826027410707
Stutsman,35-39,female,0.019882277266916683
Towner,35-39,female,0.11729016686692044
Traill,35-39,female,0.03860177247392938
Walsh,35-39,female,0.017284483207872646
Ward,35-39,female,-0.03575381855607005
Wells,35-39,female,-0.002652307159105093
Williams,35-39,female,0.10455351531207194
Adams,40-44,female,0.024731244238161997
Barnes,40-44,female,0.007159939003687757
Benson,40-44,female,-0.03237093371485777
Billings,40-44,female,0.051456070719284444
Bottineau,40-44,female,-0.02090402317125519
Bowman,40-44,female,-0.03638282759300119
Burke,40-44,female,-0.05085086507456784
Burleigh,40-44,female,0.03570152880332407
Cass,40-44,female,0.0017551448888274994
Cavalier,40-44,female,-0.03172555248374425
Dickey,40-44,female,0.0032861802259142683
Divide,40-44,female,0.07388553888616249
Dunn,40-44,female,0.014590179299511783
Eddy,40-44,female,-0.043068125393521395
Emmons,40-44,female,0.01923270903857052
Foster,40-44,female,-0.011924949756978085
Golden Valley,40-44,female,0.09310939942030244
Grand Forks,40-44,female,-0.042884407430573916
Grant,40-44,female,0.011038930918981825
Griggs,40-44,female,0.004102429882314044
Hettinger,40-44,female,0.10434604062510701
Kidder,40-44,female,0.03354366410889717
LaMoure,40-44,female,0.07191561181687178
Logan,40-44,female,-0.05025115903097046
McHenry,40-44,female,-0.0009872712379762618
McIntosh,40-44,female,0.04798335787447192
McKenzie,40-44,female,0.2868793480392392
McLean,40-44,female,0.04766458907657324
Mercer,40-44,female,0.02025530004498524
Morton,40-44,female,0.03323066046889895
Mountrail,40-44,female,0.1400473109735406
Nelson,40-44,female,0.00836096701856541
Oliver,40-44,female,0.04750443315826385
Pembina,40-44,female,-0.04414494071131159
Pierce,40-44,female,-0.03181777706906995
Ramsey,40-44,female,-6.877678270798152e-05
Ransom,40-44,female,0.04308924509780833
Renville,40-44,female,0.012717779425450179
Richland,40-44,female,-0.009715373960937563
Rolette,40-44,female,-0.029180579005691775
Sargent,40-44,female,0.014460757094759137
Sheridan,40-44,female,0.015128335169899688
Sioux,40-44,female,-0.05771268770422298
Slope,40-44,female,0.00453419787715559
Stark,40-44,female,0.05480141024139429
Steele,40-44,female,0.03432245804724641
Stutsman,40-44,female,-0.008297888899044922
Towner,40-44,female,-0.004197796518156176
Traill,40-44,female,0.0130757904017793
Walsh,40-44,female,-0.0016462143731855003
Ward,40-44,female,-0.03676007650720032
Wells,40-44,female,0.02554356412228472
Williams,40-44,female,0.14226489598847347
Adams,45-49,female,0.0035499334191570185
Barnes,45-49,female,0.015039804625132373
Benson,45-49,female,-0.049826229145717896
Billings,45-49,female,0.04177087772839817
Bottineau,45-49,female,0.029010517913326997
Bowman,45-49,female,-0.0070348176630101985
Burke,45-49,female,0.10289817600211813
Burleigh,45-49,female,0.028339184442339446
Cass,45-49,female,0.006421301019871324
Cavalier,45-49,female,-0.020348578372271206
Dickey,45-49,female,-0.012601865614821071
Divide,45-49,female,0.015638057282376473
Dunn,45-49,female,0.033468258490843304
Eddy,45-49,female,-0.03645957575853824
Emmons,45-49,female,-0.0433069696747602
Foster,45-49,female,-0.0025914765174254594
Golden Valley,45-49,female,-0.06066834364606767
Grand Forks,45-49,female,-0.020153608858663793
Grant,45-49,female,0.046867653803955016
Griggs,45-49,female,0.009650598222532046
Hettinger,45-49,female,-0.052472934568192624
Kidder,45-49,female,0.023084270541715333
LaMoure,45-49,female,-0.033095883377626985
Logan,45-49,female,0.023766762966696137
McHenry,45-49,female,-0.00177585131721722
McIntosh,45-49,female,-0.03340997203981078
McKenzie,45-49,female,0.137482825719761
McLean,45-49,female,0.01039634641704809
Mercer,45-49,female,-0.00759892645109013
Morton,45-49,female,0.021079003152422334
Mountrail,45-49,female,0.09535395159187947
Nelson,45-49,female,0.041370678675318545
Oliver,45-49,female,0.06369080800164059
Pembina,45-49,female,-0.038464681626705174
Pierce,45-49,female,-0.012195528646253414
Ramsey,45-49,female,-0.010222588599989776
Ransom,45-49,female,0.0037327571717623727
Renville,45-49,female,-0.0026076237706820563
Richland,45-49,female,-0.018347453792639037
Rolette,45-49,female,-0.0490306567348838
Sargent,45-49,female,-0.005933462883545009
Sheridan,45-49,female,-0.0027600025680101403
Sioux,45-49,female,-8.704368276815491e-05
Slope,45-49,female,0.07090027834472476
Stark,45-49,female,0.038078086120555375
Steele,45-49,female,-0.032597975418788595
Stutsman,45-49,female,-0.013114748189791607
Towner,45-49,female,-0.0745737547218668
Traill,45-49,female,-0.028893423366075966
Walsh,45-49,female,-0.024445828282175477
Ward,45-49,female,-0.003412406612151024
Wells,45-49,female,0.01968134888621175
Williams,45-49,female,0.10043320200797576
Adams,50-54,female,-0.008458204774832048
Barnes,50-54,female,0.01277541174501746
Benson,50-54,female,-0.04098770393307421
Billings,50-54,female,0.012739708788444215
Bottineau,50-54,female,-0.015458113235362513
Bowman,50-54,female,-0.005969485959087594
Burke,50-54,female,-0.021582847292434426
Burleigh,50-54,female,0.022133489135519192
Cass,50-54,female,0.009256879889561613
Cavalier,50-54,female,-0.013293807121929816
Dickey,50-54,female,-0.021473188020228864
Divide,50-54,female,0.11141300723689716
Dunn,50-54,female,0.04769507999755508
Eddy,50-54,female,0.019844690069489128
Emmons,50-54,female,0.025660897130213342
Foster,50-54,female,0.005330983489034486
Golden Valley,50-54,female,0.03339807212247933
Grand Forks,50-54,female,-0.023056500338773624
Grant,50-54,female,-0.04969385516759382
Griggs,50-54,female,-0.02574830828048239
Hettinger,50-54,female,-0.02587884715682413
Kidder,50-54,female,-0.04011185836252651
LaMoure,50-54,female,-0.011630232025253448
Logan,50-54,female,-0.004371299951529221
McHenry,50-54,female,-0.011870565786113436
McIntosh,50-54,female,0.02140955726873864
McKenzie,50-54,female,0.10366404681965591
McLean,50-54,female,0.0275078027787646
Mercer,50-54,female,-0.007233211561477208
Morton,50-54,female,0.01730145676253564
Mountrail,50-54,female,0.04050723828429089
Nelson,50-54,female,0.023172230406688577
Oliver,50-54,female,-0.034490360342003874
Pembina,50-54,female,0.013101161717007086
Pierce,50-54,female,0.002052215335298805
Ramsey,50-54,female,-0.0012881562380623111
Ransom,50-54,female,0.007137895718413218
Renville,50-54,female,-0.055248917503773545
Richland,50-54,female,-0.009472518608062981
Rolette,50-54,female,-0.04537065229875718
Sargent,50-54,female,0.003663963753120438
Sheridan,50-54,female,0.017178083602367313
Sioux,50-54,female,-0.06442457398113582
Slope,50-54,female,0.03807001680445823
Stark,50-54,female,0.0347107052532934
Steele,50-54,female,-0.06054964492364206
Stutsman,50-54,female,0.022197612016771312
Towner,50-54,female,0.024613531423123877
Traill,50-54,female,-0.005350934479422635
Walsh,50-54,female,-0.01114005221435312
Ward,50-54,female,-0.020519252866345185
Wells,50-54,female,-0.012515671542118762
Williams,50-54,female,0.07163530031173802
Adams,55-59,female,-0.029875807273282443
Barnes,55-59,female,-0.010089024723141226
Benson,55-59,female,-0.007818264103502745
Billings,55-59,female,-0.047992153892546456
Bottineau,55-59,female,-0.005189336554215334
Bowman,55-59,female,-0.014481255028667232
Burke,55-59,female,-0.01153716886079062
Burleigh,55-59,female,0.012497303477064679
Cass,55-59,female,0.0026449105595375976
Cavalier,55-59,female,-0.04664785175930429
Dickey,55-59,female,0.01579054847893008
Divide,55-59,female,0.025647037114376884
Dunn,55-59,female,-0.03709467030009165
Eddy,55-59,female,0.003395084330677047
Emmons,55-59,female,-0.015958105811682482
Foster,55-59,female,-0.014757114631702541
Golden Valley,55-59,female,-0.027549410614169503
Grand Forks,55-59,female,-0.021019689650501282
Grant,55-59,female,0.04464891787638564
Griggs,55-59,female,-0.029866222761362186
Hettinger,55-59,female,-0.055997468535483534
Kidder,55-59,female,0.03251785958633232
LaMoure,55-59,female,-0.02201443171418025
Logan,55-59,female,-0.01449083513719392
McHenry,55-59,female,-0.02864184865649479
McIntosh,55-59,female,0.00871934830852941
McKenzie,55-59,female,0.0910327031650956
McLean,55-59,female,0.04067709121280399
Mercer,55-59,female,-0.035414829631409045
Morton,55-59,female,0.00479280824690433
Mountrail,55-59,female,0.02259808408794963
Nelson,55-59,female,-0.0019839830809774447
Oliver,55-59,female,-0.06371654322170207
Pembina,55-59,female,-0.038875255072851035
Pierce,55-59,female,-0.014762639481404067
Ramsey,55-59,female,-0.00532659421480913
Ransom,55-59,female,0.01938934987667869
Renville,55-59,female,0.02130052433755876
Richland,55-59,female,-0.023035571667313688
Rolette,55-59,female,-0.041939353682401176
Sargent,55-59,female,-0.02110623052217743
Sheridan,55-59,female,-0.016298035443280665
Sioux,55-59,female,-0.02826215307627737
Slope,55-59,female,-0.0208660059859107
Stark,55-59,female,-0.005520850778597082
Steele,55-59,female,-0.008109929576061511
Stutsman,55-59,female,-0.017042377893852056
Towner,55-59,female,-0.02244055134068747
Traill,55-59,female,-0.002714195945626361
Walsh,55-59,female,-0.034748442759735786
Ward,55-59,female,-0.017557388963288092
Wells,55-59,female,-0.009439599970970776
Williams,55-59,female,0.024318999214305807
Adams,60-64,female,0.027083081509633886
Barnes,60-64,female,-0.0056603168230707586
Benson,60-64,female,-0.022345293377186264
Billings,60-64,female,-0.024881732696097607
Bottineau,60-64,female,0.0033193734090633613
Bowman,60-64,female,0.02255889362926705
Burke,60-64,female,-0.011604734251475672
Burleigh,60-64,female,0.0020166741984444774
Cass,60-64,female,-0.005996659867744339
Cavalier,60-64,female,-0.0547147447041717
Dickey,60-64,female,-0.031764279673262695
Divide,60-64,female,0.009245095160719911
Dunn,60-64,female,-0.022772118425931177
Eddy,60-64,female,-0.028424303578022454
Emmons,60-64,female,0.011124482755069292
Foster,60-64,female,0.028387201187947728
Golden Valley,60-64,female,0.0730466181799161
Grand Forks,60-64,female,-0.03584888135626215
Grant,60-64,female,-0.022823454884429478
Griggs,60-64,female,0.04742756592527092
Hettinger,60-64,female,0.02236407215352931
Kidder,60-64,female,-0.06969816871967056
LaMoure,60-64,female,0.03216105070606807
Logan,60-64,female,0.03527868438399936
McHenry,60-64,female,-0.008528723683590542
McIntosh,60-64,female,0.01101028938507379
McKenzie,60-64,female,0.02249019961867486
McLean,60-64,female,0.015994370058948153
Mercer,60-64,female,-0.039862903108024574
Morton,60-64,female,0.01795482516091463
Mountrail,60-64,female,0.014762236055653527
Nelson,60-64,female,0.001274336113011905
Oliver,60-64,female,-0.004299764502331743
Pembina,60-64,female,-0.039009030568648
Pierce,60-64,female,-0.00899378880987607
Ramsey,60-64,female,-0.034792797581126585
Ransom,60-64,female,-0.00968580568901414
Renville,60-64,female,-0.005289375168271444
Richland,60-64,female,-0.03969904152057109
Rolette,60-64,female,-0.05159891922077733
Sargent,60-64,female,-0.04735792843144684
Sheridan,60-64,female,-0.028670378476793684
Sioux,60-64,female,-0.08050957980603932
Slope,60-64,female,0.019349630491307387
Stark,60-64,female,-0.011148193246267826
Steele,60-64,female,-0.03588425202989852
Stutsman,60-64,female,-0.014534199688570676
Towner,60-64,female,-0.0021964731154793284
Traill,60-64,female,-0.012885182891291407
Walsh,60-64,female,-0.018912353642138113
Ward,60-64,female,-0.024569117972113728
Wells,60-64,female,0.010815189727040495
Williams,60-64,female,-0.026222292693082856
Adams,65-69,female,-0.039374939667397406
Barnes,65-69,female,-0.006066325749899449
Benson,65-69,female,-0.07993592926825993
Billings,65-69,female,-0.06713948787894981
Bottineau,65-69,female,-0.007885434828170154
Bowman,65-69,female,-0.04657204817656684
Burke,65-69,female,-0.07540016430133016
Burleigh,65-69,female,0.017331792748202984
Cass,65-69,female,-0.012936504947461895
Cavalier,65-69,female,-0.03388368934809489
Dickey,65-69,female,0.00819605506117288
Divide,65-69,female,-0.060185622039505005
Dunn,65-69,female,-0.04864297828174717
Eddy,65-69,female,0.0210730794532919
Emmons,65-69,female,0.03113007275819922
Foster,65-69,female,-0.014337840243354381
Golden Valley,65-69,female,-0.012452319793758541
Grand Forks,65-69,female,-0.03345302429984195
Grant,65-69,female,0.03643151081538329
Griggs,65-69,female,-0.012685679116244986
Hettinger,65-69,female,-0.055038936015926146
Kidder,65-69,female,-0.006104205550386541
LaMoure,65-69,female,-0.0003735840730329636
Logan,65-69,female,-0.06864870471375809
McHenry,65-69,female,-0.054030886580322506
McIntosh,65-69,female,-0.014831831521736883
McKenzie,65-69,female,-0.009668896153872123
McLean,65-69,female,0.006165945827716054
Mercer,65-69,female,-0.025106251871609427
Morton,65-69,female,-0.014701828936761224
Mountrail,65-69,female,-0.09136556239967081
Nelson,65-69,female,0.013918979962282712
Oliver,65-69,female,-0.04926843691863187
Pembina,65-69,female,-0.039781529352685946
Pierce,65-69,female,-0.03135317766546018
Ramsey,65-69,female,-0.032809745162676124
Ransom,65-69,female,-0.07159007478703451
Renville,65-69,female,-0.0992636620826328
Richland,65-69,female,-0.03447530107491138
Rolette,65-69,female,-0.058411138699046246
Sargent,65-69,female,-0.028822509877961717
Sheridan,65-69,female,-0.03664138214448084
Sioux,65-69,female,-0.051250626951876425
Slope,65-69,female,-0.06537174165643794
Stark,65-69,female,-0.03557826566183695
Steele,65-69,female,-0.008600330402849831
Stutsman,65-69,female,-0.037435499383516355
Towner,65-69,female,-0.07640615341511918
Traill,65-69,female,-0.029794899879668168
Walsh,65-69,female,-0.04514076590717524
Ward,65-69,female,-0.03196715120000482
Wells,65-69,female,-0.00033135691210032863
Williams,65-69,female,-0.06693419609671714
Adams,70-74,female,-0.039832537376166
Barnes,70-74,female,-0.027720281119119738
Benson,70-74,female,-0.09211168504817224
Billings,70-74,female,-0.02277628400926533
Bottineau,70-74,female,-0.03409089339956562
Bowman,70-74,female,-0.06113907970792763
Burke,70-74,female,-0.015821461088316266
Burleigh,70-74,female,0.007686383104483487
Cass,70-74,female,0.00954659930346022
Cavalier,70-74,female,-0.0661736210337715
Dickey,70-74,female,-0.06773473323669875
Divide,70-74,female,-0.04809548102877264
Dunn,70-74,female,-0.10008754430746755
Eddy,70-74,female,-0.07431837666396272
Emmons,70-74,female,-0.07709921971474915
Foster,70-74,female,-0.04912793648827269
Golden Valley,70-74,female,-0.0141582894685776
Grand Forks,70-74,female,-0.01870853835722965
Grant,70-74,female,-0.0401703252061071
Griggs,70-74,female,-0.026697030641749567
Hettinger,70-74,female,-0.02860193297540763
Kidder,70-74,female,-0.08150213522909575
LaMoure,70-74,female,-0.045135811592939966
Logan,70-74,female,-0.06287635678100162
McHenry,70-74,female,-0.031084766911235302
McIntosh,70-74,female,0.00881593239417284
McKenzie,70-74,female,-0.05576535398694077
McLean,70-74,female,-0.0437276965258147
Mercer,70-74,female,-0.029606197146754092
Morton,70-74,female,-0.012053812481536808
Mountrail,70-74,female,-0.0448989863619785
Nelson,70-74,female,-0.04381703343988454
Oliver,70-74,female,-0.13347492725810758
Pembina,70-74,female,-0.08440002782360731
Pierce,70-74,female,-0.012380074231307095
Ramsey,70-74,female,-0.017137615191604706
Ransom,70-74,female,-0.04837440706185462
Renville,70-74,female,-0.07595212465360919
Richland,70-74,female,-0.017844344952814107
Rolette,70-74,female,-0.1129949300564872
Sargent,70-74,female,-0.039304652887207726
Sheridan,70-74,female,-0.02748835428372862
Sioux,70-74,female,-0.15092094557150626
Slope,70-74,female,-0.0821070145101236
Stark,70-74,female,-0.027742174854554297
Steele,70-74,female,-0.039968290965014704
Stutsman,70-74,female,-0.031874367477426176
Towner,70-74,female,-0.016781560533450722
Traill,70-74,female,-0.037893824549585765
Walsh,70-74,female,-0.033162018020283734
Ward,70-74,female,-0.02860415647516984
Wells,70-74,female,-0.023227522288049467
Williams,70-74,female,-0.042914353511124756
Adams,75-79,female,-0.06987819199066889
Barnes,75-79,female,-0.04549571483468093
Benson,75-79,female,-0.1272821757660726
Billings,75-79,female,-0.03696001187174908
Bottineau,75-79,female,-0.07197467575048427
Bowman,75-79,female,0.009744667998072273
Burke,75-79,female,-0.13407598581144853
Burleigh,75-79,female,0.004629929428046917
Cass,75-79,female,0.0014292497372232935
Cavalier,75-79,female,-0.052593871941821725
Dickey,75-79,female,-0.039687634259032635
Divide,75-79,female,-0.11852813501173726
Dunn,75-79,female,-0.033644418470288255
Eddy,75-79,female,-0.09760240248926542
Emmons,75-79,female,-0.05868058765318384
Foster,75-79,female,-0.008512378951480768
Golden Valley,75-79,female,-0.04469319125523807
Grand Forks,75-79,female,-0.032753940420364586
Grant,75-79,female,-0.06503968044027121
Griggs,75-79,female,0.014868445961312439
Hettinger,75-79,female,-0.05874659180412045
Kidder,75-79,female,-0.05497041820435546
LaMoure,75-79,female,-0.04768630859278023
Logan,75-79,female,-0.03430135364405897
McHenry,75-79,female,-0.11073457167555845
McIntosh,75-79,female,-0.04989744669149389
McKenzie,75-79,female,-0.05876007961435597
McLean,75-79,female,-0.08773539772794572
Mercer,75-79,female,-0.025929377146276387
Morton,75-79,female,-0.010813896936701917
Mountrail,75-79,female,-0.09343221796515118
Nelson,75-79,female,-0.12414371154257299
Oliver,75-79,female,-0.1507329432197347
Pembina,75-79,female,-0.030750687832738627
Pierce,75-79,female,-0.012153602593785433
Ramsey,75-79,female,-0.022531438689361222
Ransom,75-79,female,0.01774909114759739
Renville,75-79,female,-0.08288459410719363
Richland,75-79,female,-0.04808381173869347
Rolette,75-79,female,-0.08990131874176634
Sargent,75-79,female,-0.11348253664126172
Sheridan,75-79,female,-0.08815415709891193
Sioux,75-79,female,-0.10291873050746549
Slope,75-79,female,0.06926071790347003
Stark,75-79,female,-0.013398044688120097
Steele,75-79,female,-0.041692626688048816
Stutsman,75-79,female,-0.062490451239892116
Towner,75-79,female,-0.05212335302580685
Traill,75-79,female,-0.051478149957697485
Walsh,75-79,female,-0.05249976029443801
Ward,75-79,female,-0.0332624255674506
Wells,75-79,female,-0.06301086234129055
Williams,75-79,female,-0.05381938543369374
Adams,80-84,female,0.020324271120530913
Barnes,80-84,female,-0.07687637469748551
Benson,80-84,female,-0.1882828450727247
Billings,80-84,female,-0.06059030908156969
Bottineau,80-84,female,-0.0665172086852551
Bowman,80-84,female,-0.09867668939412867
Burke,80-84,female,-0.13152319819186803
Burleigh,80-84,female,0.019214478352357706
Cass,80-84,female,0.02462120556158206
Cavalier,80-84,female,-0.043695775659838544
Dickey,80-84,female,-0.05651934637043384
Divide,80-84,female,-0.07501206533489516
Dunn,80-84,female,-0.1385586499348296
Eddy,80-84,female,-0.11424418456003788
Emmons,80-84,female,-0.05914353097446151
Foster,80-84,female,-0.08517230728193016
Golden Valley,80-84,female,-0.02585996208856553
Grand Forks,80-84,female,0.0018912202371428447
Grant,80-84,female,-0.043216424002946036
Griggs,80-84,female,-0.05726077896239893
Hettinger,80-84,female,-0.15031651474083363
Kidder,80-84,female,-0.07342161995185456
LaMoure,80-84,female,-0.06367609024901659
Logan,80-84,female,-0.07865640222230848
McHenry,80-84,female,-0.03754165432181536
McIntosh,80-84,female,-0.05437248415840846
McKenzie,80-84,female,-0.06948775602898319
McLean,80-84,female,-0.12954020284972037
Mercer,80-84,female,-0.0026125552126616634
Morton,80-84,female,-0.037045486031141175
Mountrail,80-84,female,-0.17066263359886744
Nelson,80-84,female,-0.0815000808334053
Oliver,80-84,female,0.018947194166245754
Pembina,80-84,female,-0.07137090922895982
Pierce,80-84,female,-0.02185381308526807
Ramsey,80-84,female,-0.0697743079423731
Ransom,80-84,female,-0.052058591278737014
Renville,80-84,female,-0.12077403124698861
Richland,80-84,female,-0.06125795350002682
Rolette,80-84,female,-0.1459755541550216
Sargent,80-84,female,-0.048396493106376004
Sheridan,80-84,female,-0.17897888296376152
Sioux,80-84,female,-0.1410802771897924
Slope,80-84,female,-0.07293839645613846
Stark,80-84,female,-0.007597243071092824
Steele,80-84,female,-0.12279879888728822
Stutsman,80-84,female,-0.025865075030274836
Towner,80-84,female,-0.10605548690064397
Traill,80-84,female,-0.03583894673917364
Walsh,80-84,female,-0.10292845792560044
Ward,80-84,female,-0.019029636972924625
Wells,80-84,female,-0.07997423476716979
Williams,80-84,female,-0.061618193363754716
Adams,85+,female,-0.02099983185230318
Barnes,85+,female,0.01394478552864829
Benson,85+,female,-0.1816334157151265
Billings,85+,female,0.07423565567332942
Bottineau,85+,female,-0.12843581459437273
Bowman,85+,female,-0.00848368323008025
Burke,85+,female,-0.1425285326368675
Burleigh,85+,female,0.0907438514052122
Cass,85+,female,0.05611404395142964
Cavalier,85+,female,-0.08129568730063529
Dickey,85+,female,-0.0479249927934325
Divide,85+,female,0.02727032376300749
Dunn,85+,female,-0.04625744740773043
Eddy,85+,female,0.05196673480574299
Emmons,85+,female,-0.07215143392275275
Foster,85+,female,0.030943975931051977
Golden Valley,85+,female,0.022782402142619253
Grand Forks,85+,female,0.030665241001048227
Grant,85+,female,-0.051738049357552
Griggs,85+,female,0.05938897339601795
Hettinger,85+,female,-0.055465177787157594
Kidder,85+,female,-0.10073176982298776
LaMoure,85+,female,-0.02272073089907358
Logan,85+,female,-0.11862301111209217
McHenry,85+,female,-0.07759821045289156
McIntosh,85+,female,0.019603524509118637
McKenzie,85+,female,-0.03529500801724659
McLean,85+,female,-0.02398323303416761
Mercer,85+,female,-0.04431173971070252
Morton,85+,female,0.02018715920024854
Mountrail,85+,female,-0.12812770423706973
Nelson,85+,female,-0.05730402341817227
Oliver,85+,female,0.013869670777269309
Pembina,85+,female,-0.034423904049684095
Pierce,85+,female,-0.03839921222399555
Ramsey,85+,female,-0.018745472339774444
Ransom,85+,female,0.06439105548571193
Renville,85+,female,-0.04857591587820619
Richland,85+,female,0.020763970774521953
Rolette,85+,female,-0.1301358409360088
Sargent,85+,female,-0.054657206367951974
Sheridan,85+,female,0.07099577431278334
Sioux,85+,female,-0.24903190777116782
Slope,85+,female,-0.10749672662366398
Stark,85+,female,0.05821925437809786
Steele,85+,female,-0.18416598119815916
Stutsman,85+,female,-0.03356050831347602
Towner,85+,female,-0.03268655090040237
Traill,85+,female,0.04083261304148508
Walsh,85+,female,0.0021510954495666417
Ward,85+,female,0.004699758492304188
Wells,85+,female,-0.026912678614146097
Williams,85+,female,-0.022516292326023063
