county_name,age_group,sex,migration_rate
Adams,0-4,male,0.021052189967752155
Barnes,0-4,male,0.09806189256118293
Benson,0-4,male,0.1698938028417346
Billings,0-4,male,0.11429487490383287
Bottineau,0-4,male,0.2254118898114536
Bowman,0-4,male,0.3075022430312629
Burke,0-4,male,0.26286042630978435
Burleigh,0-4,male,0.11227689012769698
Cass,0-4,male,0.06055160049332702
Cavalier,0-4,male,0.3589024386499534
Dickey,0-4,male,0.18287329901665544
Divide,0-4,male,0.38957441726149994
Dunn,0-4,male,0.1580439595767551
Eddy,0-4,male,0.2417352163953107
Emmons,0-4,male,0.46279138905556205
Foster,0-4,male,0.14017483924782104
Golden Valley,0-4,male,0.02959770728352605
Grand Forks,0-4,male,-0.04623086919073073
Grant,0-4,male,0.02187396679640796
Griggs,0-4,male,0.08162396883946499
Hettinger,0-4,male,0.03621514001877485
Kidder,0-4,male,0.22506706955682546
LaMoure,0-4,male,0.18744073480739387
Logan,0-4,male,0.406541143781842
McHenry,0-4,male,0.15619188995318856
McIntosh,0-4,male,0.20840360787897905
McKenzie,0-4,male,0.6564002623356435
McLean,0-4,male,0.24455779877597789
Mercer,0-4,male,0.16071244968750556
Morton,0-4,male,0.13875043011385763
Mountrail,0-4,male,0.17322724000743245
Nelson,0-4,male,0.2421431300351985
Oliver,0-4,male,0.0877825602916949
Pembina,0-4,male,0.19154381988376323
Pierce,0-4,male,0.34824223913237407
Ramsey,0-4,male,0.15082820966025703
Ransom,0-4,male,0.2665234594585024
Renville,0-4,male,0.13017899436758712
Richland,0-4,male,0.21721366509668727
Rolette,0-4,male,0.18764177717704375
Sargent,0-4,male,0.18868165335058706
Sheridan,0-4,male,0.15992487189740484
Sioux,0-4,male,0.3083163439207669
Slope,0-4,male,0.3355434742350553
Stark,0-4,male,0.10050434726449287
Steele,0-4,male,0.2239090418090538
Stutsman,0-4,male,0.0724749306700791
Towner,0-4,male,0.3112291895558096
Traill,0-4,male,0.12952801579987447
Walsh,0-4,male,0.20453089461802054
Ward,0-4,male,0.040410425812350416
Wells,0-4,male,0.18464012178054234
Williams,0-4,male,0.25062152011978
Adams,5-9,male,0.0895178165254498
Barnes,5-9,male,0.03809763533606141
Benson,5-9,male,-0.03583566429770419
Billings,5-9,male,-0.024005380900678417
Bottineau,5-9,male,0.1028286121730494
Bowman,5-9,male,0.015211751280854204
Burke,5-9,male,0.2075737464704931
Burleigh,5-9,male,0.09690895139260448
Cass,5-9,male,0.029111223077478425
Cavalier,5-9,male,-0.0035342579437293974
Dickey,5-9,male,0.08884379975188386
Divide,5-9,male,0.30764561564134035
Dunn,5-9,male,0.0738438156036509
Eddy,5-9,male,0.13391043762812202
Emmons,5-9,male,0.02570549061863854
Foster,5-9,male,0.06561714815150908
Golden Valley,5-9,male,-0.001338700957371118
Grand Forks,5-9,male,-0.0682978009639369
Grant,5-9,male,0.10004992862990841
Griggs,5-9,male,0.16055966856097492
Hettinger,5-9,male,0.33902326745026
Kidder,5-9,male,0.08072964350095431
LaMoure,5-9,male,0.11029745666514629
Logan,5-9,male,0.033718307722116155
McHenry,5-9,male,0.22182432727293347
McIntosh,5-9,male,-0.04291505797597836
McKenzie,5-9,male,0.4000444126992374
McLean,5-9,male,0.0855097730657145
Mercer,5-9,male,0.24086946373914137
Morton,5-9,male,0.06942149431032874
Mountrail,5-9,male,0.24027344682550092
Nelson,5-9,male,0.08452733374286435
Oliver,5-9,male,0.37103874028258366
Pembina,5-9,male,0.010150536914574005
Pierce,5-9,male,0.1275110421899582
Ramsey,5-9,male,0.006072078978339021
Ransom,5-9,male,0.11095014212043744
Renville,5-9,male,0.11306787055909231
Richland,5-9,male,-0.0006419983049379199
Rolette,5-9,male,0.004678559485448805
Sargent,5-9,male,0.12788501308357617
Sheridan,5-9,male,0.580621299210824
Sioux,5-9,male,-0.07215406193784585
Slope,5-9,male,0.049322296181934136
Stark,5-9,male,0.2343744431394173
Steele,5-9,male,-0.041769130394235715
Stutsman,5-9,male,0.07959593476472444
Towner,5-9,male,-0.05089569075816242
Traill,5-9,male,0.09357687624048261
Walsh,5-9,male,-0.0872168400185225
Ward,5-9,male,-0.07642752957057994
Wells,5-9,male,0.15722887051215645
Williams,5-9,male,0.3319243852809785
Adams,10-14,male,0.10340297776378188
Barnes,10-14,male,0.0720584737919969
Benson,10-14,male,-0.015049243262514389
Billings,10-14,male,0.16883379962035594
Bottineau,10-14,male,0.13810558210350118
Bowman,10-14,male,0.11102678122942178
Burke,10-14,male,0.1067314943044792
Burleigh,10-14,male,0.07954242265562539
Cass,10-14,male,0.03930097327186054
Cavalier,10-14,male,0.1358543327148626
Dickey,10-14,male,-0.019605966817854252
Divide,10-14,male,0.1603278691380193
Dunn,10-14,male,0.1512101805748949
Eddy,10-14,male,-0.057877837151379785
Emmons,10-14,male,0.04882459870036737
Foster,10-14,male,0.014707782400773469
Golden Valley,10-14,male,0.13861666504793013
Grand Forks,10-14,male,-0.036527885982542474
Grant,10-14,male,0.0989462235176877
Griggs,10-14,male,0.14927567522522134
Hettinger,10-14,male,0.07924122428675122
Kidder,10-14,male,0.003533894958031362
LaMoure,10-14,male,0.13454039488140024
Logan,10-14,male,0.10491078338652327
McHenry,10-14,male,0.10209746096327663
McIntosh,10-14,male,-0.00934085339500796
McKenzie,10-14,male,0.5397667785178394
McLean,10-14,male,0.13969086369818132
Mercer,10-14,male,0.04681307390018884
Morton,10-14,male,0.07901176345369798
Mountrail,10-14,male,0.16806734258651704
Nelson,10-14,male,0.041423189677020945
Oliver,10-14,male,0.058741020155461274
Pembina,10-14,male,0.02187886669629502
Pierce,10-14,male,0.033515785146443836
Ramsey,10-14,male,0.04193716768936965
Ransom,10-14,male,0.09478673710988757
Renville,10-14,male,0.07436318125710434
Richland,10-14,male,0.012720389397919526
Rolette,10-14,male,-0.04331709073847068
Sargent,10-14,male,0.07984120444855915
Sheridan,10-14,male,-0.13229893660887546
Sioux,10-14,male,-0.07787892400830268
Slope,10-14,male,0.1196187000151099
Stark,10-14,male,0.11350372037201537
Steele,10-14,male,0.015259769761218456
Stutsman,10-14,male,0.02795919769934778
Towner,10-14,male,0.16083741251439707
Traill,10-14,male,0.06468768125356694
Walsh,10-14,male,0.10388880085225885
Ward,10-14,male,-0.02533359193689451
Wells,10-14,male,-0.001744119687901724
Williams,10-14,male,0.29387147564443156
Adams,15-19,male,-0.10632968057698661
Barnes,15-19,male,0.19786012536283287
Benson,15-19,male,-0.1951253353265042
Billings,15-19,male,0.026369602251002378
Bottineau,15-19,male,0.1584806762519417
Bowman,15-19,male,-0.14707128201852426
Burke,15-19,male,-0.10808690400147063
Burleigh,15-19,male,0.1338028302442764
Cass,15-19,male,0.3641764649186174
Cavalier,15-19,male,-0.14707069134086123
Dickey,15-19,male,0.07781245917671092
Divide,15-19,male,-0.05268671892926755
Dunn,15-19,male,-0.05939728361833222
Eddy,15-19,male,-0.05624329652614081
Emmons,15-19,male,-0.07664193938614486
Foster,15-19,male,-0.035239399503400534
Golden Valley,15-19,male,0.10230951509870537
Grand Forks,15-19,male,0.6311412721189276
Grant,15-19,male,-0.08580972828587169
Griggs,15-19,male,-0.13857687029739493
Hettinger,15-19,male,0.015391904311761271
Kidder,15-19,male,-0.0815650871058678
LaMoure,15-19,male,-0.09354299389395765
Logan,15-19,male,-0.09746533429051543
McHenry,15-19,male,-0.047568994286322316
McIntosh,15-19,male,-0.07868958986666869
McKenzie,15-19,male,0.1658647278126507
McLean,15-19,male,-0.04560685723239654
Mercer,15-19,male,-0.08572618392365329
Morton,15-19,male,-0.008141759340408105
Mountrail,15-19,male,0.053873654056472646
Nelson,15-19,male,-0.0724430882684677
Oliver,15-19,male,-0.11487720504275961
Pembina,15-19,male,-0.13535459464398705
Pierce,15-19,male,-0.051455201943316306
Ramsey,15-19,male,0.07688444858059365
Ransom,15-19,male,-0.040981906304676484
Renville,15-19,male,-0.1309797610399349
Richland,15-19,male,0.4326879167490681
Rolette,15-19,male,-0.07953514668877565
Sargent,15-19,male,-0.1452654288297107
Sheridan,15-19,male,-0.1716026145024371
Sioux,15-19,male,0.02725806102112078
Slope,15-19,male,0.056095280005117855
Stark,15-19,male,0.17466838808326202
Steele,15-19,male,-0.0871368198019013
Stutsman,15-19,male,0.1061388303889895
Towner,15-19,male,-0.14978034492547257
Traill,15-19,male,0.2240984917370335
Walsh,15-19,male,0.0022061358786251897
Ward,15-19,male,0.17191974447389996
Wells,15-19,male,-0.05844812115261043
Williams,15-19,male,0.17735832682594221
Adams,20-24,male,-0.3657128461790389
Barnes,20-24,male,-0.054702168595406386
Benson,20-24,male,-0.2959922091107915
Billings,20-24,male,-0.08260957978391048
Bottineau,20-24,male,-0.16398200195182683
Bowman,20-24,male,-0.22662176938923356
Burke,20-24,male,-0.11662804358211178
Burleigh,20-24,male,0.12417027419459395
Cass,20-24,male,0.8414164741182164
Cavalier,20-24,male,-0.3001525706780121
Dickey,20-24,male,-0.07139894755617794
Divide,20-24,male,-0.14901754010104773
Dunn,20-24,male,-0.08216856193864197
Eddy,20-24,male,-0.2992270174881381
Emmons,20-24,male,-0.38536913711875725
Foster,20-24,male,-0.269758099693843
Golden Valley,20-24,male,-0.47596931828750827
Grand Forks,20-24,male,0.9747430366773359
Grant,20-24,male,-0.37549486280850175
Griggs,20-24,male,-0.28452332881172276
Hettinger,20-24,male,-0.37427263786701304
Kidder,20-24,male,-0.24163952700831845
LaMoure,20-24,male,-0.3839031817200612
Logan,20-24,male,-0.2409587995743083
McHenry,20-24,male,-0.34750213066985275
McIntosh,20-24,male,-0.3677800168927155
McKenzie,20-24,male,0.28696974524023794
McLean,20-24,male,-0.33672233368934484
Mercer,20-24,male,-0.3333482272790791
Morton,20-24,male,-0.09998301470147554
Mountrail,20-24,male,0.2863220332051637
Nelson,20-24,male,-0.32718405273135975
Oliver,20-24,male,-0.42738002599693076
Pembina,20-24,male,-0.3208273783207948
Pierce,20-24,male,-0.20969495462644494
Ramsey,20-24,male,-0.15151728744459814
Ransom,20-24,male,-0.27941022006102306
Renville,20-24,male,-0.17721305332901624
Richland,20-24,male,0.10912728849038661
Rolette,20-24,male,-0.3377979136127191
Sargent,20-24,male,-0.28671671400039456
Sheridan,20-24,male,-0.3445885869159684
Sioux,20-24,male,-0.25817885120264483
Slope,20-24,male,-0.32494907886333657
Stark,20-24,male,0.2496657846224205
Steele,20-24,male,-0.35464373573577507
Stutsman,20-24,male,0.10601163471296571
Towner,20-24,male,-0.27900360783421496
Traill,20-24,male,-0.15782006278332206
Walsh,20-24,male,-0.292504776263695
Ward,20-24,male,0.7248653370234834
Wells,20-24,male,-0.37209586915889037
Williams,20-24,male,0.35053985239268654
Adams,25-29,male,0.13923166626592723
Barnes,25-29,male,-0.24975706726201988
Benson,25-29,male,-0.037087202759538467
Billings,25-29,male,0.24632068030222048
Bottineau,25-29,male,-0.197605454863911
Bowman,25-29,male,0.264818205045833
Burke,25-29,male,0.47259038125384784
Burleigh,25-29,male,0.09039324803876861
Cass,25-29,male,-0.18406452242327154
Cavalier,25-29,male,0.01149016857754618
Dickey,25-29,male,-0.2897475465344366
Divide,25-29,male,0.3961512401908578
Dunn,25-29,male,0.4695090958948972
Eddy,25-29,male,0.1395273381054548
Emmons,25-29,male,-0.04389529286488355
Foster,25-29,male,0.02795775883295891
Golden Valley,25-29,male,0.1194096625357548
Grand Forks,25-29,male,-0.43795215900303824
Grant,25-29,male,0.09380254988482153
Griggs,25-29,male,0.16217133724442903
Hettinger,25-29,male,0.24118738884450175
Kidder,25-29,male,0.2019901450477835
LaMoure,25-29,male,0.04234223582413889
Logan,25-29,male,-0.012917200091369332
McHenry,25-29,male,0.24586311987801507
McIntosh,25-29,male,0.054503093732553555
McKenzie,25-29,male,0.6741235223625781
McLean,25-29,male,0.18871574149835954
Mercer,25-29,male,0.3359442726885555
Morton,25-29,male,0.38234267139127487
Mountrail,25-29,male,0.2669301534710089
Nelson,25-29,male,0.20862849080622084
Oliver,25-29,male,0.30210104554553463
Pembina,25-29,male,0.055842252136752805
Pierce,25-29,male,0.009330684598563968
Ramsey,25-29,male,0.0019178667454725802
Ransom,25-29,male,0.1102331442470847
Renville,25-29,male,0.3707260797525387
Richland,25-29,male,-0.43684872692782567
Rolette,25-29,male,-0.12073429553443384
Sargent,25-29,male,0.45306562717600973
Sheridan,25-29,male,0.16712188218679283
Sioux,25-29,male,-0.11802099553798037
Slope,25-29,male,0.6949449726799947
Stark,25-29,male,0.07729357389587889
Steele,25-29,male,0.2924107041553764
Stutsman,25-29,male,-0.15173045750469122
Towner,25-29,male,-0.021114197868980993
Traill,25-29,male,-0.2122684737711175
Walsh,25-29,male,0.02874380487062888
Ward,25-29,male,-0.11094195774041074
Wells,25-29,male,0.09565534930898237
Williams,25-29,male,0.6577648064918795
Adams,30-34,male,0.3468645530151574
Barnes,30-34,male,0.09647427006700562
Benson,30-34,male,-0.008475386717471604
Billings,30-34,male,0.20228166219718038
Bottineau,30-34,male,0.20984226486116728
Bowman,30-34,male,0.16344885192151604
Burke,30-34,male,0.30825155645596924
Burleigh,30-34,male,0.09094172069914334
Cass,30-34,male,0.0424112890577152
Cavalier,30-34,male,0.3482802864289747
Dickey,30-34,male,0.055621160315212366
Divide,30-34,male,0.3940217832943935
Dunn,30-34,male,0.2270290887680127
Eddy,30-34,male,0.18288152581954273
Emmons,30-34,male,0.32625508572149003
Foster,30-34,male,0.18512186970287842
Golden Valley,30-34,male,0.32682903620938486
Grand Forks,30-34,male,-0.14448161800245035
Grant,30-34,male,-0.04300342274208556
Griggs,30-34,male,0.26992615086936056
Hettinger,30-34,male,0.370297057011806
Kidder,30-34,male,0.09324093123921945
LaMoure,30-34,male,0.1116909856706534
Logan,30-34,male,0.2846901528011613
McHenry,30-34,male,0.12777135741817497
McIntosh,30-34,male,0.37027692247619837
McKenzie,30-34,male,0.7072289430288696
McLean,30-34,male,0.3246157163020115
Mercer,30-34,male,0.24395871768450286
Morton,30-34,male,0.17640948524714306
Mountrail,30-34,male,0.221731936174079
Nelson,30-34,male,0.2471842828584309
Oliver,30-34,male,0.14005965243651072
Pembina,30-34,male,0.2144795943006324
Pierce,30-34,male,0.18747187558440478
Ramsey,30-34,male,0.08716443988413748
Ransom,30-34,male,0.2774140975381973
Renville,30-34,male,0.020893818519401808
Richland,30-34,male,0.08391374009618469
Rolette,30-34,male,-0.02141361894354113
Sargent,30-34,male,0.040240320793969574
Sheridan,30-34,male,0.14299704213627934
Sioux,30-34,male,-0.11991750540128217
Slope,30-34,male,0.101701142349333
Stark,30-34,male,0.16711112560761887
Steele,30-34,male,0.16011094148703445
Stutsman,30-34,male,0.08715149735533258
Towner,30-34,male,0.028931297750631378
Traill,30-34,male,0.12105624627878521
Walsh,30-34,male,0.07475383009397375
Ward,30-34,male,-0.07654267138173929
Wells,30-34,male,0.2576752833127399
Williams,30-34,male,0.42230188265391133
Adams,35-39,male,0.0673759345968348
Barnes,35-39,male,0.0381947937858158
Benson,35-39,male,-0.04206468182180945
Billings,35-39,male,0.2990576734147238
Bottineau,35-39,male,0.1149944397098804
Bowman,35-39,male,0.01937433391870435
Burke,35-39,male,0.14619931953163123
Burleigh,35-39,male,0.0934260626791323
Cass,35-39,male,0.007507047137485496
Cavalier,35-39,male,0.02329377107747488
Dickey,35-39,male,0.017102711519617404
Divide,35-39,male,0.13878041880128678
Dunn,35-39,male,0.2566925610229385
Eddy,35-39,male,-0.009133644886186301
Emmons,35-39,male,0.019277458877553638
Foster,35-39,male,0.09132155470956749
Golden Valley,35-39,male,0.0370266158592361
Grand Forks,35-39,male,-0.07210722520053897
Grant,35-39,male,0.3492252211548155
Griggs,35-39,male,0.03671444783711975
Hettinger,35-39,male,0.13208842445604227
Kidder,35-39,male,0.1471293278329243
LaMoure,35-39,male,0.4262790336052996
Logan,35-39,male,0.10121155583271577
McHenry,35-39,male,0.18566747256000962
McIntosh,35-39,male,0.02402000357533044
McKenzie,35-39,male,0.5890211298268971
McLean,35-39,male,0.21607748449771896
Mercer,35-39,male,0.15216971488266182
Morton,35-39,male,0.10184921160611561
Mountrail,35-39,male,0.09914742076044869
Nelson,35-39,male,0.02499892896808336
Oliver,35-39,male,0.10624577420641476
Pembina,35-39,male,0.08326321827934083
Pierce,35-39,male,-0.05114950882407227
Ramsey,35-39,male,-0.012999070989272672
Ransom,35-39,male,0.03190030152368566
Renville,35-39,male,0.15723784313015385
Richland,35-39,male,0.003160272171691972
Rolette,35-39,male,-0.06969189469115333
Sargent,35-39,male,0.0191566529946399
Sheridan,35-39,male,0.14197146785686393
Sioux,35-39,male,-0.03257862822310015
Slope,35-39,male,0.025206615293277484
Stark,35-39,male,0.13873621899968527
Steele,35-39,male,-0.008983362928464137
Stutsman,35-39,male,0.048698733470746075
Towner,35-39,male,0.05900301272405982
Traill,35-39,male,0.06387993898974584
Walsh,35-39,male,-0.023745402069029725
Ward,35-39,male,-0.009170816459935054
Wells,35-39,male,-0.10220817478254801
Williams,35-39,male,0.23822356072656264
Adams,40-44,male,-0.015045968968938166
Barnes,40-44,male,0.02700913340785658
Benson,40-44,male,-0.026223085824467182
Billings,40-44,male,0.13585018495390133
Bottineau,40-44,male,0.03359186279242769
Bowman,40-44,male,0.12395174166685417
Burke,40-44,male,0.18528423185926704
Burleigh,40-44,male,0.06562598353440476
Cass,40-44,male,0.021408356395611425
Cavalier,40-44,male,0.005397945027236627
Dickey,40-44,male,0.012854449414200057
Divide,40-44,male,0.07838637870362557
Dunn,40-44,male,0.029623791839594966
Eddy,40-44,male,0.03593344586887212
Emmons,40-44,male,0.029217819357960504
Foster,40-44,male,0.04829259738935828
Golden Valley,40-44,male,-0.00743184219769422
Grand Forks,40-44,male,-0.07391469604900949
Grant,40-44,male,0.07582206316725168
Griggs,40-44,male,0.09280523694535692
Hettinger,40-44,male,0.043474410441132365
Kidder,40-44,male,0.06757745279980945
LaMoure,40-44,male,0.05233582825810371
Logan,40-44,male,0.07108813390781518
McHenry,40-44,male,0.0626380105034204
McIntosh,40-44,male,0.02335814932572426
McKenzie,40-44,male,0.31748247722512885
McLean,40-44,male,0.04056308167002019
Mercer,40-44,male,0.030496834120228272
Morton,40-44,male,0.06895321642246913
Mountrail,40-44,male,0.11306669728331836
Nelson,40-44,male,0.06223428402982976
Oliver,40-44,male,0.09293288354925945
Pembina,40-44,male,-0.07698343866493537
Pierce,40-44,male,0.1604335631810666
Ramsey,40-44,male,0.002235116767445782
Ransom,40-44,male,0.14411854114600775
Renville,40-44,male,-0.05109598684162357
Richland,40-44,male,0.04574678227082265
Rolette,40-44,male,-0.009388534342847053
Sargent,40-44,male,0.09167406696011667
Sheridan,40-44,male,0.013526196399459732
Sioux,40-44,male,-0.07310846277819122
Slope,40-44,male,0.27381808333582763
Stark,40-44,male,0.14605713066831014
Steele,40-44,male,0.1509340169204847
Stutsman,40-44,male,0.027727493442565438
Towner,40-44,male,0.11469894945124784
Traill,40-44,male,0.02791188322140578
Walsh,40-44,male,0.07392777096881473
Ward,40-44,male,-0.021912991764487293
Wells,40-44,male,0.11874269109927602
Williams,40-44,male,0.3001583560497968
Adams,45-49,male,0.04131523895709487
Barnes,45-49,male,0.04387690857457423
Benson,45-49,male,-0.06454170994119979
Billings,45-49,male,0.2901787210160432
Bottineau,45-49,male,0.02842077801397258
Bowman,45-49,male,-0.06479043597067832
Burke,45-49,male,0.10298513848254846
Burleigh,45-49,male,0.04145066533369121
Cass,45-49,male,0.016772613799362342
Cavalier,45-49,male,0.0859583930588906
Dickey,45-49,male,0.02632956199652993
Divide,45-49,male,0.11880971238075091
Dunn,45-49,male,0.12750833996817235
Eddy,45-49,male,0.008800421695074868
Emmons,45-49,male,0.0815154490086512
Foster,45-49,male,0.04654669633757108
Golden Valley,45-49,male,-0.03813818820519935
Grand Forks,45-49,male,-0.03503088604285402
Grant,45-49,male,0.05177307741224982
Griggs,45-49,male,0.11213195198735877
Hettinger,45-49,male,0.08369253786238474
Kidder,45-49,male,0.055387786551720254
LaMoure,45-49,male,-0.014621433141159958
Logan,45-49,male,0.08424788451265944
McHenry,45-49,male,0.02911464690094813
McIntosh,45-49,male,0.045010602079212404
McKenzie,45-49,male,0.3633777627642004
McLean,45-49,male,0.07045822979657734
Mercer,45-49,male,0.07374809836756215
Morton,45-49,male,0.06502539041327013
Mountrail,45-49,male,0.20058073107385985
Nelson,45-49,male,0.04250341986920821
Oliver,45-49,male,0.06054982819717984
Pembina,45-49,male,-0.0014217176813317543
Pierce,45-49,male,-0.024462722992472298
Ramsey,45-49,male,-0.01640395523895335
Ransom,45-49,male,0.019562549711477747
Renville,45-49,male,0.02425343977703757
Richland,45-49,male,0.0064319267433199665
Rolette,45-49,male,-0.0769257257890554
Sargent,45-49,male,0.12697635826592377
Sheridan,45-49,male,0.09451128110549797
Sioux,45-49,male,-0.043295768822989314
Slope,45-49,male,-0.1590422860170843
Stark,45-49,male,0.13618167137842663
Steele,45-49,male,0.005466383351903564
Stutsman,45-49,male,0.029968414604864855
Towner,45-49,male,-0.02087447927095072
Traill,45-49,male,0.051719912925857495
Walsh,45-49,male,0.02244299405313397
Ward,45-49,male,-0.02877300433598918
Wells,45-49,male,0.06460044996313201
Williams,45-49,male,0.24878813719802614
Adams,50-54,male,-0.040599399139380044
Barnes,50-54,male,0.06436524924378241
Benson,50-54,male,-0.02682340659754592
Billings,50-54,male,0.22556503376219122
Bottineau,50-54,male,0.0554330968734067
Bowman,50-54,male,0.017792490691913604
Burke,50-54,male,0.03230137316642007
Burleigh,50-54,male,0.02626343610452866
Cass,50-54,male,0.03139891275011732
Cavalier,50-54,male,0.002468895008512894
Dickey,50-54,male,0.013910247936629457
Divide,50-54,male,0.1138188410618532
Dunn,50-54,male,0.08246382759251532
Eddy,50-54,male,0.023407122706727755
Emmons,50-54,male,0.08379121719896851
Foster,50-54,male,0.0784431095901774
Golden Valley,50-54,male,0.22581107629824868
Grand Forks,50-54,male,0.0027613968848768863
Grant,50-54,male,0.029192003495355105
Griggs,50-54,male,0.03331225849157986
Hettinger,50-54,male,0.0886409591373443
Kidder,50-54,male,0.07581877189110416
LaMoure,50-54,male,0.12044389386193681
Logan,50-54,male,0.05481967936682013
McHenry,50-54,male,0.020437902181696343
McIntosh,50-54,male,0.1516582830965639
McKenzie,50-54,male,0.363086517113276
McLean,50-54,male,0.10870175994743983
Mercer,50-54,male,0.0343309736718529
Morton,50-54,male,0.06826594319596671
Mountrail,50-54,male,0.09998894911334433
Nelson,50-54,male,0.04911278321265239
Oliver,50-54,male,0.10794360751668935
Pembina,50-54,male,0.02108889231267322
Pierce,50-54,male,0.025542495347508614
Ramsey,50-54,male,0.03223900861716642
Ransom,50-54,male,0.09178671968994026
Renville,50-54,male,0.08108579285770788
Richland,50-54,male,-0.005284335453828011
Rolette,50-54,male,-0.06828120893188264
Sargent,50-54,male,0.0765527389185433
Sheridan,50-54,male,-0.020241791695661236
Sioux,50-54,male,-0.05871546858566678
Slope,50-54,male,0.21964176002911223
Stark,50-54,male,0.10380553219868678
Steele,50-54,male,0.04738715594667601
Stutsman,50-54,male,0.014678744545717637
Towner,50-54,male,0.10404313846446103
Traill,50-54,male,0.01448172021076925
Walsh,50-54,male,0.04101324785115809
Ward,50-54,male,0.003226472432594033
Wells,50-54,male,0.057341036182551236
Williams,50-54,male,0.2113628356765784
Adams,55-59,male,0.0322061561981865
Barnes,55-59,male,0.026507678426507555
Benson,55-59,male,-0.029474174600053825
Billings,55-59,male,-0.012627683830277193
Bottineau,55-59,male,-0.036919787957604776
Bowman,55-59,male,-0.09391302026901203
Burke,55-59,male,0.030696929173651376
Burleigh,55-59,male,0.04147202561983243
Cass,55-59,male,0.02339749338550834
Cavalier,55-59,male,0.01623072965888919
Dickey,55-59,male,0.0633690915674985
Divide,55-59,male,0.14708168049081294
Dunn,55-59,male,0.15848232062170683
Eddy,55-59,male,0.12931611072551685
Emmons,55-59,male,0.036366519219421856
Foster,55-59,male,0.012643163008008993
Golden Valley,55-59,male,-0.09739422185838661
Grand Forks,55-59,male,0.012009078996196972
Grant,55-59,male,0.04295527667203314
Griggs,55-59,male,-0.006585847128883007
Hettinger,55-59,male,-0.018434809424888145
Kidder,55-59,male,-0.0742704586911947
LaMoure,55-59,male,0.0015891146160080813
Logan,55-59,male,-0.029904165209119565
McHenry,55-59,male,0.012167166612758101
McIntosh,55-59,male,0.01811544972875205
McKenzie,55-59,male,0.14481233134334626
McLean,55-59,male,0.03195286975015885
Mercer,55-59,male,0.009128892649260534
Morton,55-59,male,0.03121838702018441
Mountrail,55-59,male,0.12867963880595137
Nelson,55-59,male,0.06761307783433965
Oliver,55-59,male,-0.019183413188362444
Pembina,55-59,male,0.05530312074526905
Pierce,55-59,male,0.045063097063833615
Ramsey,55-59,male,0.011311452042403683
Ransom,55-59,male,0.0951912410160518
Renville,55-59,male,0.04056980477457548
Richland,55-59,male,0.01515169807869269
Rolette,55-59,male,-0.0230614192128721
Sargent,55-59,male,0.027634670210611948
Sheridan,55-59,male,0.0011339115960927542
Sioux,55-59,male,-0.003351703796709151
Slope,55-59,male,0.1652932807025839
Stark,55-59,male,0.041065281299184166
Steele,55-59,male,0.0324797859697828
Stutsman,55-59,male,0.0003147086965964944
Towner,55-59,male,-0.0171583172589261
Traill,55-59,male,0.03655359548383416
Walsh,55-59,male,-0.024267421582982767
Ward,55-59,male,-0.010062445212371176
Wells,55-59,male,-0.03056616350012477
Williams,55-59,male,0.11123612965594042
Adams,60-64,male,0.021966000344089232
Barnes,60-64,male,0.008215288058906244
Benson,60-64,male,0.008679978646354766
Billings,60-64,male,0.03387188426515628
Bottineau,60-64,male,0.05875853171196589
Bowman,60-64,male,0.08437551354357258
Burke,60-64,male,-0.007096383871366803
Burleigh,60-64,male,0.007397526828105606
Cass,60-64,male,-0.014165242009049419
Cavalier,60-64,male,-0.04871167444332957
Dickey,60-64,male,0.006684452790798291
Divide,60-64,male,-0.062055265939851015
Dunn,60-64,male,-0.06483753071972971
Eddy,60-64,male,-0.026030545384033495
Emmons,60-64,male,0.0251675140019857
Foster,60-64,male,-0.052646813513997776
Golden Valley,60-64,male,0.22643918596835316
Grand Forks,60-64,male,-0.05226120562007882
Grant,60-64,male,0.08125054248114245
Griggs,60-64,male,0.10735444581034533
Hettinger,60-64,male,0.02832020202777223
Kidder,60-64,male,0.14496136022120382
LaMoure,60-64,male,0.03623300094494441
Logan,60-64,male,-0.014469185284798389
McHenry,60-64,male,0.02373430325701663
McIntosh,60-64,male,-0.03479974931708887
McKenzie,60-64,male,0.10202207633408228
McLean,60-64,male,0.09553479307548816
Mercer,60-64,male,-0.021899064893473427
Morton,60-64,male,0.03830761118898848
Mountrail,60-64,male,0.014541455261588905
Nelson,60-64,male,0.1166190509695404
Oliver,60-64,male,-0.030242527859848493
Pembina,60-64,male,-0.003950280301070026
Pierce,60-64,male,-0.06902693973342944
Ramsey,60-64,male,-0.022500061071240758
Ransom,60-64,male,0.037867626004866074
Renville,60-64,male,0.011562002743428595
Richland,60-64,male,-0.018628589965953273
Rolette,60-64,male,-0.0766655203786006
Sargent,60-64,male,-0.04336363373239681
Sheridan,60-64,male,-0.011709948353432887
Sioux,60-64,male,-0.15851441058555424
Slope,60-64,male,-0.035746084021252414
Stark,60-64,male,-0.007989014168738309
Steele,60-64,male,0.0887587227073049
Stutsman,60-64,male,-0.027976045993371616
Towner,60-64,male,0.09247024268215466
Traill,60-64,male,-0.044944392864954816
Walsh,60-64,male,0.023057622077742694
Ward,60-64,male,-0.032269209624207665
Wells,60-64,male,9.814606253301297e-05
Williams,60-64,male,-0.0064414399852938155
Adams,65-69,male,0.007979973762640768
Barnes,65-69,male,-0.043879445848840175
Benson,65-69,male,-0.10309487275297625
Billings,65-69,male,-0.04186769980687808
Bottineau,65-69,male,-0.01590078376520501
Bowman,65-69,male,-0.07052022923419055
Burke,65-69,male,-0.035939027560693254
Burleigh,65-69,male,-0.015076620919219064
Cass,65-69,male,-0.03623294543680054
Cavalier,65-69,male,-0.08364222066562521
Dickey,65-69,male,-0.04741079195711102
Divide,65-69,male,0.036718844834468786
Dunn,65-69,male,-0.022196044861212322
Eddy,65-69,male,0.03131229008184587
Emmons,65-69,male,-0.017062680257013258
Foster,65-69,male,-0.005896722337530316
Golden Valley,65-69,male,-0.06818027408953975
Grand Forks,65-69,male,-0.0987026458673948
Grant,65-69,male,-0.007799202534442483
Griggs,65-69,male,0.06985376554503077
Hettinger,65-69,male,-0.03577803166651268
Kidder,65-69,male,-0.04946045173336037
LaMoure,65-69,male,-0.044112125998617344
Logan,65-69,male,-0.0014585061098160886
McHenry,65-69,male,-0.050343574974605294
McIntosh,65-69,male,-0.07421250980268587
McKenzie,65-69,male,-0.01854550310121766
McLean,65-69,male,0.042939865294351495
Mercer,65-69,male,-0.03295603088814249
Morton,65-69,male,-0.026554816749471695
Mountrail,65-69,male,-0.10598216106326
Nelson,65-69,male,0.0006016325156875581
Oliver,65-69,male,0.03750546906509436
Pembina,65-69,male,-0.04560946245353136
Pierce,65-69,male,-0.04440564447914398
Ramsey,65-69,male,-0.01721723448585378
Ransom,65-69,male,-0.04981033869087084
Renville,65-69,male,-0.056626318233492255
Richland,65-69,male,-0.09254205219410319
Rolette,65-69,male,-0.12063569703521798
Sargent,65-69,male,0.0241066966580758
Sheridan,65-69,male,0.03752256682915527
Sioux,65-69,male,-0.18473886699468323
Slope,65-69,male,0.0055301202693812945
Stark,65-69,male,-0.09208654415268053
Steele,65-69,male,-0.07617645657748574
Stutsman,65-69,male,-0.07091972548192456
Towner,65-69,male,-0.09306472958952572
Traill,65-69,male,-0.0350504899635072
Walsh,65-69,male,-0.09061282150229524
Ward,65-69,male,-0.061354509246085286
Wells,65-69,male,0.018130497694973442
Williams,65-69,male,-0.11268969969646969
Adams,70-74,male,-0.07757918243253328
Barnes,70-74,male,-0.04693800156704794
Benson,70-74,male,-0.11005677829652634
Billings,70-74,male,0.11226314735720147
Bottineau,70-74,male,-0.07043693517200524
Bowman,70-74,male,-0.09984003780863503
Burke,70-74,male,-0.17616964121218706
Burleigh,70-74,male,-0.06110176983389722
Cass,70-74,male,-0.07843616110401824
Cavalier,70-74,male,-0.03024487285763465
Dickey,70-74,male,-0.1304746885853906
Divide,70-74,male,-0.1101246403468211
Dunn,70-74,male,-0.11088520197717938
Eddy,70-74,male,-0.17708330751130474
Emmons,70-74,male,-0.10062195117489624
Foster,70-74,male,-0.07444638139597505
Golden Valley,70-74,male,0.018633776404488416
Grand Forks,70-74,male,-0.09072218277381791
Grant,70-74,male,0.04710833696076725
Griggs,70-74,male,-0.07886066081680516
Hettinger,70-74,male,-0.05775927824418007
Kidder,70-74,male,-0.02897511064858915
LaMoure,70-74,male,-0.1116043532372508
Logan,70-74,male,-0.16482879808085715
McHenry,70-74,male,-0.10969119448413558
McIntosh,70-74,male,0.006167325074283789
McKenzie,70-74,male,-0.07818845665162766
McLean,70-74,male,-0.07139786338552524
Mercer,70-74,male,-0.04846226833557679
Morton,70-74,male,-0.06888131273312983
Mountrail,70-74,male,-0.07523404350209928
Nelson,70-74,male,-0.007843933644956736
Oliver,70-74,male,-0.01623168240698604
Pembina,70-74,male,-0.12150196356352705
Pierce,70-74,male,-0.10791926530798993
Ramsey,70-74,male,-0.08742221061962566
Ransom,70-74,male,-0.07193504273230843
Renville,70-74,male,-0.07753550044658511
Richland,70-74,male,-0.07717165493532151
Rolette,70-74,male,-0.15456648466415757
Sargent,70-74,male,-0.08454936410503039
Sheridan,70-74,male,-0.08923225942564336
Sioux,70-74,male,-0.2628652432899956
Slope,70-74,male,-0.10230852345599663
Stark,70-74,male,-0.09706836350918514
Steele,70-74,male,-0.0772398838172205
Stutsman,70-74,male,-0.14371798797062596
Towner,70-74,male,-0.0981159464147995
Traill,70-74,male,-0.11947339758532886
Walsh,70-74,male,-0.08943197475393422
Ward,70-74,male,-0.11064596122670733
Wells,70-74,male,-0.047983536855944545
Williams,70-74,male,-0.13244440479982855
Adams,75-79,male,-0.14347346441948358
Barnes,75-79,male,-0.11800906965025237
Benson,75-79,male,-0.17263213223239898
Billings,75-79,male,0.09158986473284086
Bottineau,75-79,male,-0.1164103203404596
Bowman,75-79,male,-0.039693238672632344
Burke,75-79,male,-0.12404167044702921
Burleigh,75-79,male,-0.03510977553424554
Cass,75-79,male,-0.057804468386868695
Cavalier,75-79,male,-0.14768850771496622
Dickey,75-79,male,-0.15759369090762695
Divide,75-79,male,-0.16228083691383785
Dunn,75-79,male,-0.23938135226842167
Eddy,75-79,male,-0.2249167132605101
Emmons,75-79,male,-0.03187241496308789
Foster,75-79,male,-0.039777482213192376
Golden Valley,75-79,male,-0.2120729221149428
Grand Forks,75-79,male,-0.12089564193535055
Grant,75-79,male,-0.07931969430912027
Griggs,75-79,male,-0.04812456567799625
Hettinger,75-79,male,-0.13346276295222087
Kidder,75-79,male,-0.007890069318598392
LaMoure,75-79,male,-0.039777881510929695
Logan,75-79,male,-0.07825922093096173
McHenry,75-79,male,-0.11271225483270303
McIntosh,75-79,male,-0.1120468186862578
McKenzie,75-79,male,-0.12325650244181982
McLean,75-79,male,-0.13415584204849287
Mercer,75-79,male,-0.12668321883872471
Morton,75-79,male,-0.07704367263852302
Mountrail,75-79,male,-0.24411467884180663
Nelson,75-79,male,-0.16070914777298562
Oliver,75-79,male,-0.12519908946045383
Pembina,75-79,male,-0.07288096914513409
Pierce,75-79,male,-0.0220004764495888
Ramsey,75-79,male,-0.0920249173395713
Ransom,75-79,male,-0.16056898703828215
Renville,75-79,male,-0.10879751062239015
Richland,75-79,male,-0.05808794449313323
Rolette,75-79,male,-0.16401100649132716
Sargent,75-79,male,-0.16263397012289127
Sheridan,75-79,male,-0.1424366751650862
Sioux,75-79,male,-0.08048770350441187
Slope,75-79,male,0.05914779290478685
Stark,75-79,male,-0.07383957089032012
Steele,75-79,male,-0.06324433947045585
Stutsman,75-79,male,-0.133991060508588
Towner,75-79,male,-0.1536939323536693
Traill,75-79,male,-0.12239017545797992
Walsh,75-79,male,-0.13424219348936053
Ward,75-79,male,-0.11052286636567249
Wells,75-79,male,-0.09117874878923053
Williams,75-79,male,-0.19401298668457717
Adams,80-84,male,-0.07159643423870325
Barnes,80-84,male,-0.22644641001786514
Benson,80-84,male,-0.28116954878420203
Billings,80-84,male,-0.0740893206985511
Bottineau,80-84,male,-0.22732624405972793
Bowman,80-84,male,-0.22254963226531108
Burke,80-84,male,-0.2864911341049079
Burleigh,80-84,male,-0.128425552331435
Cass,80-84,male,-0.11238089771486917
Cavalier,80-84,male,-0.09618969723381263
Dickey,80-84,male,-0.20979526047068514
Divide,80-84,male,-0.08942157422521534
Dunn,80-84,male,-0.0641691256296362
Eddy,80-84,male,-0.0768972625344428
Emmons,80-84,male,-0.16329279045766254
Foster,80-84,male,-0.20612437568849862
Golden Valley,80-84,male,-0.20652111037594598
Grand Forks,80-84,male,-0.12529944307647806
Grant,80-84,male,-0.1841942233382094
Griggs,80-84,male,-0.13582412841828614
Hettinger,80-84,male,-0.2623698550582645
Kidder,80-84,male,-0.21605699556041696
LaMoure,80-84,male,-0.2013792301736442
Logan,80-84,male,-0.02352251053089171
McHenry,80-84,male,-0.25363131459155613
McIntosh,80-84,male,-0.11574323133659245
McKenzie,80-84,male,-0.17852539102015638
McLean,80-84,male,-0.13420422413035674
Mercer,80-84,male,-0.2283176566470456
Morton,80-84,male,-0.13474072610916488
Mountrail,80-84,male,-0.20845221809549336
Nelson,80-84,male,-0.25800568698405885
Oliver,80-84,male,-0.2670624916248371
Pembina,80-84,male,-0.1991855422757632
Pierce,80-84,male,-0.20834980597431443
Ramsey,80-84,male,-0.18134384529754424
Ransom,80-84,male,-0.0326200163253113
Renville,80-84,male,-0.2804847303361209
Richland,80-84,male,-0.16225056090673554
Rolette,80-84,male,-0.338934839101052
Sargent,80-84,male,-0.02725730017053682
Sheridan,80-84,male,-0.16551004488208748
Sioux,80-84,male,-0.20024633741666284
Slope,80-84,male,-0.2955684505448639
Stark,80-84,male,-0.16404251576368892
Steele,80-84,male,-0.20610626613453387
Stutsman,80-84,male,-0.1569543061614792
Towner,80-84,male,-0.11811189439273387
Traill,80-84,male,-0.09699298829718238
Walsh,80-84,male,-0.24022214316434212
Ward,80-84,male,-0.14246991773756507
Wells,80-84,male,-0.20556794899823505
Williams,80-84,male,-0.20581847240601364
Adams,85+,male,-0.24385293308986078
Barnes,85+,male,-0.19822433800628608
Benson,85+,male,-0.3031160235730297
Billings,85+,male,0.15285330722062118
Bottineau,85+,male,-0.18740072797648033
Bowman,85+,male,-0.11172301909542721
Burke,85+,male,-0.3538672284512333
Burleigh,85+,male,-0.036471862800287046
Cass,85+,male,-0.06011037079757739
Cavalier,85+,male,-0.2641860694827673
Dickey,85+,male,-0.13557764867244043
Divide,85+,male,-0.17923106843556708
Dunn,85+,male,-0.22205596560205085
Eddy,85+,male,-0.39636002400991743
Emmons,85+,male,-0.17396948604390064
Foster,85+,male,-0.17631461959729647
Golden Valley,85+,male,0.07767361394912874
Grand Forks,85+,male,-0.17547475170257576
Grant,85+,male,-0.21940466088797408
Griggs,85+,male,-0.24489436869794684
Hettinger,85+,male,-0.07474298128622131
Kidder,85+,male,-0.3156174819385977
LaMoure,85+,male,-0.10458709213449258
Logan,85+,male,-0.17412044703920018
McHenry,85+,male,-0.33276912886470833
McIntosh,85+,male,-0.24003792720151984
McKenzie,85+,male,-0.1227278917781115
McLean,85+,male,-0.24090350723909085
Mercer,85+,male,-0.09522170002913788
Morton,85+,male,-0.20457191112651893
Mountrail,85+,male,-0.2390889573770515
Nelson,85+,male,-0.2505909217907528
Oliver,85+,male,-0.04216770934726152
Pembina,85+,male,-0.15794151534714707
Pierce,85+,male,-0.2918419951811517
Ramsey,85+,male,-0.16788960946506262
Ransom,85+,male,-0.003109724373859521
Renville,85+,male,-0.23727951606361286
Richland,85+,male,-0.13005979738017404
Rolette,85+,male,-0.3395151393814032
Sargent,85+,male,-0.3045517804908823
Sheridan,85+,male,-0.08792707197273268
Sioux,85+,male,-0.20067145508943646
Slope,85+,male,0.06681717957208708
Stark,85+,male,-0.0543237773831218
Steele,85+,male,-0.23310256754339592
Stutsman,85+,male,-0.1390810541123846
Towner,85+,male,-0.31574587055495645
Traill,85+,male,-0.15565079303761292
Walsh,85+,male,-0.19772907111414426
Ward,85+,male,-0.1592176712802909
Wells,85+,male,-0.1688029841689909
Williams,85+,male,-0.17307990769411946
Adams,0-4,female,0.07566918263461642
Barnes,0-4,female,0.16099121882562012
Benson,0-4,female,0.15218135841374952
Billings,0-4,female,0.09525036858257989
Bottineau,0-4,female,0.15598452057205803
Bowman,0-4,female,0.21351064944626508
Burke,0-4,female,0.3182245506538398
Burleigh,0-4,female,0.11548238484353057
Cass,0-4,female,0.06920846998874826
Cavalier,0-4,female,0.2960134456777095
Dickey,0-4,female,0.14958891460579415
Divide,0-4,female,0.3607858940065793
Dunn,0-4,female,0.1574366255852992
Eddy,0-4,female,0.09557990295092302
Emmons,0-4,female,0.4293374486423013
Foster,0-4,female,0.1627090390770798
Golden Valley,0-4,female,0.09578709145642589
Grand Forks,0-4,female,-0.05537546062389527
Grant,0-4,female,0.32559812544884836
Griggs,0-4,female,0.3102989731751585
Hettinger,0-4,female,0.22408644997203783
Kidder,0-4,female,0.21832077593989344
LaMoure,0-4,female,0.11976185820780129
Logan,0-4,female,0.167807104153066
McHenry,0-4,female,0.055463988121531575
McIntosh,0-4,female,0.14805239697404804
McKenzie,0-4,female,0.7064658875890214
McLean,0-4,female,0.1821546715310588
Mercer,0-4,female,0.22426151947845022
Morton,0-4,female,0.15233069595800566
Mountrail,0-4,female,0.2558802504185943
Nelson,0-4,female,0.20965486759035512
Oliver,0-4,female,0.23873721452458363
Pembina,0-4,female,0.057754743770401434
Pierce,0-4,female,0.41167650711594933
Ramsey,0-4,female,0.16454190300047275
Ransom,0-4,female,0.15960120622590934
Renville,0-4,female,0.1864557129732657
Richland,0-4,female,0.1916867077579854
Rolette,0-4,female,0.1895182876293633
Sargent,0-4,female,0.18140481255752022
Sheridan,0-4,female,0.022768342982970907
Sioux,0-4,female,0.25300856024513085
Slope,0-4,female,0.28214622325278965
Stark,0-4,female,0.09702958671299206
Steele,0-4,female,0.19547291949785273
Stutsman,0-4,female,0.115221199013278
Towner,0-4,female,0.14445554577317304
Traill,0-4,female,0.14082856854682205
Walsh,0-4,female,0.09525282816352354
Ward,0-4,female,0.04604229169280231
Wells,0-4,female,0.21265684327002915
Williams,0-4,female,0.2645610213197222
Adams,5-9,female,0.09619015455686772
Barnes,5-9,female,0.052498944707831896
Benson,5-9,female,-0.0670209757748795
Billings,5-9,female,0.2932220595993334
Bottineau,5-9,female,0.13661545670350903
Bowman,5-9,female,0.09883529161021758
Burke,5-9,female,0.1262185438353863
Burleigh,5-9,female,0.07860278110225953
Cass,5-9,female,0.009450047133046112
Cavalier,5-9,female,0.06653070660559487
Dickey,5-9,female,0.08604809830160141
Divide,5-9,female,0.10278123260689329
Dunn,5-9,female,0.1740878914895383
Eddy,5-9,female,0.15814018129037832
Emmons,5-9,female,0.11858411167449726
Foster,5-9,female,0.15653840260822469
Golden Valley,5-9,female,0.061398425029154935
Grand Forks,5-9,female,-0.06739733981889284
Grant,5-9,female,0.10558630056655603
Griggs,5-9,female,0.026184845045589687
Hettinger,5-9,female,0.2366610106506298
Kidder,5-9,female,-0.027412538074380675
LaMoure,5-9,female,0.04134174175051593
Logan,5-9,female,0.2529194000835442
McHenry,5-9,female,0.20169083138265548
McIntosh,5-9,female,-0.05232810045125556
McKenzie,5-9,female,0.42104792030037175
McLean,5-9,female,0.15671054387099964
Mercer,5-9,female,0.14010608387872167
Morton,5-9,female,0.06634972607946885
Mountrail,5-9,female,0.04405683239744481
Nelson,5-9,female,0.1414689873154215
Oliver,5-9,female,0.21510697443242716
Pembina,5-9,female,0.028475680464750422
Pierce,5-9,female,0.04174547515532973
Ramsey,5-9,female,-0.012250372140576025
Ransom,5-9,female,0.0643021100283349
Renville,5-9,female,0.03478854175601665
Richland,5-9,female,-0.008657207096326353
Rolette,5-9,female,-0.05458852717755329
Sargent,5-9,female,0.11674978128786948
Sheridan,5-9,female,0.15228456223729459
Sioux,5-9,female,0.02560329549148518
Slope,5-9,female,0.13144357263384737
Stark,5-9,female,0.13649585654072902
Steele,5-9,female,0.08599087050740245
Stutsman,5-9,female,0.01792453509668724
Towner,5-9,female,0.14268916999799644
Traill,5-9,female,0.042217720498880076
Walsh,5-9,female,-0.019028111246423188
Ward,5-9,female,-0.09805667455234772
Wells,5-9,female,0.10297452621652428
Williams,5-9,female,0.26699456853047204
Adams,10-14,female,-0.002146954358000346
Barnes,10-14,female,0.03778528430958601
Benson,10-14,female,-0.0521269896646224
Billings,10-14,female,0.021890504087121475
Bottineau,10-14,female,0.04584967564159591
Bowman,10-14,female,0.10929170084938741
Burke,10-14,female,0.1428684438253888
Burleigh,10-14,female,0.09605414382826295
Cass,10-14,female,0.026972369202905827
Cavalier,10-14,female,0.005571592071768942
Dickey,10-14,female,0.029450134661682822
Divide,10-14,female,0.11816021789408539
Dunn,10-14,female,0.1760938311134716
Eddy,10-14,female,0.07641224458313756
Emmons,10-14,female,0.01407132749133947
Foster,10-14,female,0.08333658159194643
Golden Valley,10-14,female,0.06071259573075544
Grand Forks,10-14,female,-0.06252654570625275
Grant,10-14,female,0.04186577630410984
Griggs,10-14,female,0.09316302424658368
Hettinger,10-14,female,0.0957280643159603
Kidder,10-14,female,0.17268483197849452
LaMoure,10-14,female,0.02629611874833947
Logan,10-14,female,0.06647283672940835
McHenry,10-14,female,0.06857350157835466
McIntosh,10-14,female,-0.06535235981393601
McKenzie,10-14,female,0.33708704313988563
McLean,10-14,female,0.11005192604836272
Mercer,10-14,female,0.05202595896719274
Morton,10-14,female,0.04909086893788335
Mountrail,10-14,female,0.21300256930215297
Nelson,10-14,female,0.07282124427744871
Oliver,10-14,female,0.011603695420643361
Pembina,10-14,female,0.017015484838954986
Pierce,10-14,female,0.04381368504267777
Ramsey,10-14,female,0.04050335596748958
Ransom,10-14,female,0.09610179035939834
Renville,10-14,female,0.1798693489514661
Richland,10-14,female,0.03376416554803418
Rolette,10-14,female,-0.045033973765165804
Sargent,10-14,female,-0.037384516678048194
Sheridan,10-14,female,0.059396022862690856
Sioux,10-14,female,-0.035562615948607
Slope,10-14,female,0.07608699313210163
Stark,10-14,female,0.14274276211484527
Steele,10-14,female,0.048587548680012554
Stutsman,10-14,female,0.04825661742202471
Towner,10-14,female,0.007842990647184208
Traill,10-14,female,-0.00510427262067235
Walsh,10-14,female,0.045027262595148436
Ward,10-14,female,-0.025184466827561005
Wells,10-14,female,0.021086037676481408
Williams,10-14,female,0.28308521978611384
Adams,15-19,female,-0.12772179341576143
Barnes,15-19,female,0.10492224016638592
Benson,15-19,female,-0.14830994750167886
Billings,15-19,female,0.08258174620661826
Bottineau,15-19,female,0.0841969144369204
Bowman,15-19,female,-0.10987846251521838
Burke,15-19,female,-0.17383406853667466
Burleigh,15-19,female,0.1301287228562672
Cass,15-19,female,0.3278231954452135
Cavalier,15-19,female,-0.19839075609099374
Dickey,15-19,female,0.016913464253555624
Divide,15-19,female,0.06909202897283481
Dunn,15-19,female,-0.11640414386042786
Eddy,15-19,female,-0.19586556169165745
Emmons,15-19,female,-0.18047432560450632
Foster,15-19,female,-0.13325086330296948
Golden Valley,15-19,female,-0.054845967166279055
Grand Forks,15-19,female,0.5930653116015752
Grant,15-19,female,-0.17972696889940357
Griggs,15-19,female,-0.09834093580513158
Hettinger,15-19,female,-0.11533540961150456
Kidder,15-19,female,-0.1534239421821554
LaMoure,15-19,female,-0.170262598011277
Logan,15-19,female,-0.1373504063663356
McHenry,15-19,female,-0.12850590481017057
McIntosh,15-19,female,-0.0914984864914542
McKenzie,15-19,female,0.20094411151608405
McLean,15-19,female,-0.0634173323346919
Mercer,15-19,female,-0.17904019402490304
Morton,15-19,female,-0.042490304015029096
Mountrail,15-19,female,0.005721159147636394
Nelson,15-19,female,-0.12163326873599371
Oliver,15-19,female,-0.16007934791437337
Pembina,15-19,female,-0.13564463089402812
Pierce,15-19,female,-0.17129747069784446
Ramsey,15-19,female,0.0052259435855324075
Ransom,15-19,female,-0.10496937479761784
Renville,15-19,female,-0.1470019997012682
Richland,15-19,female,0.2196891233667953
Rolette,15-19,female,-0.1269973616719815
Sargent,15-19,female,-0.11386802716595204
Sheridan,15-19,female,-0.18729518938088963
Sioux,15-19,female,-0.12115502234394253
Slope,15-19,female,-0.1892734843659075
Stark,15-19,female,0.11879927131708225
Steele,15-19,female,-0.1915863326359427
Stutsman,15-19,female,0.1126651377615015
Towner,15-19,female,-0.20191511941649531
Traill,15-19,female,0.10244031445895452
Walsh,15-19,female,-0.1352400154562028
Ward,15-19,female,0.0776713035286927
Wells,15-19,female,-0.17197308635460362
Williams,15-19,female,0.1121804900036346
Adams,20-24,female,-0.3195514540163141
Barnes,20-24,female,-0.1438242294801053
Benson,20-24,female,-0.3437266433014453
Billings,20-24,female,-0.19358068752924662
Bottineau,20-24,female,-0.36475792568875226
Bowman,20-24,female,-0.38577437117044633
Burke,20-24,female,-0.30203831224206873
Burleigh,20-24,female,0.08928216123591606
Cass,20-24,female,0.8397291799942026
Cavalier,20-24,female,-0.39940294131040416
Dickey,20-24,female,-0.11778252898401496
Divide,20-24,female,-0.29179638245042905
Dunn,20-24,female,-0.27993618240276874
Eddy,20-24,female,-0.35832600745909704
Emmons,20-24,female,-0.5149175482372366
Foster,20-24,female,-0.35440561709946533
Golden Valley,20-24,female,-0.5733144349863346
Grand Forks,20-24,female,0.7550630131420452
Grant,20-24,female,-0.48619093479599007
Griggs,20-24,female,-0.380803319413456
Hettinger,20-24,female,-0.16493930015342986
Kidder,20-24,female,-0.29182029517762204
LaMoure,20-24,female,-0.37488806716644374
Logan,20-24,female,-0.450125690122958
McHenry,20-24,female,-0.4010359332493588
McIntosh,20-24,female,-0.4722827525956285
McKenzie,20-24,female,0.04804476956351436
McLean,20-24,female,-0.35518275727247733
Mercer,20-24,female,-0.36517017233635685
Morton,20-24,female,-0.0720719798225814
Mountrail,20-24,female,-0.025589736811327767
Nelson,20-24,female,-0.397158399112752
Oliver,20-24,female,-0.43647781873460634
Pembina,20-24,female,-0.42137199802149367
Pierce,20-24,female,-0.3804698826748628
Ramsey,20-24,female,-0.1681793705398964
Ransom,20-24,female,-0.332912609645185
Renville,20-24,female,-0.3058387589827827
Richland,20-24,female,-0.09122173602814761
Rolette,20-24,female,-0.2574251422139945
Sargent,20-24,female,-0.3729512918460325
Sheridan,20-24,female,-0.4142961360645372
Sioux,20-24,female,-0.19494515980071614
Slope,20-24,female,-0.3802782117570713
Stark,20-24,female,0.20108225961142745
Steele,20-24,female,-0.41447149286898105
Stutsman,20-24,female,-0.00873069861082101
Towner,20-24,female,-0.5274012768156785
Traill,20-24,female,-0.20638343041739804
Walsh,20-24,female,-0.26217282283682
Ward,20-24,female,0.3961903486983085
Wells,20-24,female,-0.3373845084878085
Williams,20-24,female,0.16120844626907097
Adams,25-29,female,0.1314372859743468
Barnes,25-29,female,-0.28764225068660615
Benson,25-29,female,-0.08450144411868896
Billings,25-29,female,0.06887704177008894
Bottineau,25-29,female,-0.08601240455765698
Bowman,25-29,female,0.17464196809765997
Burke,25-29,female,0.6955706729947952
Burleigh,25-29,female,-0.014032639210479878
Cass,25-29,female,-0.24525523205230176
Cavalier,25-29,female,0.09312390848559687
Dickey,25-29,female,-0.2911825628389929
Divide,25-29,female,0.2970555437412387
Dunn,25-29,female,0.3611291161540391
Eddy,25-29,female,0.09814517879011131
Emmons,25-29,female,0.24367589702012354
Foster,25-29,female,0.18561742700184783
Golden Valley,25-29,female,0.20932491063370615
Grand Forks,25-29,female,-0.4987864476504572
Grant,25-29,female,0.261709968015519
Griggs,25-29,female,0.18126945321891094
Hettinger,25-29,female,0.6209631694056974
Kidder,25-29,female,-0.06725434729648615
LaMoure,25-29,female,0.14484989287735292
Logan,25-29,female,0.3913789360221019
McHenry,25-29,female,0.16838451415685504
McIntosh,25-29,female,0.6136938919684171
McKenzie,25-29,female,0.7897968603356398
McLean,25-29,female,0.19357367743000886
Mercer,25-29,female,0.17172526025388524
Morton,25-29,female,0.32442395686765624
Mountrail,25-29,female,0.1565004868523135
Nelson,25-29,female,0.029610175737688624
Oliver,25-29,female,0.030826945931600513
Pembina,25-29,female,-0.03987060747929477
Pierce,25-29,female,0.05130113518392323
Ramsey,25-29,female,-0.12695826025385276
Ransom,25-29,female,0.22909395334232693
Renville,25-29,female,0.06780334183643189
Richland,25-29,female,-0.3412991962335326
Rolette,25-29,female,-0.13034789067554706
Sargent,25-29,female,0.2717737098841539
Sheridan,25-29,female,0.12822661493183074
Sioux,25-29,female,-0.1470617440624029
Slope,25-29,female,0.5266347446804455
Stark,25-29,female,-0.0026141988735000274
Steele,25-29,female,0.00923483876470143
Stutsman,25-29,female,-0.24958510853716218
Towner,25-29,female,0.30282177766398793
Traill,25-29,female,-0.21183197943647464
Walsh,25-29,female,-0.002837281399653639
Ward,25-29,female,-0.0957014378577411
Wells,25-29,female,0.04246243132699559
Williams,25-29,female,0.46429047243677546
Adams,30-34,female,0.2747817817837535
Barnes,30-34,female,0.039399392615057774
Benson,30-34,female,0.007642511606647161
Billings,30-34,female,0.8194443691628646
Bottineau,30-34,female,0.2956465335864674
Bowman,30-34,female,0.22438330755603153
Burke,30-34,female,0.28934960982160496
Burleigh,30-34,female,0.08302700640271646
Cass,30-34,female,0.004191461354619742
Cavalier,30-34,female,0.357125712097222
Dickey,30-34,female,0.029939601652913143
Divide,30-34,female,0.3922171101659712
Dunn,30-34,female,0.32698356917543114
Eddy,30-34,female,0.325917936915731
Emmons,30-34,female,0.19046662914139328
Foster,30-34,female,0.05482111537340266
Golden Valley,30-34,female,0.3145081096705961
Grand Forks,30-34,female,-0.10637714887245639
Grant,30-34,female,0.1986838010598169
Griggs,30-34,female,0.1874839792759691
Hettinger,30-34,female,0.28976931861934707
Kidder,30-34,female,0.34281556205407765
LaMoure,30-34,female,0.550395692660573
Logan,30-34,female,0.2678718771643831
McHenry,30-34,female,0.27004227181254264
McIntosh,30-34,female,0.17962264421075794
McKenzie,30-34,female,0.6771539075850439
McLean,30-34,female,0.3090346997063982
Mercer,30-34,female,0.26657740923276607
Morton,30-34,female,0.16380773920559838
Mountrail,30-34,female,0.2714898876469126
Nelson,30-34,female,0.16308080311092846
Oliver,30-34,female,0.38220281103101245
Pembina,30-34,female,0.12823429141069181
Pierce,30-34,female,0.25861808497500827
Ramsey,30-34,female,0.09232925799459807
Ransom,30-34,female,0.05103981105822142
Renville,30-34,female,0.2075703085045022
Richland,30-34,female,0.03662524388384584
Rolette,30-34,female,-0.03032762111373761
Sargent,30-34,female,0.1708815080465873
Sheridan,30-34,female,0.023980984686281397
Sioux,30-34,female,-0.05022641586905863
Slope,30-34,female,0.07460322483667578
Stark,30-34,female,0.0808446444231327
Steele,30-34,female,0.29500067092864374
Stutsman,30-34,female,0.03748226961122686
Towner,30-34,female,0.1886752817367643
Traill,30-34,female,0.17000284612920366
Walsh,30-34,female,0.07920923322768857
Ward,30-34,female,-0.06951839154341498
Wells,30-34,female,0.19367922018881387
Williams,30-34,female,0.3726504732001936
Adams,35-39,female,-0.05212917944148501
Barnes,35-39,female,0.053594628089530146
Benson,35-39,female,-0.07456646177585552
Billings,35-39,female,-0.06663268389411786
Bottineau,35-39,female,0.07795125800922191
Bowman,35-39,female,0.07884177748106405
Burke,35-39,female,0.16252487577621397
Burleigh,35-39,female,0.05389385955930127
Cass,35-39,female,-0.01257596271096528
Cavalier,35-39,female,0.08406263013956078
Dickey,35-39,female,0.007520981196948083
Divide,35-39,female,0.12263514905379376
Dunn,35-39,female,0.13387338746516783
Eddy,35-39,female,0.08409724517447792
Emmons,35-39,female,0.16173929743334806
Foster,35-39,female,0.06832727706015847
Golden Valley,35-39,female,0.08249372576456106
Grand Forks,35-39,female,-0.11416182687339307
Grant,35-39,female,0.022640273213320176
Griggs,35-39,female,0.10862349168954323
Hettinger,35-39,female,0.013204907990314721
Kidder,35-39,female,0.0375165492027902
LaMoure,35-39,female,-0.034901760050309816
Logan,35-39,female,0.14150570928178485
McHenry,35-39,female,0.10764224963007456
McIntosh,35-39,female,-0.1282370610544411
McKenzie,35-39,female,0.3292109835177248
McLean,35-39,female,0.11659895411533532
Mercer,35-39,female,0.11328446201183438
Morton,35-39,female,0.025427471529097363
Mountrail,35-39,female,0.09408012782157654
Nelson,35-39,female,0.08967545577448474
Oliver,35-39,female,0.03730087481950601
Pembina,35-39,female,0.044039800395303016
Pierce,35-39,female,0.12396179087663495
Ramsey,35-39,female,-0.026101284729060793
Ransom,35-39,female,0.036829192633283214
Renville,35-39,female,0.08047893688635607
Richland,35-39,female,0.014358710875649409
Rolette,35-39,female,-0.018816719763661973
Sargent,35-39,female,-0.07738344898112924
Sheridan,35-39,female,0.22196447937279973
Sioux,35-39,female,-0.09061449419732912
Slope,35-39,female,0.07734911645073314
Stark,35-39,female,0.12893406950091293
Steele,35-39,female,-0.006521736415299007
Stutsman,35-39,female,0.030568668029479145
Towner,35-39,female,0.18033166553023938
Traill,35-39,female,0.05934957813250668
Walsh,35-39,female,0.026574603208141694
Ward,35-39,female,-0.05497089672144122
Wells,35-39,female,-0.004077877798928289
Williams,35-39,female,0.16074927725748533
Adams,40-44,female,0.038023873468976274
Barnes,40-44,female,0.011008286202669689
Benson,40-44,female,-0.049769767982277856
Billings,40-44,female,0.07911284621991077
Bottineau,40-44,female,-0.032139585230808704
Bowman,40-44,female,-0.055937987572220405
Burke,40-44,female,-0.07818235268566695
Burleigh,40-44,female,0.05489050210307952
Cass,40-44,female,0.0026985058466859075
Cavalier,40-44,female,-0.04877750515737535
Dickey,40-44,female,0.005052447014113627
Divide,40-44,female,0.11359777756185217
Dunn,40-44,female,0.022432156111185736
Eddy,40-44,female,-0.06621652088099579
Emmons,40-44,female,0.029569967766514244
Foster,40-44,female,-0.018334410364342114
Golden Valley,40-44,female,0.14315414090112377
Grand Forks,40-44,female,-0.0659340575924599
Grant,40-44,female,0.01697217125244526
Griggs,40-44,female,0.006307417178782859
Hettinger,40-44,female,0.16043028840398496
Kidder,40-44,female,0.0515728213057078
LaMoure,40-44,female,0.11056904771290108
Logan,40-44,female,-0.07726031469595918
McHenry,40-44,female,-0.001517912979664915
McIntosh,40-44,female,0.07377360843091653
McKenzie,40-44,female,0.441072188914548
McLean,40-44,female,0.07328350674737677
Mercer,40-44,female,0.031142184298120316
Morton,40-44,female,0.05109158345580399
Mountrail,40-44,female,0.21532039313700252
Nelson,40-44,female,0.012854846643811375
Oliver,40-44,female,0.07303726970752304
Pembina,40-44,female,-0.06787210638242913
Pierce,40-44,female,-0.04891929891143733
Ramsey,40-44,female,-0.00010574315057139405
Ransom,40-44,female,0.06624899207232668
Renville,40-44,female,0.019553372690140305
Richland,40-44,female,-0.01493722461502533
Rolette,40-44,female,-0.0448646510939293
Sargent,40-44,female,0.02223317164076447
Sheridan,40-44,female,0.023259561741293115
Sioux,40-44,female,-0.08873228996031314
Slope,40-44,female,0.006971253233520228
Stark,40-44,female,0.08425624966029191
Steele,40-44,female,0.05277020393171022
Stutsman,40-44,female,-0.01275786509236932
Towner,40-44,female,-0.006454041782846542
Traill,40-44,female,0.02010380856523621
Walsh,40-44,female,-0.002531027004788817
Ward,40-44,female,-0.05651800145432352
Wells,40-44,female,0.03927280167464062
Williams,40-44,female,0.21872989292611517
Adams,45-49,female,0.005457963127671182
Barnes,45-49,female,0.0231234475126698
Benson,45-49,female,-0.07660699212009384
Billings,45-49,female,0.06422202434044333
Bottineau,45-49,female,0.04460318501499681
Bowman,45-49,female,-0.010815914238672376
Burke,45-49,female,0.15820422081536825
Burleigh,45-49,female,0.043571021056301604
Cass,45-49,female,0.00987264268366395
Cavalier,45-49,female,-0.03128559816278333
Dickey,45-49,female,-0.019375157149255126
Divide,45-49,female,0.02404325094522128
Dunn,45-49,female,0.05145688643190535
Eddy,45-49,female,-0.05605598659027444
Emmons,45-49,female,-0.06658373995987249
Foster,45-49,female,-0.003984351706994133
Golden Valley,45-49,female,-0.09327656142794566
Grand Forks,45-49,female,-0.03098583580370734
Grant,45-49,female,0.07205823212402233
Griggs,45-49,female,0.014837633003003205
Hettinger,45-49,female,-0.08067625734284962
Kidder,45-49,female,0.035491679017401294
LaMoure,45-49,female,-0.05088436593711827
Logan,45-49,female,0.036540999680813716
McHenry,45-49,female,-0.0027303416332522396
McIntosh,45-49,female,-0.05136727199044526
McKenzie,45-49,female,0.21137754004543416
McLean,45-49,female,0.01598420835177765
Mercer,45-49,female,-0.01168322204470626
Morton,45-49,female,0.03240861401882402
Mountrail,45-49,female,0.14660510224155093
Nelson,45-49,female,0.06360672500450362
Oliver,45-49,female,0.097923549711837
Pembina,45-49,female,-0.05913880325282774
Pierce,45-49,female,-0.018750420871136864
Ramsey,45-49,female,-0.01571705862059369
Ransom,45-49,female,0.005739051582794703
Renville,45-49,female,-0.004009177838214521
Richland,45-49,female,-0.028208902664617577
Rolette,45-49,female,-0.07538381287388812
Sargent,45-49,female,-0.009122599726246114
Sheridan,45-49,female,-0.00424345768492021
Sioux,45-49,female,-0.00013382820322258016
Slope,45-49,female,0.10900798951858019
Stark,45-49,female,0.058544419142268836
Steele,45-49,female,-0.0501188407963793
Stutsman,45-49,female,-0.020163705511291402
Towner,45-49,female,-0.11465589787331573
Traill,45-49,female,-0.04442315411134701
Walsh,45-49,female,-0.03758505122081327
Ward,45-49,female,-0.00524651796713535
Wells,45-49,female,0.030259744012123724
Williams,45-49,female,0.15441436461747593
Adams,50-54,female,-0.013004348064163854
Barnes,50-54,female,0.01964198141543729
Benson,50-54,female,-0.06301790775775784
Billings,50-54,female,0.019587088718161817
Bottineau,50-54,female,-0.02376658998917453
Bowman,50-54,female,-0.009177984601071
Burke,50-54,female,-0.0331832659386147
Burleigh,50-54,female,0.0340298685424526
Cass,50-54,female,0.014232297665601096
Cavalier,50-54,female,-0.020439005618053015
Dickey,50-54,female,-0.03301466664571668
Divide,50-54,female,0.17129563111252305
Dunn,50-54,female,0.07333038602729491
Eddy,50-54,female,0.030510878343474095
Emmons,50-54,female,0.03945319920758512
Foster,50-54,female,0.008196297755996534
Golden Valley,50-54,female,0.05134897606701555
Grand Forks,50-54,female,-0.03544898279586482
Grant,50-54,female,-0.07640346934759186
Griggs,50-54,female,-0.039587592385930716
Hettinger,50-54,female,-0.03978829372020254
Kidder,50-54,female,-0.061671309874037995
LaMoure,50-54,female,-0.01788128679189896
Logan,50-54,female,-0.006720800403378471
McHenry,50-54,female,-0.018250795920726495
McIntosh,50-54,female,0.03291683543188446
McKenzie,50-54,female,0.15938173435974146
McLean,50-54,female,0.0422927856842447
Mercer,50-54,female,-0.011120941532070135
Morton,50-54,female,0.02660069976392384
Mountrail,50-54,female,0.06227919987635919
Nelson,50-54,female,0.035626915835406954
Oliver,50-54,female,-0.05302835089550743
Pembina,50-54,female,0.02014281653712285
Pierce,50-54,female,0.0031552466786157404
Ramsey,50-54,female,-0.0019805186238375447
Ransom,50-54,female,0.010974395021051457
Renville,50-54,female,-0.08494428457504564
Richland,50-54,female,-0.014563838580742502
Rolette,50-54,female,-0.06975661740264594
Sargent,50-54,female,0.005633282854753851
Sheridan,50-54,female,0.026411015598156336
Sioux,50-54,female,-0.09905170260586389
Slope,50-54,female,0.058532012704028094
Stark,50-54,female,0.053367127503175106
Steele,50-54,female,-0.09309406413185425
Stutsman,50-54,female,0.03412845639754467
Towner,50-54,female,0.03784289198896725
Traill,50-54,female,-0.008226972069298157
Walsh,50-54,female,-0.01712764354907493
Ward,50-54,female,-0.03154800733656182
Wells,50-54,female,-0.019242635207267652
Williams,50-54,female,0.1101380734723629
Adams,55-59,female,-0.04593355290187523
Barnes,55-59,female,-0.01551170639874797
Benson,55-59,female,-0.012020450008734428
Billings,55-59,female,-0.07378713216126653
Bottineau,55-59,female,-0.007978517968009994
Bowman,55-59,female,-0.022264686870560085
Burke,55-59,female,-0.01773820373646992
Burleigh,55-59,female,0.019214394615134082
Cass,55-59,female,0.004066505651075684
Cavalier,55-59,female,-0.07172029016471226
Dickey,55-59,female,0.024277703603852174
Divide,55-59,female,0.0394318896655593
Dunn,55-59,female,-0.05703243380240461
Eddy,55-59,female,0.005219885249726601
Emmons,55-59,female,-0.024535320194348866
Foster,55-59,female,-0.022688816386244946
Golden Valley,55-59,female,-0.04235675703374571
Grand Forks,55-59,female,-0.032317420503838346
Grant,55-59,female,0.06864696282602287
Griggs,55-59,female,-0.04591881687545429
Hettinger,55-59,female,-0.08609516923902434
Kidder,55-59,female,0.0499956640468861
LaMoure,55-59,female,-0.03384681975279454
Logan,55-59,female,-0.022279416126837225
McHenry,55-59,female,-0.04403636221228244
McIntosh,55-59,female,0.01340585186991361
McKenzie,55-59,female,0.13996125521850064
McLean,55-59,female,0.06254034590685892
Mercer,55-59,female,-0.054449706931935876
Morton,55-59,female,0.007368862342160177
Mountrail,55-59,female,0.0347441754942347
Nelson,55-59,female,-0.003050340731311457
Oliver,55-59,female,-0.0979631171813056
Pembina,55-59,female,-0.05977005304421032
Pierce,55-59,female,-0.022697310750053067
Ramsey,55-59,female,-0.008189549320448453
Ransom,55-59,female,0.029810800429478628
Renville,55-59,female,0.03274919912781453
Richland,55-59,female,-0.03541680531430335
Rolette,55-59,female,-0.06448105329571482
Sargent,55-59,female,-0.03245047564343508
Sheridan,55-59,female,-0.02505795630500192
Sioux,55-59,female,-0.0434525866221874
Slope,55-59,female,-0.03208113444558887
Stark,55-59,female,-0.008488215531127523
Steele,55-59,female,-0.012468880783872326
Stutsman,55-59,female,-0.026202370346024684
Towner,55-59,female,-0.034501971535896375
Traill,55-59,female,-0.004173030770819653
Walsh,55-59,female,-0.05342514828677107
Ward,55-59,female,-0.026994191232623678
Wells,55-59,female,-0.014513226727998277
Williams,55-59,female,0.03739005365488318
Adams,60-64,female,0.04163978385216995
Barnes,60-64,female,-0.008702642236764233
Benson,60-64,female,-0.03435551401373528
Billings,60-64,female,-0.03825524695055209
Bottineau,60-64,female,0.005103480976818437
Bowman,60-64,female,0.03468392082092407
Burke,60-64,female,-0.01784208439211145
Burleigh,60-64,female,0.0031006027764457363
Cass,60-64,female,-0.00921976403013948
Cavalier,60-64,female,-0.08412300284950722
Dickey,60-64,female,-0.04883704756211153
Divide,60-64,female,0.014214178842543595
Dunn,60-64,female,-0.03501175037170316
Eddy,60-64,female,-0.04370189030064012
Emmons,60-64,female,0.017103705766402647
Foster,60-64,female,0.04364484599781368
Golden Valley,60-64,female,0.11230795103805781
Grand Forks,60-64,female,-0.05511705418328594
Grant,60-64,female,-0.0350906793161382
Griggs,60-64,female,0.07291908762525146
Hettinger,60-64,female,0.03438438606759127
Kidder,60-64,female,-0.107159766119922
LaMoure,60-64,female,0.049447076374340336
Logan,60-64,female,0.0542403858961215
McHenry,60-64,female,-0.013112769704336141
McIntosh,60-64,female,0.01692813537415347
McKenzie,60-64,female,0.034578304931093345
McLean,60-64,female,0.024591075866655442
Mercer,60-64,female,-0.061288545343250164
Morton,60-64,female,0.027605242724615474
Mountrail,60-64,female,0.022696690489723823
Nelson,60-64,female,0.001959270413226695
Oliver,60-64,female,-0.0066108158493205695
Pembina,60-64,female,-0.05997573062664209
Pierce,60-64,female,-0.013827799540539325
Ramsey,60-64,female,-0.05349334308118018
Ransom,60-64,female,-0.014891763892568992
Renville,60-64,female,-0.008132325660265522
Richland,60-64,female,-0.06103661089920211
Rolette,60-64,female,-0.07933247339651746
Sargent,60-64,female,-0.0728120211457664
Sheridan,60-64,female,-0.04408022633277277
Sioux,60-64,female,-0.1237821294434312
Slope,60-64,female,0.02974973254024995
Stark,60-64,female,-0.017140160249183106
Steele,60-64,female,-0.05517143600111563
Stutsman,60-64,female,-0.0223460883976987
Towner,60-64,female,-0.0033770405975822055
Traill,60-64,female,-0.019810752712840284
Walsh,60-64,female,-0.02907742671432355
Ward,60-64,female,-0.03777460705250117
Wells,60-64,female,0.016628172920204173
Williams,60-64,female,-0.04031633547533738
Adams,65-69,female,-0.06053830973257015
Barnes,65-69,female,-0.009326874156207577
Benson,65-69,female,-0.12290015135717401
Billings,65-69,female,-0.10322583721613751
Bottineau,65-69,female,-0.012123723871989282
Bowman,65-69,female,-0.07160374342687943
Burke,65-69,female,-0.11592648874939371
Burleigh,65-69,female,0.026647340833393037
Cass,65-69,female,-0.019889659513937702
Cavalier,65-69,female,-0.052095604411442675
Dickey,65-69,female,0.012601297273588496
Divide,65-69,female,-0.09253438504927572
Dunn,65-69,female,-0.0747877637504894
Eddy,65-69,female,0.03239950643070457
Emmons,65-69,female,0.047861965060831166
Foster,65-69,female,-0.02204418904207223
Golden Valley,65-69,female,-0.019145232956071193
Grand Forks,65-69,female,-0.05143346411859758
Grant,65-69,female,0.05601283721060063
Griggs,65-69,female,-0.019504019002805476
Hettinger,65-69,female,-0.08462144155720769
Kidder,65-69,female,-0.009385113714512072
LaMoure,65-69,female,-0.0005743792502405261
Logan,65-69,female,-0.10554623280203561
McHenry,65-69,female,-0.08307158244697652
McIntosh,65-69,female,-0.022803692352261932
McKenzie,65-69,female,-0.014865765765727179
McLean,65-69,female,0.00948003835601048
Mercer,65-69,female,-0.03860044141949216
Morton,65-69,female,-0.022603815556976114
Mountrail,65-69,female,-0.14047302071224557
Nelson,65-69,female,0.021400198380895828
Oliver,65-69,female,-0.07574939592070933
Pembina,65-69,female,-0.06116343455841075
Pierce,65-69,female,-0.048204985116041675
Ramsey,65-69,female,-0.05044443322790419
Ransom,65-69,female,-0.11006853998620533
Renville,65-69,female,-0.15261621658618788
Richland,65-69,female,-0.053005197524777455
Rolette,65-69,female,-0.08980614665735955
Sargent,65-69,female,-0.04431412581202925
Sheridan,65-69,female,-0.05633551086120725
Sioux,65-69,female,-0.07879697987118667
Slope,65-69,female,-0.10050795703013657
Stark,65-69,female,-0.05470098708919026
Steele,65-69,female,-0.013222863834919451
Stutsman,65-69,female,-0.057556452805164304
Towner,65-69,female,-0.11747318014937015
Traill,65-69,female,-0.04580915914036985
Walsh,65-69,female,-0.06940317092896375
Ward,65-69,female,-0.04914895913392792
Wells,65-69,female,-0.0005094556981218284
Williams,65-69,female,-0.10291020454207296
Adams,70-74,female,-0.06124185853951057
Barnes,70-74,female,-0.04261946757096097
Benson,70-74,female,-0.1416201717777458
Billings,70-74,female,-0.03501815488625558
Bottineau,70-74,female,-0.05241417716740717
Bowman,70-74,female,-0.09400031023253781
Burke,70-74,female,-0.02432523122262366
Burleigh,70-74,female,0.011817685183342716
Cass,70-74,female,0.014677736408168945
Cavalier,70-74,female,-0.10174083313161728
Dickey,70-74,female,-0.10414101697612371
Divide,70-74,female,-0.07394599590123611
Dunn,70-74,female,-0.15388292169688805
Eddy,70-74,female,-0.11426325838995671
Emmons,70-74,female,-0.11853875796781554
Foster,70-74,female,-0.07553337886411211
Golden Valley,70-74,female,-0.021768132735498172
Grand Forks,70-74,female,-0.028764064130145768
Grant,70-74,female,-0.06176120166601698
Griggs,70-74,female,-0.041046237113814915
Hettinger,70-74,female,-0.043974992521680946
Kidder,70-74,female,-0.1253081667690829
LaMoure,70-74,female,-0.06939555375387166
Logan,70-74,female,-0.09667134461200458
McHenry,70-74,female,-0.04779230808054455
McIntosh,70-74,female,0.013554348282639845
McKenzie,70-74,female,-0.08573829701136342
McLean,70-74,female,-0.06723060044110987
Mercer,70-74,female,-0.04551903185156554
Morton,70-74,female,-0.018532534643343382
Mountrail,70-74,female,-0.06903143893095286
Nelson,70-74,female,-0.06736795444901936
Oliver,70-74,female,-0.2052154633413734
Pembina,70-74,female,-0.12976362805842484
Pierce,70-74,female,-0.019034156614788217
Ramsey,70-74,female,-0.026348796094943776
Ransom,70-74,female,-0.07437484000171808
Renville,70-74,female,-0.11677511853901681
Richland,70-74,female,-0.02743538125653948
Rolette,70-74,female,-0.17372781093131923
Sargent,70-74,female,-0.06043024498618144
Sheridan,70-74,female,-0.04226288394912429
Sioux,70-74,female,-0.2320384240665962
Slope,70-74,female,-0.12623815852462586
Stark,70-74,female,-0.042653128822206926
Steele,70-74,female,-0.0614505774068523
Stutsman,70-74,female,-0.04900630571571188
Towner,70-74,female,-0.02580136802625012
Traill,70-74,female,-0.058261120065511
Walsh,70-74,female,-0.05098604684164859
Ward,70-74,female,-0.043978411115294845
Wells,70-74,female,-0.03571192617619218
Williams,70-74,female,-0.06598009918934812
Adams,75-79,female,-0.10743654888151676
Barnes,75-79,female,-0.06994889895531992
Benson,75-79,female,-0.19569421172579143
Billings,75-79,female,-0.05682539872598386
Bottineau,75-79,female,-0.1106598575207956
Bowman,75-79,female,0.014982263706090815
Burke,75-79,female,-0.20613958079214106
Burleigh,75-79,female,0.007118438888355394
Cass,75-79,female,0.0021974475137764484
Cavalier,75-79,female,-0.08086219652764197
Dickey,75-79,female,-0.06101907242579626
Divide,75-79,female,-0.18223502080196893
Dunn,75-79,female,-0.051727729447493535
Eddy,75-79,female,-0.15006205780755866
Emmons,75-79,female,-0.09022041990782007
Foster,75-79,female,-0.013087639952689106
Golden Valley,75-79,female,-0.06871503240389439
Grand Forks,75-79,female,-0.050358634372003906
Grant,75-79,female,-0.0999974184763182
Griggs,75-79,female,0.022859986439375025
Hettinger,75-79,female,-0.0903219001835179
Kidder,75-79,female,-0.08451609657041909
LaMoure,75-79,female,-0.07331690013948061
Logan,75-79,female,-0.05273775626556335
McHenry,75-79,female,-0.1702525478089587
McIntosh,75-79,female,-0.0767164879029699
McKenzie,75-79,female,-0.09034263746567125
McLean,75-79,female,-0.13489170337859407
Mercer,75-79,female,-0.03986598273199744
Morton,75-79,female,-0.01662618527672846
Mountrail,75-79,female,-0.14365046900271705
Nelson,75-79,female,-0.19086887558936239
Oliver,75-79,female,-0.2317493736020587
Pembina,75-79,female,-0.04727866709721751
Pierce,75-79,female,-0.01868596026823539
Ramsey,75-79,female,-0.03464170931102085
Ransom,75-79,female,0.02728893012767101
Renville,75-79,female,-0.12743367412126638
Richland,75-79,female,-0.07392805456334109
Rolette,75-79,female,-0.13822177063199287
Sargent,75-79,female,-0.17447749788210742
Sheridan,75-79,female,-0.13553553889217473
Sioux,75-79,female,-0.15823582302280345
Slope,75-79,female,0.10648719282260119
Stark,75-79,female,-0.020599269128831796
Steele,75-79,female,-0.06410171467755676
Stutsman,75-79,female,-0.09607802131112983
Towner,75-79,female,-0.08013878158114676
Traill,75-79,female,-0.07914679267887673
Walsh,75-79,female,-0.08071750144729684
Ward,75-79,female,-0.051140421762377826
Wells,75-79,female,-0.09687814465635528
Williams,75-79,female,-0.08274640297923488
Adams,80-84,female,0.031248226170672817
Barnes,80-84,female,-0.11819613748911965
Benson,80-84,female,-0.28948171828641495
Billings,80-84,female,-0.09315658459305193
Bottineau,80-84,female,-0.10226909338652818
Bowman,80-84,female,-0.15171375591649833
Burke,80-84,female,-0.20221471261707707
Burleigh,80-84,female,0.029541938392046305
Cass,80-84,female,0.037854690848212115
Cavalier,80-84,female,-0.06718152264473176
Dickey,80-84,female,-0.08689754766250027
Divide,80-84,female,-0.11532979309384742
Dunn,80-84,female,-0.21303160174304603
Eddy,80-84,female,-0.1756485187904192
Emmons,80-84,female,-0.09093218750438958
Foster,80-84,female,-0.13095099478058297
Golden Valley,80-84,female,-0.03975925824430801
Grand Forks,80-84,female,0.0029077194138143123
Grant,80-84,female,-0.06644452750719235
Griggs,80-84,female,-0.08803748784469106
Hettinger,80-84,female,-0.2311091217959575
Kidder,80-84,female,-0.1128845099766019
LaMoure,80-84,female,-0.09790092141387788
Logan,80-84,female,-0.12093289997156371
McHenry,80-84,female,-0.05771966424342108
McIntosh,80-84,female,-0.08359678299739637
McKenzie,80-84,female,-0.10683626013494542
McLean,80-84,female,-0.19916589051765984
Mercer,80-84,female,-0.0040167598475969344
Morton,80-84,female,-0.056956813813324174
Mountrail,80-84,female,-0.26239093849682743
Nelson,80-84,female,-0.12530500817014484
Oliver,80-84,female,0.029130993436139264
Pembina,80-84,female,-0.10973157661433708
Pierce,80-84,female,-0.03359987130314501
Ramsey,80-84,female,-0.10727682889857511
Ransom,80-84,female,-0.08003921148056874
Renville,80-84,female,-0.18568804861776617
Richland,80-84,female,-0.09418307669531782
Rolette,80-84,female,-0.22443496765881837
Sargent,80-84,female,-0.0744087969249615
Sheridan,80-84,female,-0.2751770324976801
Sioux,80-84,female,-0.216908561379823
Slope,80-84,female,-0.11214156195177133
Stark,80-84,female,-0.011680633876177373
Steele,80-84,female,-0.18880109492540115
Stutsman,80-84,female,-0.03976711930648259
Towner,80-84,female,-0.1630585333987406
Traill,80-84,female,-0.055101779876037225
Walsh,80-84,female,-0.1582507787651341
Ward,80-84,female,-0.02925774786949471
Wells,80-84,female,-0.12295904541966796
Williams,80-84,female,-0.09473693944742853
Adams,85+,female,-0.03228688947196682
Barnes,85+,female,0.02143987400662782
Benson,85+,female,-0.27925833210740236
Billings,85+,female,0.11413607625343429
Bottineau,85+,female,-0.19746791208691172
Bowman,85+,female,-0.013043520762035986
Burke,85+,female,-0.21913522985392125
Burleigh,85+,female,0.13951715047943747
Cass,85+,female,0.08627440198699456
Cavalier,85+,female,-0.12499075653957259
Dickey,85+,female,-0.07368387309713885
Divide,85+,female,0.04192766567816149
Dunn,85+,female,-0.07112005001815802
Eddy,85+,female,0.07989798369304638
Emmons,85+,female,-0.110931620247823
Foster,85+,female,0.047575844308462935
Golden Valley,85+,female,0.035027561413734545
Grand Forks,85+,female,0.04714729402576053
Grant,85+,female,-0.07954638364969746
Griggs,85+,female,0.091309551113406
Hettinger,85+,female,-0.08527678113577554
Kidder,85+,female,-0.15487340762843801
LaMoure,85+,female,-0.0349327429105216
Logan,85+,female,-0.18238089121594347
McHenry,85+,female,-0.11930594786358473
McIntosh,85+,female,0.03014009033684186
McKenzie,85+,female,-0.05426548320862104
McLean,85+,female,-0.03687381878106169
Mercer,85+,female,-0.06812855704809388
Morton,85+,female,0.031037418891520202
Mountrail,85+,female,-0.1969941975771301
Nelson,85+,female,-0.08810397547057539
Oliver,85+,female,0.02132438633546243
Pembina,85+,female,-0.0529261754600117
Pierce,85+,female,-0.059038145143565354
Ramsey,85+,female,-0.0288208495092178
Ransom,85+,female,0.09900016848098948
Renville,85+,female,-0.07468465642915084
Richland,85+,female,0.03192425701840141
Rolette,85+,female,-0.20008167409119257
Sargent,85+,female,-0.08403453862203183
Sheridan,85+,female,0.1091548129687587
Sioux,85+,female,-0.3828823839043682
Slope,85+,female,-0.16527441531470233
Stark,85+,female,0.0895111277302825
Steele,85+,female,-0.2831521090864892
Stutsman,85+,female,-0.05159871898790387
Towner,85+,female,-0.05025502411465088
Traill,85+,female,0.06277945811158613
Walsh,85+,female,0.003307273196865735
Ward,85+,female,0.007225799904170297
Wells,85+,female,-0.04137779225666513
Williams,85+,female,-0.034618422031273036
