category,horizon,method,origin_year,mean_signed_pct_error,median_signed_pct_error,std_pct_error,n_counties,n_obs
Bakken,1,m2026,all,-0.504615,-0.2847,4.8798828400814145,5,20
Bakken,1,sdc_2024,all,-0.44693000000000005,-0.19535000000000002,4.757680331300339,5,20
Bakken,2,m2026,all,-0.69784,-2.62545,6.077232457502865,5,20
Bakken,2,sdc_2024,all,-0.605135,-1.9839,5.78070040222545,5,20
Bakken,3,m2026,all,-2.542765,-3.05695,8.314196952978746,5,20
Bakken,3,sdc_2024,all,-2.43558,-2.89735,7.939441970553691,5,20
Bakken,4,m2026,all,-5.477874999999998,-5.55025,10.790332007763393,5,20
Bakken,4,sdc_2024,all,-5.368095000000001,-5.18595,10.449592936341437,5,20
Bakken,5,m2026,all,-12.94634,-11.3658,12.43804730200272,5,15
Bakken,5,sdc_2024,all,-12.704333333333333,-10.945,12.406344690788929,5,15
Bakken,6,m2026,all,-13.372206666666665,-10.3858,15.592674332311434,5,15
Bakken,6,sdc_2024,all,-13.022146666666668,-10.5985,15.534523402035253,5,15
Bakken,7,m2026,all,-13.68112,-15.6606,15.670055690583874,5,15
Bakken,7,sdc_2024,all,-13.232080000000002,-13.3143,15.60340180506436,5,15
Bakken,8,m2026,all,-15.932720000000002,-18.4102,15.795052326246251,5,15
Bakken,8,sdc_2024,all,-15.403566666666665,-17.7399,15.740993080110773,5,15
Bakken,9,m2026,all,-18.742926666666666,-20.633,17.67159034057072,5,15
Bakken,9,sdc_2024,all,-18.14379333333334,-19.639,17.680792669305085,5,15
Bakken,10,m2026,all,-32.0775,-28.6959,12.7621204053245,5,10
Bakken,10,sdc_2024,all,-31.42278,-26.6966,12.992992741713596,5,10
Bakken,11,m2026,all,-33.20902,-32.463449999999995,13.723206353861572,5,10
Bakken,11,sdc_2024,all,-32.48249,-30.150550000000003,14.027851369127537,5,10
Bakken,12,m2026,all,-31.79237,-30.275599999999997,14.069879487365911,5,10
Bakken,12,sdc_2024,all,-30.981319999999993,-28.20715,14.416220802030221,5,10
Bakken,13,m2026,all,-32.00436,-29.30195,13.923009341869228,5,10
Bakken,13,sdc_2024,all,-31.125989999999994,-27.4824,14.308538108218233,5,10
Bakken,14,m2026,all,-33.2736,-30.9249,14.924316755029173,5,10
Bakken,14,sdc_2024,all,-32.35154000000001,-27.73695,15.251727983572513,5,10
Bakken,15,m2026,all,-38.4478,-34.9015,16.2985981935564,5,5
Bakken,15,sdc_2024,all,-37.92396,-32.06,16.041660202516447,5,5
Bakken,16,m2026,all,-36.27716,-33.8919,15.963262713900312,5,5
Bakken,16,sdc_2024,all,-35.769780000000004,-30.8128,15.411688828029197,5,5
Bakken,17,m2026,all,-35.31084,-33.5747,17.20884849991422,5,5
Bakken,17,sdc_2024,all,-34.85562,-30.271,16.15917771073145,5,5
Bakken,18,m2026,all,-36.39946,-34.5239,17.473617299603422,5,5
Bakken,18,sdc_2024,all,-35.96624,-31.0445,16.244478588369653,5,5
Bakken,19,m2026,all,-37.21952,-36.0307,18.363705880268284,5,5
Bakken,19,sdc_2024,all,-36.80864,-32.3973,16.91632755204273,5,5
Reservation,1,m2026,all,0.6085250000000001,0.29864999999999997,1.5630736381914612,3,12
Reservation,1,sdc_2024,all,0.4714666666666667,0.082,1.5658208131162004,3,12
Reservation,2,m2026,all,0.22714166666666666,0.03514999999999999,1.937782562836536,3,12
Reservation,2,sdc_2024,all,-0.030324999999999935,-0.30345,2.0313301473418837,3,12
Reservation,3,m2026,all,-0.09346666666666652,-0.24125,2.891276492967748,3,12
Reservation,3,sdc_2024,all,-0.45983333333333337,-0.49985,2.9652222441108353,3,12
Reservation,4,m2026,all,-0.8129583333333334,-1.0496,3.934405603821089,3,12
Reservation,4,sdc_2024,all,-1.2794083333333333,-1.67065,3.866117783903531,3,12
Reservation,5,m2026,all,3.018655555555555,-2.9786,11.980271850537356,3,9
Reservation,5,sdc_2024,all,2.0455444444444444,-3.1963,11.225582703707534,3,9
Reservation,6,m2026,all,4.099077777777778,-3.1687,13.480349227187864,3,9
Reservation,6,sdc_2024,all,2.983277777777778,-3.4798,12.559331471636716,3,9
Reservation,7,m2026,all,3.6177444444444444,-5.4956,14.846119746764735,3,9
Reservation,7,sdc_2024,all,2.379455555555556,-5.8768,13.75657028451415,3,9
Reservation,8,m2026,all,3.2324555555555556,-6.2463,15.994417355057914,3,9
Reservation,8,sdc_2024,all,1.8788999999999991,-6.9309,14.742515210014199,3,9
Reservation,9,m2026,all,2.5336,-6.6633,16.511707375071786,3,9
Reservation,9,sdc_2024,all,1.0849222222222232,-7.2883,15.148698980669742,3,9
Reservation,10,m2026,all,-1.5012000000000005,-1.6418,9.953462815723984,3,6
Reservation,10,sdc_2024,all,-2.1237833333333334,-2.3507500000000006,10.026404874214219,3,6
Reservation,11,m2026,all,-0.07165000000000028,0.40070000000000006,10.8108318924586,3,6
Reservation,11,sdc_2024,all,-0.7454666666666668,-0.3476499999999998,10.820809264314137,3,6
Reservation,12,m2026,all,-0.3969000000000005,-0.44940000000000024,11.754103164086999,3,6
Reservation,12,sdc_2024,all,-1.1039499999999987,-1.0438500000000004,11.679041219166923,3,6
Reservation,13,m2026,all,-0.40978333333333367,-1.3929,12.14734629512416,3,6
Reservation,13,sdc_2024,all,-1.1420333333333328,-2.0168,12.0022041933416,3,6
Reservation,14,m2026,all,-0.6501333333333333,-2.0501500000000004,11.704851323902695,3,6
Reservation,14,sdc_2024,all,-1.3939000000000004,-2.7046500000000004,11.50562973174437,3,6
Reservation,15,m2026,all,2.2337666666666665,3.5695,2.5365315715230774,3,3
Reservation,15,sdc_2024,all,1.6749999999999998,2.9533,2.374857736791827,3,3
Reservation,16,m2026,all,4.3998,4.2388,1.831913838039333,3,3
Reservation,16,sdc_2024,all,3.8494333333333333,3.3733,1.915019901550199,3,3
Reservation,17,m2026,all,4.686066666666666,5.218,0.990805048096412,3,3
Reservation,17,sdc_2024,all,4.167666666666666,4.3693,1.0036571742050835,3,3
Reservation,18,m2026,all,4.867633333333333,4.951,0.8272066871908941,3,3
Reservation,18,sdc_2024,all,4.4021,4.8264,0.7479371430808874,3,3
Reservation,19,m2026,all,4.059633333333333,4.6979,1.965621007044169,3,3
Reservation,19,sdc_2024,all,3.6728333333333336,4.7053,1.9434095845532235,3,3
Rural,1,m2026,all,-0.2694829268292683,-0.30825,1.0281618410959725,41,164
Rural,1,sdc_2024,all,-0.35160426829268293,-0.4622,1.0613315298432149,41,164
Rural,2,m2026,all,-0.5112243902439024,-0.5553,2.052481978881811,41,164
Rural,2,sdc_2024,all,-0.7379414634146343,-0.7294,2.023234742783251,41,164
Rural,3,m2026,all,-0.8833957317073169,-0.843,3.701230380394427,41,164
Rural,3,sdc_2024,all,-1.3135426829268293,-1.12415,3.468748068656927,41,164
Rural,4,m2026,all,-1.2896731707317075,-1.51775,4.88363534055535,41,164
Rural,4,sdc_2024,all,-1.9754103658536586,-2.0291,4.4266199748282355,41,164
Rural,5,m2026,all,-1.8594699186991865,-2.786,6.647937465798671,41,123
Rural,5,sdc_2024,all,-3.329634959349593,-3.6939,5.802851486207531,41,123
Rural,6,m2026,all,-2.3435707317073167,-3.3737,7.757591301996289,41,123
Rural,6,sdc_2024,all,-3.9539813008130076,-4.8456,6.765022583636103,41,123
Rural,7,m2026,all,-2.7248406504065046,-4.193,8.665916601031821,41,123
Rural,7,sdc_2024,all,-4.516982113821139,-5.403,7.526600803195363,41,123
Rural,8,m2026,all,-3.2457032520325204,-4.6948,9.671695291220606,41,123
Rural,8,sdc_2024,all,-5.258241463414634,-6.0853,8.34378497208047,41,123
Rural,9,m2026,all,-3.705670731707317,-4.8984,10.58306903311266,41,123
Rural,9,sdc_2024,all,-5.9695130081300825,-6.898,9.066795900969064,41,123
Rural,10,m2026,all,-8.904663414634147,-8.77525,7.136424066863023,41,82
Rural,10,sdc_2024,all,-10.273203658536586,-10.48475,7.155196322615589,41,82
Rural,11,m2026,all,-9.523137804878049,-10.0454,8.042235236252408,41,82
Rural,11,sdc_2024,all,-10.99375243902439,-11.5565,8.053926499267998,41,82
Rural,12,m2026,all,-9.957307317073171,-10.35515,8.829395363633525,41,82
Rural,12,sdc_2024,all,-11.556998780487804,-12.18815,8.779572266072174,41,82
Rural,13,m2026,all,-10.277701219512194,-11.17025,9.562689548312541,41,82
Rural,13,sdc_2024,all,-12.025087804878048,-13.0272,9.447737094485436,41,82
Rural,14,m2026,all,-10.713692682926828,-11.429549999999999,10.24401044605862,41,82
Rural,14,sdc_2024,all,-12.625057317073173,-12.89845,10.009333658178663,41,82
Rural,15,m2026,all,-12.753460975609755,-12.8604,12.380999730653377,41,41
Rural,15,sdc_2024,all,-14.841478048780488,-15.5853,11.524385947318672,41,41
Rural,16,m2026,all,-13.0470243902439,-14.2108,14.150209335726812,41,41
Rural,16,sdc_2024,all,-15.368868292682928,-15.764,12.848221463697593,41,41
Rural,17,m2026,all,-13.64370487804878,-15.3273,15.768595148267826,41,41
Rural,17,sdc_2024,all,-16.22328536585366,-16.3047,13.928544363636155,41,41
Rural,18,m2026,all,-14.281826829268292,-15.7247,17.335826190364052,41,41
Rural,18,sdc_2024,all,-17.13538292682927,-17.2092,14.88046385000989,41,41
Rural,19,m2026,all,-14.975048780487803,-16.4985,19.09083920079369,41,41
Rural,19,sdc_2024,all,-18.131209756097558,-18.1894,15.881151934113673,41,41
Urban/College,1,m2026,all,-1.17085,-1.5643,1.1033746489746807,4,16
Urban/College,1,sdc_2024,all,-1.0487625,-1.48755,1.1210991855466372,4,16
Urban/College,2,m2026,all,-2.11570625,-2.60215,1.9341477415022703,4,16
Urban/College,2,sdc_2024,all,-1.90095,-2.4352,1.7090645807965636,4,16
Urban/College,3,m2026,all,-3.2894187500000003,-3.90405,2.9737679699260893,4,16
Urban/College,3,sdc_2024,all,-3.0080999999999998,-3.3890000000000002,2.5055248607826663,4,16
Urban/College,4,m2026,all,-4.654768750000001,-4.744999999999999,4.4576056796922945,4,16
Urban/College,4,sdc_2024,all,-4.3301750000000006,-4.27255,3.7610075338930122,4,16
Urban/College,5,m2026,all,-7.843608333333333,-8.5791,4.730394805636943,4,12
Urban/College,5,sdc_2024,all,-7.3519000000000005,-7.1195,3.858789332278855,4,12
Urban/College,6,m2026,all,-8.998391666666667,-9.44205,5.875581561847665,4,12
Urban/College,6,sdc_2024,all,-8.184875,-7.72965,4.745852155136007,4,12
Urban/College,7,m2026,all,-10.057966666666667,-10.77585,6.755259499535204,4,12
Urban/College,7,sdc_2024,all,-8.933575,-8.8688,5.308475511879778,4,12
Urban/College,8,m2026,all,-11.3073,-12.70995,7.5877760668064,4,12
Urban/College,8,sdc_2024,all,-9.873825,-10.30785,5.908803964213062,4,12
Urban/College,9,m2026,all,-12.729658333333331,-14.08325,8.680326304869832,4,12
Urban/College,9,sdc_2024,all,-10.992041666666665,-11.78095,6.8828321297477455,4,12
Urban/College,10,m2026,all,-19.2558875,-19.1008,5.962844768453944,4,8
Urban/College,10,sdc_2024,all,-15.748562499999998,-15.171949999999999,5.872962678711292,4,8
Urban/College,11,m2026,all,-20.828274999999998,-20.3831,6.541717693552884,4,8
Urban/College,11,sdc_2024,all,-16.96755,-15.88725,6.352340322387377,4,8
Urban/College,12,m2026,all,-21.8370125,-22.1699,6.582031309001695,4,8
Urban/College,12,sdc_2024,all,-17.585150000000002,-16.53105,6.24847495199543,4,8
Urban/College,13,m2026,all,-22.9678875,-23.965899999999998,6.915638019205355,4,8
Urban/College,13,sdc_2024,all,-18.3215625,-17.47385,6.455231246701612,4,8
Urban/College,14,m2026,all,-23.9538,-25.19965,7.1874349773953226,4,8
Urban/College,14,sdc_2024,all,-18.88695,-18.1707,6.665692828634866,4,8
Urban/College,15,m2026,all,-29.237750000000002,-31.4079,8.183302670478874,4,4
Urban/College,15,sdc_2024,all,-23.786675000000002,-24.98405,8.05863074282267,4,4
Urban/College,16,m2026,all,-30.244449999999997,-32.8553,8.244752274628995,4,4
Urban/College,16,sdc_2024,all,-24.551550000000002,-26.1198,7.910262411787192,4,4
Urban/College,17,m2026,all,-31.3784,-34.38935,8.434351485443324,4,4
Urban/College,17,sdc_2024,all,-25.441200000000002,-27.344450000000002,7.957290365863663,4,4
Urban/College,18,m2026,all,-32.821175000000004,-36.24615,8.905185413519847,4,4
Urban/College,18,sdc_2024,all,-26.6616,-29.2217,8.348149279930253,4,4
Urban/College,19,m2026,all,-34.2016,-37.4955,9.117405918717596,4,4
Urban/College,19,sdc_2024,all,-27.7984,-30.314049999999998,8.566398530304317,4,4
Bakken,1,m2026,2005,-0.6429199999999999,-0.6379,0.9047903386973138,5,5
Bakken,1,m2026,2010,-0.15384,-0.2336,0.22474284860702465,5,5
Bakken,1,m2026,2015,-6.423920000000001,-4.4115,3.7975264267678246,5,5
Bakken,1,m2026,2020,5.2022200000000005,3.1191,3.624530410549758,5,5
Bakken,1,sdc_2024,2005,-0.42978000000000005,-0.4106,0.7996713649993977,5,5
Bakken,1,sdc_2024,2010,-0.09364,-0.1461,0.27654743354441025,5,5
Bakken,1,sdc_2024,2015,-6.4077399999999995,-4.1959,3.742317518998088,5,5
Bakken,1,sdc_2024,2020,5.14344,3.5263,3.0268938332885083,5,5
Bakken,2,m2026,2005,-2.34604,-2.5823,0.8894449184744382,5,5
Bakken,2,m2026,2010,-5.60624,-5.457,2.075189559534261,5,5
Bakken,2,m2026,2015,-2.65606,-2.6686,4.27004059442062,5,5
Bakken,2,m2026,2020,7.816979999999999,7.103,4.81327733742821,5,5
Bakken,2,sdc_2024,2005,-1.97984,-1.8363,0.7703009463839442,5,5
Bakken,2,sdc_2024,2010,-5.49714,-5.5129,2.0525590863602443,5,5
Bakken,2,sdc_2024,2015,-2.6310999999999996,-2.2306,4.092895343763384,5,5
Bakken,2,sdc_2024,2020,7.68754,8.3253,3.715112014192842,5,5
Bakken,3,m2026,2005,-3.9991399999999997,-3.6145,1.1000104604048089,5,5
Bakken,3,m2026,2010,-12.854580000000002,-11.2653,3.9477781785454966,5,5
Bakken,3,m2026,2015,-0.40712000000000004,0.4722,5.25021798185561,5,5
Bakken,3,m2026,2020,7.08978,5.6745,5.17071545890895,5,5
Bakken,3,sdc_2024,2005,-3.5415,-3.2455,0.8277003594296671,5,5
Bakken,3,sdc_2024,2010,-12.708460000000002,-11.3176,3.901220388288773,5,5
Bakken,3,sdc_2024,2015,-0.3771600000000001,0.6757,4.970094480289082,5,5
Bakken,3,sdc_2024,2020,6.8847999999999985,7.5131,3.3884271122454432,5,5
Bakken,4,m2026,2005,-6.9607600000000005,-7.2751,1.469335869704405,5,5
Bakken,4,m2026,2010,-19.30782,-15.5141,6.809956939070907,5,5
Bakken,4,m2026,2015,-2.186,-0.6881,6.792725950971377,5,5
Bakken,4,m2026,2020,6.543080000000001,5.647,4.729192561315303,5,5
Bakken,4,sdc_2024,2005,-6.471299999999999,-6.1004,1.543184867408957,5,5
Bakken,4,sdc_2024,2010,-19.13204,-15.4252,6.751705421817513,5,5
Bakken,4,sdc_2024,2015,-2.14874,0.2094,6.5627079961704835,5,5
Bakken,4,sdc_2024,2020,6.2797,8.1265,2.600405717383347,5,5
Bakken,5,m2026,2005,-9.07248,-9.0761,1.6795361731740106,5,5
Bakken,5,m2026,2010,-25.17944,-20.1514,9.342112447032525,5,5
Bakken,5,m2026,2015,-4.5871,-5.2043,12.578002238630743,5,5
Bakken,5,sdc_2024,2005,-8.59784,-8.491,1.984357352645939,5,5
Bakken,5,sdc_2024,2010,-24.975,-20.1658,9.317158329394214,5,5
Bakken,5,sdc_2024,2015,-4.54016,-5.6259,12.464184847714671,5,5
Bakken,6,m2026,2005,-9.56436,-10.141,1.9586571325783388,5,5
Bakken,6,m2026,2010,-30.393719999999995,-24.1653,11.278009648293443,5,5
Bakken,6,m2026,2015,-0.15854000000000035,-2.5691,11.017696518011375,5,5
Bakken,6,sdc_2024,2005,-9.00776,-8.1833,1.993577433409598,5,5
Bakken,6,sdc_2024,2010,-30.064340000000005,-23.9331,11.29336884074013,5,5
Bakken,6,sdc_2024,2015,0.005659999999999954,-2.9994,10.85201268488938,5,5
Bakken,7,m2026,2005,-14.77362,-15.6606,3.615344117369742,5,5
Bakken,7,m2026,2010,-28.29946,-21.1468,11.703597494274998,5,5
Bakken,7,m2026,2015,2.02972,-0.9183,11.499237308491377,5,5
Bakken,7,sdc_2024,2005,-14.203579999999999,-13.3143,3.677337970189849,5,5
Bakken,7,sdc_2024,2010,-27.8197,-20.5868,11.755106866166722,5,5
Bakken,7,sdc_2024,2015,2.3270399999999993,-1.3381,11.429799200904625,5,5
Bakken,8,m2026,2005,-21.546100000000003,-21.5492,4.920472980822066,5,5
Bakken,8,m2026,2010,-27.32372,-20.8521,12.200720542123733,5,5
Bakken,8,m2026,2015,1.0716599999999996,-1.1539,11.70926632407001,5,5
Bakken,8,sdc_2024,2005,-21.00318,-19.1202,5.134815277787508,5,5
Bakken,8,sdc_2024,2010,-26.695119999999996,-20.2473,12.30666058144938,5,5
Bakken,8,sdc_2024,2015,1.4876,-1.54,11.584379634231606,5,5
Bakken,9,m2026,2005,-27.53614,-25.843,7.156928216630372,5,5
Bakken,9,m2026,2010,-29.11572,-21.2684,13.425675756437736,5,5
Bakken,9,m2026,2015,0.42308000000000023,-2.2609,13.084854214014003,5,5
Bakken,9,sdc_2024,2005,-27.029980000000002,-23.3269,7.537347286147826,5,5
Bakken,9,sdc_2024,2010,-28.36316,-20.2602,13.587065075394317,5,5
Bakken,9,sdc_2024,2015,0.9617599999999996,-2.5962,12.930163981288095,5,5
Bakken,10,m2026,2005,-32.95008,-30.6125,9.338272645516408,5,5
Bakken,10,m2026,2010,-31.204919999999998,-26.3956,16.653964637496983,5,5
Bakken,10,sdc_2024,2005,-32.50774,-28.0614,9.595637330735256,5,5
Bakken,10,sdc_2024,2010,-30.33782,-25.3318,16.87664316687415,5,5
Bakken,11,m2026,2005,-37.66198,-34.4312,10.99281628596603,5,5
Bakken,11,m2026,2010,-28.756059999999998,-24.9546,15.916037246060966,5,5
Bakken,11,sdc_2024,2005,-37.193799999999996,-31.727,11.227459302754118,5,5
Bakken,11,sdc_2024,2010,-27.771179999999998,-23.6813,16.16197495332795,5,5
Bakken,12,m2026,2005,-35.86192,-32.1119,11.231480302791791,5,5
Bakken,12,m2026,2010,-27.722819999999995,-24.2909,16.669257691241082,5,5
Bakken,12,sdc_2024,2005,-35.33098,-29.0082,11.574315118485412,5,5
Bakken,12,sdc_2024,2010,-26.63166,-22.8015,16.921822426322763,5,5
Bakken,13,m2026,2005,-35.06094,-31.3393,11.520925570152771,5,5
Bakken,13,m2026,2010,-28.94778,-25.0709,16.735426385873772,5,5
Bakken,13,sdc_2024,2005,-34.480560000000004,-27.8899,11.950526196699458,5,5
Bakken,13,sdc_2024,2010,-27.77142,-23.3785,17.020698140705043,5,5
Bakken,14,m2026,2005,-36.65784,-32.9692,12.936896541017864,5,5
Bakken,14,m2026,2010,-29.88936,-26.4976,17.468780031902632,5,5
Bakken,14,sdc_2024,2005,-36.08642,-29.2928,13.112062161498471,5,5
Bakken,14,sdc_2024,2010,-28.616660000000003,-24.6077,17.792827738389423,5,5
Bakken,15,m2026,2005,-38.4478,-34.9015,16.2985981935564,5,5
Bakken,15,sdc_2024,2005,-37.92396,-32.06,16.041660202516447,5,5
Bakken,16,m2026,2005,-36.27716,-33.8919,15.963262713900312,5,5
Bakken,16,sdc_2024,2005,-35.769780000000004,-30.8128,15.411688828029197,5,5
Bakken,17,m2026,2005,-35.31084,-33.5747,17.20884849991422,5,5
Bakken,17,sdc_2024,2005,-34.85562,-30.271,16.15917771073145,5,5
Bakken,18,m2026,2005,-36.39946,-34.5239,17.473617299603422,5,5
Bakken,18,sdc_2024,2005,-35.96624,-31.0445,16.244478588369653,5,5
Bakken,19,m2026,2005,-37.21952,-36.0307,18.363705880268284,5,5
Bakken,19,sdc_2024,2005,-36.80864,-32.3973,16.91632755204273,5,5
Reservation,1,m2026,2005,-0.6767333333333333,-0.1827,0.9555817617207505,3,3
Reservation,1,m2026,2010,-0.4593,-0.6382,0.45494391962086933,3,3
Reservation,1,m2026,2015,1.3212,0.8158,0.9830177567063577,3,3
Reservation,1,m2026,2020,2.2489333333333335,2.688,1.5377531184599604,3,3
Reservation,1,sdc_2024,2005,-0.7874,-0.3205,0.9227589121758727,3,3
Reservation,1,sdc_2024,2010,-0.585,-0.8125,0.40125103115132305,3,3
Reservation,1,sdc_2024,2015,0.9646333333333333,0.5866,0.9276416890876202,3,3
Reservation,1,sdc_2024,2020,2.2936333333333336,2.6772,1.4883911661029614,3,3
Reservation,2,m2026,2005,-0.6952333333333334,-0.7352,0.37405481327384804,3,3
Reservation,2,m2026,2010,-1.8970666666666667,-2.085,0.3452672201836331,3,3
Reservation,2,m2026,2015,0.8576333333333332,1.0095,0.42924535330429997,3,3
Reservation,2,m2026,2020,2.6432333333333333,1.7411,1.6769155772826887,3,3
Reservation,2,sdc_2024,2005,-0.9040333333333334,-0.8671,0.3899141102003533,3,3
Reservation,2,sdc_2024,2010,-2.1346666666666665,-2.421,0.507069396959956,3,3
Reservation,2,sdc_2024,2015,0.1578,0.2106,0.2094522379923404,3,3
Reservation,2,sdc_2024,2020,2.7596000000000003,1.869,1.650939235707965,3,3
Reservation,3,m2026,2005,-0.8242333333333334,-0.4674,1.0347717252289674,3,3
Reservation,3,m2026,2010,-3.7322666666666664,-3.663,0.5339801151104164,3,3
Reservation,3,m2026,2015,1.2514,2.1397,1.861269510307414,3,3
Reservation,3,m2026,2020,2.9312333333333336,2.1473,2.0145432468262707,3,3
Reservation,3,sdc_2024,2005,-1.1239,-0.6445,1.0905222739586753,3,3
Reservation,3,sdc_2024,2010,-4.067366666666667,-4.1478,0.7162452536201085,3,3
Reservation,3,sdc_2024,2015,0.21109999999999998,0.9579,1.5151668950976984,3,3
Reservation,3,sdc_2024,2020,3.140833333333333,2.582,2.013866813702766,3,3
Reservation,4,m2026,2005,-1.8443666666666667,-2.2392,1.249737661804802,3,3
Reservation,4,m2026,2010,-5.9684,-5.6369,0.6474761076673025,3,3
Reservation,4,m2026,2015,2.3327,4.2107,3.454774522309669,3,3
Reservation,4,m2026,2020,2.2282333333333333,2.2431,1.0204812214506123,3,3
Reservation,4,sdc_2024,2005,-2.2291000000000003,-2.443,1.2377898569628045,3,3
Reservation,4,sdc_2024,2010,-6.384966666666667,-6.2549,0.8018511166877135,3,3
Reservation,4,sdc_2024,2015,0.9503,2.4659,2.982898000267525,3,3
Reservation,4,sdc_2024,2020,2.5461333333333336,2.8772,1.1280447036059047,3,3
Reservation,5,m2026,2005,-3.0286000000000004,-2.9786,1.2362585692321815,3,3
Reservation,5,m2026,2010,-6.473,-6.1418,0.8026955649559803,3,3
Reservation,5,m2026,2015,18.557566666666666,17.6999,4.444898631390072,3,3
Reservation,5,sdc_2024,2005,-3.494266666666667,-3.1963,1.2790506883362103,3,3
Reservation,5,sdc_2024,2010,-6.964066666666667,-6.8895,0.9900582524949396,3,3
Reservation,5,sdc_2024,2015,16.594966666666668,15.2532,4.014500263212513,3,3
Reservation,6,m2026,2005,-3.689666666666666,-3.1687,1.362988086277108,3,3
Reservation,6,m2026,2010,-5.863566666666667,-5.8776,0.3358699500302657,3,3
Reservation,6,m2026,2015,21.850466666666666,22.7304,3.51607284528255,3,3
Reservation,6,sdc_2024,2005,-4.211233333333333,-3.4798,1.4699372923132925,3,3
Reservation,6,sdc_2024,2010,-6.379933333333334,-6.5212,0.6353892140517757,3,3
Reservation,6,sdc_2024,2015,19.541,19.7808,2.8283345841678638,3,3
Reservation,7,m2026,2005,-5.2804,-5.4956,1.778193420300503,3,3
Reservation,7,m2026,2010,-6.910833333333334,-6.5943,0.7860482830802019,3,3
Reservation,7,m2026,2015,23.044466666666665,24.9083,5.16827351088672,3,3
Reservation,7,sdc_2024,2005,-5.852833333333333,-5.8768,1.8208682992828813,3,3
Reservation,7,sdc_2024,2010,-7.429866666666666,-7.3113,0.9665198618410973,3,3
Reservation,7,sdc_2024,2015,20.42106666666667,21.5079,4.299245343468239,3,3
Reservation,8,m2026,2005,-7.2436333333333325,-7.8279,1.8734246964672299,3,3
Reservation,8,m2026,2010,-7.1809666666666665,-7.3984,0.8471430477394792,3,3
Reservation,8,m2026,2015,24.12196666666667,26.6239,6.100734529819614,3,3
Reservation,8,sdc_2024,2005,-7.862066666666666,-8.2611,1.8946321076486943,3,3
Reservation,8,sdc_2024,2010,-7.695833333333334,-8.0411,0.6634953604459745,3,3
Reservation,8,sdc_2024,2015,21.194599999999998,22.7797,5.084273518409487,3,3
Reservation,9,m2026,2005,-9.577966666666667,-10.3623,1.8698386276182586,3,3
Reservation,9,m2026,2010,-6.832133333333332,-6.6633,2.0820902534072174,3,3
Reservation,9,m2026,2015,24.010900000000003,25.1903,6.260382617699975,3,3
Reservation,9,sdc_2024,2005,-10.236066666666666,-10.8286,1.8721971219220832,3,3
Reservation,9,sdc_2024,2010,-7.332999999999999,-7.2883,1.8721502690756424,3,3
Reservation,9,sdc_2024,2015,20.823833333333337,21.0039,5.286400553621844,3,3
Reservation,10,m2026,2005,-10.231,-11.21,2.1349658334502695,3,3
Reservation,10,m2026,2010,7.2286,5.61,3.8068690324202112,3,3
Reservation,10,sdc_2024,2005,-10.936633333333333,-11.7008,2.115241102884806,3,3
Reservation,10,sdc_2024,2010,6.689066666666666,5.3227,3.721393081002507,3,3
Reservation,11,m2026,2005,-9.763733333333334,-9.9153,2.2652561540217335,3,3
Reservation,11,m2026,2010,9.620433333333333,8.3699,2.290063766215547,3,3
Reservation,11,sdc_2024,2005,-10.444866666666668,-10.4202,2.344497322099843,3,3
Reservation,11,sdc_2024,2010,8.953933333333334,7.927,2.2345098038123115,3,3
Reservation,12,m2026,2005,-10.882366666666668,-11.9122,2.331568266925361,3,3
Reservation,12,m2026,2010,10.088566666666667,9.389,3.182154732776729,3,3
Reservation,12,sdc_2024,2005,-11.522633333333332,-12.395,2.3899045427241083,3,3
Reservation,12,sdc_2024,2010,9.314733333333335,8.4532,3.1050730383250786,3,3
Reservation,13,m2026,2005,-11.264433333333335,-11.677,1.3760453347667485,3,3
Reservation,13,m2026,2010,10.444866666666666,10.1131,3.67848805942514,3,3
Reservation,13,sdc_2024,2005,-11.860966666666664,-12.1311,1.490375329684887,3,3
Reservation,13,sdc_2024,2010,9.5769,9.07,3.6365436488512004,3,3
Reservation,14,m2026,2005,-11.058933333333334,-11.1347,0.25117213884770984,3,3
Reservation,14,m2026,2010,9.758666666666668,8.0895,4.1732986381678145,3,3
Reservation,14,sdc_2024,2005,-11.606266666666668,-11.5411,0.41668950470744176,3,3
Reservation,14,sdc_2024,2010,8.818466666666668,6.9817,4.230586231638983,3,3
Reservation,15,m2026,2005,2.2337666666666665,3.5695,2.5365315715230774,3,3
Reservation,15,sdc_2024,2005,1.6749999999999998,2.9533,2.374857736791827,3,3
Reservation,16,m2026,2005,4.3998,4.2388,1.831913838039333,3,3
Reservation,16,sdc_2024,2005,3.8494333333333333,3.3733,1.915019901550199,3,3
Reservation,17,m2026,2005,4.686066666666666,5.218,0.990805048096412,3,3
Reservation,17,sdc_2024,2005,4.167666666666666,4.3693,1.0036571742050835,3,3
Reservation,18,m2026,2005,4.867633333333333,4.951,0.8272066871908941,3,3
Reservation,18,sdc_2024,2005,4.4021,4.8264,0.7479371430808874,3,3
Reservation,19,m2026,2005,4.059633333333333,4.6979,1.965621007044169,3,3
Reservation,19,sdc_2024,2005,3.6728333333333336,4.7053,1.9434095845532235,3,3
Rural,1,m2026,2005,0.09064634146341465,0.0582,1.118029419133853,41,41
Rural,1,m2026,2010,-0.9117634146341463,-0.9574,0.5752156451089007,41,41
Rural,1,m2026,2015,-0.09595609756097562,-0.1176,0.9311579186821053,41,41
Rural,1,m2026,2020,-0.1608585365853658,-0.1166,1.1229878080316833,41,41
Rural,1,sdc_2024,2005,0.0473439024390244,0.0234,1.1178130836702487,41,41
Rural,1,sdc_2024,2010,-1.038351219512195,-1.0915,0.5831645094319231,41,41
Rural,1,sdc_2024,2015,-0.47798536585365853,-0.5295,0.9371674801125399,41,41
Rural,1,sdc_2024,2020,0.06257560975609756,-0.0716,1.132940803789079,41,41
Rural,2,m2026,2005,-0.1712048780487805,-0.2637,1.7054143002436708,41,41
Rural,2,m2026,2010,-1.9398219512195123,-1.5967,1.734782617867754,41,41
Rural,2,m2026,2015,0.6623170731707316,0.3511,2.0257311636668915,41,41
Rural,2,m2026,2020,-0.5961878048780488,-0.3285,1.8750304471121424,41,41
Rural,2,sdc_2024,2005,-0.304219512195122,-0.4691,1.7348632731745048,41,41
Rural,2,sdc_2024,2010,-2.232651219512195,-1.9664,1.8431723135835607,41,41
Rural,2,sdc_2024,2015,-0.17581951219512196,-0.4684,1.8870873932093757,41,41
Rural,2,sdc_2024,2020,-0.23907560975609754,-0.3447,1.9107575477779077,41,41
Rural,3,m2026,2005,-0.6433731707317073,-0.3806,2.485288144664959,41,41
Rural,3,m2026,2010,-3.7248268292682924,-2.9557,3.2238298235192557,41,41
Rural,3,m2026,2015,1.845807317073171,0.8386,4.122661479153378,41,41
Rural,3,m2026,2020,-1.011190243902439,-0.6963,2.50432764198346,41,41
Rural,3,sdc_2024,2005,-0.9226634146341464,-0.4685,2.4800775624722,41,41
Rural,3,sdc_2024,2010,-4.217651219512196,-3.1189,3.3448583781022743,41,41
Rural,3,sdc_2024,2015,0.46740243902439016,-0.4853,3.679202735205537,41,41
Rural,3,sdc_2024,2020,-0.581258536585366,-0.5673,2.356664811229591,41,41
Rural,4,m2026,2005,-1.510590243902439,-1.5216,3.061815396035894,41,41
Rural,4,m2026,2010,-5.086639024390244,-4.5038,3.767445512603868,41,41
Rural,4,m2026,2015,2.9336146341463416,1.6398,5.452353793113621,41,41
Rural,4,m2026,2020,-1.4950780487804878,-1.0042,3.2770550502327693,41,41
Rural,4,sdc_2024,2005,-1.9953024390243903,-2.1781,3.022323178904583,41,41
Rural,4,sdc_2024,2010,-5.816553658536585,-4.9351,3.8267551451652584,41,41
Rural,4,sdc_2024,2015,0.9414658536585365,-0.3332,4.699829450182728,41,41
Rural,4,sdc_2024,2020,-1.0312512195121952,-1.0406,3.037161561731772,41,41
Rural,5,m2026,2005,-3.1471512195121956,-2.9187,3.546748102848717,41,41
Rural,5,m2026,2010,-5.757619512195122,-5.029,4.005023125914476,41,41
Rural,5,m2026,2015,3.326360975609756,1.1159,7.8316754334202985,41,41
Rural,5,sdc_2024,2005,-3.8909536585365854,-3.585,3.5162002387589903,41,41
Rural,5,sdc_2024,2010,-6.75169268292683,-5.618,4.155604161514319,41,41
Rural,5,sdc_2024,2015,0.6537414634146342,-1.8103,6.669335327263715,41,41
Rural,6,m2026,2005,-4.442109756097561,-4.5876,3.975713664413276,41,41
Rural,6,m2026,2010,-6.611531707317073,-5.6878,4.532849689513156,41,41
Rural,6,m2026,2015,4.022929268292682,1.9315,9.081089304820317,41,41
Rural,6,sdc_2024,2005,-5.208865853658537,-5.2242,4.03284059929287,41,41
Rural,6,sdc_2024,2010,-7.64380975609756,-6.6132,4.696682506717101,41,41
Rural,6,sdc_2024,2015,0.9907317073170733,-2.0539,7.786622401768272,41,41
Rural,7,m2026,2005,-5.808221951219513,-5.5976,5.120474941619781,41,41
Rural,7,m2026,2010,-6.755619512195123,-5.6223,4.522154534910296,41,41
Rural,7,m2026,2015,4.389319512195122,0.6427,10.203198333812283,41,41
Rural,7,sdc_2024,2005,-6.653746341463415,-6.4431,5.201172028884334,41,41
Rural,7,sdc_2024,2010,-7.8486926829268295,-7.1848,4.791723142481744,41,41
Rural,7,sdc_2024,2015,0.9514926829268293,-2.2935,8.721199095921106,41,41
Rural,8,m2026,2005,-7.888512195121951,-6.9182,6.2892630081033785,41,41
Rural,8,m2026,2010,-6.594253658536586,-6.9685,4.800025524208052,41,41
Rural,8,m2026,2015,4.745656097560976,1.251,11.120298265133197,41,41
Rural,8,sdc_2024,2005,-8.858660975609755,-7.5386,6.349902856063156,41,41
Rural,8,sdc_2024,2010,-7.768341463414634,-7.7484,5.122851987905546,41,41
Rural,8,sdc_2024,2015,0.8522780487804879,-2.1622,9.367773397411794,41,41
Rural,9,m2026,2005,-9.581824390243902,-9.0599,6.586939482862299,41,41
Rural,9,m2026,2010,-6.569982926829269,-6.9319,5.261695381666561,41,41
Rural,9,m2026,2015,5.034795121951221,1.1892,12.182917064479081,41,41
Rural,9,sdc_2024,2005,-10.722080487804877,-9.5415,6.678670416752856,41,41
Rural,9,sdc_2024,2010,-7.835712195121951,-7.6105,5.573035029415979,41,41
Rural,9,sdc_2024,2015,0.6492536585365856,-2.2551,10.17068012362245,41,41
Rural,10,m2026,2005,-10.548417073170732,-9.2851,7.491068718978035,41,41
Rural,10,m2026,2010,-7.26090975609756,-7.3037,6.440128228451856,41,41
Rural,10,sdc_2024,2005,-11.91339512195122,-10.8169,7.533343455364,41,41
Rural,10,sdc_2024,2010,-8.633012195121951,-8.5707,6.4348549788707405,41,41
Rural,11,m2026,2005,-11.54030243902439,-10.1709,8.335516201756427,41,41
Rural,11,m2026,2010,-7.505973170731707,-8.6705,7.290394334328713,41,41
Rural,11,sdc_2024,2005,-12.96190243902439,-12.2257,8.370027179749412,41,41
Rural,11,sdc_2024,2010,-9.025602439024391,-9.5593,7.3044399413468994,41,41
Rural,12,m2026,2005,-11.82420731707317,-11.1846,9.270913294557076,41,41
Rural,12,m2026,2010,-8.09040731707317,-8.9196,8.048022752278667,41,41
Rural,12,sdc_2024,2005,-13.3546,-13.1504,9.234078636388148,41,41
Rural,12,sdc_2024,2010,-9.759397560975609,-10.6178,8.012258328383071,41,41
Rural,13,m2026,2005,-11.810009756097562,-11.5721,10.455862468032107,41,41
Rural,13,m2026,2010,-8.745392682926829,-9.7545,8.428391973217378,41,41
Rural,13,sdc_2024,2005,-13.492041463414633,-13.7133,10.274783028706143,41,41
Rural,13,sdc_2024,2010,-10.558134146341462,-11.8003,8.41238942315469,41,41
Rural,14,m2026,2005,-11.938187804878046,-12.3955,11.30411644756447,41,41
Rural,14,m2026,2010,-9.48919756097561,-10.8736,9.035828634151043,41,41
Rural,14,sdc_2024,2005,-13.801380487804877,-13.1367,10.941785839711438,41,41
Rural,14,sdc_2024,2010,-11.448734146341463,-12.4234,8.962078608911266,41,41
Rural,15,m2026,2005,-12.753460975609755,-12.8604,12.380999730653377,41,41
Rural,15,sdc_2024,2005,-14.841478048780488,-15.5853,11.524385947318672,41,41
Rural,16,m2026,2005,-13.0470243902439,-14.2108,14.150209335726812,41,41
Rural,16,sdc_2024,2005,-15.368868292682928,-15.764,12.848221463697593,41,41
Rural,17,m2026,2005,-13.64370487804878,-15.3273,15.768595148267826,41,41
Rural,17,sdc_2024,2005,-16.22328536585366,-16.3047,13.928544363636155,41,41
Rural,18,m2026,2005,-14.281826829268292,-15.7247,17.335826190364052,41,41
Rural,18,sdc_2024,2005,-17.13538292682927,-17.2092,14.88046385000989,41,41
Rural,19,m2026,2005,-14.975048780487803,-16.4985,19.09083920079369,41,41
Rural,19,sdc_2024,2005,-18.131209756097558,-18.1894,15.881151934113673,41,41
Urban/College,1,m2026,2005,-2.204625,-2.17305,0.5591924795333595,4,4
Urban/College,1,m2026,2010,-0.787425,-0.74595,1.040345523932634,4,4
Urban/College,1,m2026,2015,-1.635175,-1.56875,0.16971089878574874,4,4
Urban/College,1,m2026,2020,-0.05617500000000003,0.34025,1.0479932549878361,4,4
Urban/College,1,sdc_2024,2005,-1.7601499999999999,-1.6524999999999999,0.5652682283659679,4,4
Urban/College,1,sdc_2024,2010,-0.45937500000000003,-0.40575000000000006,1.1223428423763093,4,4
Urban/College,1,sdc_2024,2015,-1.9219249999999999,-1.8436500000000002,0.40773472891901996,4,4
Urban/College,1,sdc_2024,2020,-0.053600000000000037,0.1682,1.0314745496941098,4,4
Urban/College,2,m2026,2005,-3.8832750000000003,-3.9944,0.6363412678482094,4,4
Urban/College,2,m2026,2010,-2.7272749999999997,-2.4646,1.8767155571636318,4,4
Urban/College,2,m2026,2015,-1.554725,-2.02915,1.4971390792107457,4,4
Urban/College,2,m2026,2020,-0.29755000000000004,0.31355,1.7448811430390705,4,4
Urban/College,2,sdc_2024,2005,-3.04315,-3.18985,0.48524352992423647,4,4
Urban/College,2,sdc_2024,2010,-2.13655,-1.6576000000000002,2.0980971275578897,4,4
Urban/College,2,sdc_2024,2015,-2.1276,-2.24765,1.2212189893708663,4,4
Urban/College,2,sdc_2024,2020,-0.2965,-0.0383,1.7780089276116324,4,4
Urban/College,3,m2026,2005,-5.90725,-6.3867,1.351959818189875,4,4
Urban/College,3,m2026,2010,-4.903625,-5.05875,1.7769218166537324,4,4
Urban/College,3,m2026,2015,-1.3171,-2.0686,3.0132212873711524,4,4
Urban/College,3,m2026,2020,-1.0296999999999998,-0.66665,2.3547754754965493,4,4
Urban/College,3,sdc_2024,2005,-4.724125,-4.9791,1.2178214329284898,4,4
Urban/College,3,sdc_2024,2010,-4.1068750000000005,-3.9556500000000003,2.047346737243108,4,4
Urban/College,3,sdc_2024,2015,-2.175225,-2.50995,2.556272737633187,4,4
Urban/College,3,sdc_2024,2020,-1.026175,-1.19645,2.735084111290425,4,4
Urban/College,4,m2026,2005,-8.1249,-8.66025,2.1550690924732163,4,4
Urban/College,4,m2026,2010,-8.050875,-8.282,2.613484027596113,4,4
Urban/College,4,m2026,2015,-0.7835249999999998,-1.6930999999999998,4.307115213515886,4,4
Urban/College,4,m2026,2020,-1.6597749999999998,-1.549,2.4391719720361387,4,4
Urban/College,4,sdc_2024,2005,-6.65005,-7.0359,1.9305221910146486,4,4
Urban/College,4,sdc_2024,2010,-7.094424999999999,-6.946999999999999,2.9459132544085542,4,4
Urban/College,4,sdc_2024,2015,-1.9243500000000002,-2.16965,3.725688772562733,4,4
Urban/College,4,sdc_2024,2020,-1.651875,-2.263,3.1295740108146775,4,4
Urban/College,5,m2026,2005,-10.129800000000001,-10.494050000000001,3.2375974374011762,4,4
Urban/College,5,m2026,2010,-10.013349999999999,-10.3104,3.099607792931228,4,4
Urban/College,5,m2026,2015,-3.3876749999999998,-3.64225,4.7157535929230505,4,4
Urban/College,5,sdc_2024,2005,-8.398225,-8.5714,3.076955689611622,4,4
Urban/College,5,sdc_2024,2010,-8.911349999999999,-8.767949999999999,3.5066996112204043,4,4
Urban/College,5,sdc_2024,2015,-4.746125,-3.876,4.3677620565342155,4,4
Urban/College,6,m2026,2005,-11.2151,-11.726849999999999,4.254700154730844,4,4
Urban/College,6,m2026,2010,-12.357499999999998,-12.4805,3.5319264252435003,4,4
Urban/College,6,m2026,2015,-3.4225749999999997,-4.4155999999999995,5.740719119515139,4,4
Urban/College,6,sdc_2024,2005,-9.025625,-9.24585,4.13239640997408,4,4
Urban/College,6,sdc_2024,2010,-10.801275,-10.378,3.9286079853428997,4,4
Urban/College,6,sdc_2024,2015,-4.727725,-4.47205,4.905951301140958,4,4
Urban/College,7,m2026,2005,-13.350324999999998,-13.34505,5.3286115898828035,4,4
Urban/College,7,m2026,2010,-13.178275,-14.0022,3.2562648954233846,4,4
Urban/College,7,m2026,2015,-3.6453000000000007,-4.9788499999999996,6.786844805946281,4,4
Urban/College,7,sdc_2024,2005,-10.755375,-10.35425,5.218646569993028,4,4
Urban/College,7,sdc_2024,2010,-11.160599999999999,-11.47205,3.4462697950102514,4,4
Urban/College,7,sdc_2024,2015,-4.8847499999999995,-4.98405,5.596414757384112,4,4
Urban/College,8,m2026,2005,-15.744024999999999,-16.01445,5.39685106049506,4,4
Urban/College,8,m2026,2010,-13.855675,-14.650400000000001,3.6298279172939685,4,4
Urban/College,8,m2026,2015,-4.3222000000000005,-5.8263,8.297216045156352,4,4
Urban/College,8,sdc_2024,2005,-12.774125000000002,-12.580950000000001,5.2851464926874705,4,4
Urban/College,8,sdc_2024,2010,-11.369924999999999,-11.8356,3.5347811411505146,4,4
Urban/College,8,sdc_2024,2015,-5.477425,-5.5042,6.900669064844365,4,4
Urban/College,9,m2026,2005,-18.9685,-19.2475,6.23750436419353,4,4
Urban/College,9,m2026,2010,-14.274775000000002,-15.15915,4.390142630465819,4,4
Urban/College,9,m2026,2015,-4.9456999999999995,-6.4366,9.068022948066831,4,4
Urban/College,9,sdc_2024,2005,-15.680124999999999,-15.43195,6.17165263732765,4,4
Urban/College,9,sdc_2024,2010,-11.300275,-11.78095,4.105787356382858,4,4
Urban/College,9,sdc_2024,2015,-5.995725,-5.8971,7.486021365796832,4,4
Urban/College,10,m2026,2005,-21.154024999999997,-21.43155,6.779111081538149,4,4
Urban/College,10,m2026,2010,-17.35775,-17.8923,5.234379148475967,4,4
Urban/College,10,sdc_2024,2005,-17.523625,-17.2145,6.769068381185603,4,4
Urban/College,10,sdc_2024,2010,-13.973499999999998,-14.00795,5.124262519296475,4,4
Urban/College,11,m2026,2005,-23.52755,-23.615650000000002,7.1708655704872895,4,4
Urban/College,11,m2026,2010,-18.128999999999998,-19.01135,5.385346456821511,4,4
Urban/College,11,sdc_2024,2005,-19.568849999999998,-18.94795,7.185261995919146,4,4
Urban/College,11,sdc_2024,2010,-14.366249999999999,-14.7341,4.947980383617811,4,4
Urban/College,12,m2026,2005,-24.610025,-25.34065,6.899643742674932,4,4
Urban/College,12,m2026,2010,-19.064,-20.14795,5.7425289185166495,4,4
Urban/College,12,sdc_2024,2005,-20.261850000000003,-20.2076,6.806727878846536,4,4
Urban/College,12,sdc_2024,2010,-14.908450000000002,-15.45275,5.065953619013897,4,4
Urban/College,13,m2026,2005,-25.556824999999996,-27.00045,7.065814026883243,4,4
Urban/College,13,m2026,2010,-20.37895,-21.3182,6.617763516224092,4,4
Urban/College,13,sdc_2024,2005,-20.807975,-21.4047,6.844972824087763,4,4
Urban/College,13,sdc_2024,2010,-15.835149999999999,-16.185299999999998,5.821544391024315,4,4
Urban/College,14,m2026,2005,-26.268500000000003,-28.354799999999997,7.575820849254554,4,4
Urban/College,14,m2026,2010,-21.6391,-22.405250000000002,6.989818250856026,4,4
Urban/College,14,sdc_2024,2005,-21.094125,-22.273400000000002,7.274168017661308,4,4
Urban/College,14,sdc_2024,2010,-16.679775,-16.7977,6.145640549948123,4,4
Urban/College,15,m2026,2005,-29.237750000000002,-31.4079,8.183302670478874,4,4
Urban/College,15,sdc_2024,2005,-23.786675000000002,-24.98405,8.05863074282267,4,4
Urban/College,16,m2026,2005,-30.244449999999997,-32.8553,8.244752274628995,4,4
Urban/College,16,sdc_2024,2005,-24.551550000000002,-26.1198,7.910262411787192,4,4
Urban/College,17,m2026,2005,-31.3784,-34.38935,8.434351485443324,4,4
Urban/College,17,sdc_2024,2005,-25.441200000000002,-27.344450000000002,7.957290365863663,4,4
Urban/College,18,m2026,2005,-32.821175000000004,-36.24615,8.905185413519847,4,4
Urban/College,18,sdc_2024,2005,-26.6616,-29.2217,8.348149279930253,4,4
Urban/College,19,m2026,2005,-34.2016,-37.4955,9.117405918717596,4,4
Urban/College,19,sdc_2024,2005,-27.7984,-30.314049999999998,8.566398530304317,4,4
