origin_year,method,validation_year,horizon,county_fips,projected,actual,error,pct_error
2005,sdc_2024,2010,5,38001,2219.5,2343.0,-123.5,-5.2727
2005,m2026,2010,5,38001,2246.3,2343.0,-96.7,-4.1251
2005,sdc_2024,2015,10,38001,2070.2,2388.0,-317.8,-13.3099
2005,m2026,2015,10,38001,2122.6,2388.0,-265.4,-11.115
2005,sdc_2024,2020,15,38001,1960.4,2194.0,-233.6,-10.6473
2005,m2026,2020,15,38001,2025.8,2194.0,-168.2,-7.6663
2005,sdc_2024,2024,19,38001,1884.7,2141.0,-256.3,-11.9722
2005,m2026,2024,19,38001,1958.2,2141.0,-182.8,-8.5397
2005,sdc_2024,2010,5,38003,10516.7,11066.0,-549.3,-4.9642
2005,m2026,2010,5,38003,10558.3,11066.0,-507.7,-4.5883
2005,sdc_2024,2015,10,38003,9938.9,11062.0,-1123.1,-10.1526
2005,m2026,2015,10,38003,9998.1,11062.0,-1063.9,-9.618
2005,sdc_2024,2020,15,38003,9366.8,10840.0,-1473.2,-13.59
2005,m2026,2020,15,38003,9445.9,10840.0,-1394.1,-12.8604
2005,sdc_2024,2024,19,38003,8871.7,10798.0,-1926.3,-17.8398
2005,m2026,2024,19,38003,8987.7,10798.0,-1810.3,-16.7652
2005,sdc_2024,2010,5,38005,6500.8,6660.0,-159.2,-2.3905
2005,m2026,2010,5,38005,6538.9,6660.0,-121.1,-1.8181
2005,sdc_2024,2015,10,38005,6296.6,6885.0,-588.4,-8.5455
2005,m2026,2015,10,38005,6349.2,6885.0,-535.8,-7.7821
2005,sdc_2024,2020,15,38005,6147.0,5960.0,187.0,3.1369
2005,m2026,2020,15,38005,6172.7,5960.0,212.7,3.5695
2005,sdc_2024,2024,19,38005,6026.8,5756.0,270.8,4.7053
2005,m2026,2024,19,38005,6026.4,5756.0,270.4,4.6979
2005,sdc_2024,2010,5,38007,717.0,783.0,-66.0,-8.4238
2005,m2026,2010,5,38007,717.7,783.0,-65.3,-8.3419
2005,sdc_2024,2015,10,38007,684.2,920.0,-235.8,-25.6267
2005,m2026,2015,10,38007,683.3,920.0,-236.7,-25.7309
2005,sdc_2024,2020,15,38007,652.4,947.0,-294.6,-31.1111
2005,m2026,2020,15,38007,651.8,947.0,-295.2,-31.1699
2005,sdc_2024,2024,19,38007,607.2,1063.0,-455.8,-42.8787
2005,m2026,2024,19,38007,623.5,1063.0,-439.5,-41.3432
2005,sdc_2024,2010,5,38009,6143.0,6429.0,-286.0,-4.4484
2005,m2026,2010,5,38009,6222.0,6429.0,-207.0,-3.2198
2005,sdc_2024,2015,10,38009,5725.9,6684.0,-958.1,-14.3348
2005,m2026,2015,10,38009,5839.6,6684.0,-844.4,-12.6327
2005,sdc_2024,2020,15,38009,5377.2,6370.0,-992.8,-15.5853
2005,m2026,2020,15,38009,5479.3,6370.0,-890.7,-13.9834
2005,sdc_2024,2024,19,38009,5078.8,6391.0,-1312.2,-20.5318
2005,m2026,2024,19,38009,5185.7,6391.0,-1205.3,-18.8597
2005,sdc_2024,2010,5,38011,2818.7,3151.0,-332.3,-10.5455
2005,m2026,2010,5,38011,2834.8,3151.0,-316.2,-10.035
2005,sdc_2024,2015,10,38011,2613.7,3238.0,-624.3,-19.2806
2005,m2026,2015,10,38011,2643.9,3238.0,-594.1,-18.347
2005,sdc_2024,2020,15,38011,2433.2,2993.0,-559.8,-18.7042
2005,m2026,2020,15,38011,2464.3,2993.0,-528.7,-17.6635
2005,sdc_2024,2024,19,38011,2280.3,2886.0,-605.7,-20.9858
2005,m2026,2024,19,38011,2320.0,2886.0,-566.0,-19.6119
2005,sdc_2024,2010,5,38013,1927.6,1968.0,-40.4,-2.0525
2005,m2026,2010,5,38013,1942.3,1968.0,-25.7,-1.3071
2005,sdc_2024,2015,10,38013,1844.6,2261.0,-416.4,-18.4179
2005,m2026,2015,10,38013,1913.5,2261.0,-347.5,-15.371
2005,sdc_2024,2020,15,38013,1824.8,2195.0,-370.2,-16.8649
2005,m2026,2020,15,38013,1942.1,2195.0,-252.9,-11.5235
2005,sdc_2024,2024,19,38013,1786.5,2154.0,-367.5,-17.061
2005,m2026,2024,19,38013,1995.0,2154.0,-159.0,-7.38
2005,sdc_2024,2010,5,38015,77583.8,81308.0,-3724.2,-4.5804
2005,m2026,2010,5,38015,76546.4,81308.0,-4761.6,-5.8562
2005,sdc_2024,2015,10,38015,81386.4,90510.0,-9123.6,-10.0802
2005,m2026,2015,10,38015,78912.6,90510.0,-11597.4,-12.8134
2005,sdc_2024,2020,15,38015,84798.7,98455.0,-13656.3,-13.8706
2005,m2026,2020,15,38015,80682.6,98455.0,-17772.4,-18.0513
2005,sdc_2024,2024,19,38015,86455.6,103107.0,-16651.4,-16.1497
2005,m2026,2024,19,38015,81469.3,103107.0,-21637.7,-20.9857
2005,sdc_2024,2010,5,38017,138327.3,149778.0,-11450.7,-7.6451
2005,m2026,2010,5,38017,134686.3,149778.0,-15091.7,-10.0761
2005,sdc_2024,2015,10,38017,142718.7,166552.0,-23833.3,-14.3098
2005,m2026,2015,10,38017,134089.8,166552.0,-32462.2,-19.4907
2005,sdc_2024,2020,15,38017,146371.0,184531.0,-38160.0,-20.6795
2005,m2026,2020,15,38017,132331.8,184531.0,-52199.2,-28.2875
2005,sdc_2024,2024,19,38017,147550.4,200945.0,-53394.6,-26.5717
2005,m2026,2024,19,38017,129883.6,200945.0,-71061.4,-35.3636
2005,sdc_2024,2010,5,38019,3865.7,3993.0,-127.3,-3.1888
2005,m2026,2010,5,38019,3910.8,3993.0,-82.2,-2.0576
2005,sdc_2024,2015,10,38019,3430.9,3847.0,-416.1,-10.8169
2005,m2026,2015,10,38019,3490.0,3847.0,-357.0,-9.2795
2005,sdc_2024,2020,15,38019,3072.1,3710.0,-637.9,-17.1936
2005,m2026,2020,15,38019,3121.7,3710.0,-588.3,-15.8574
2005,sdc_2024,2024,19,38019,2794.3,3567.0,-772.7,-21.6626
2005,m2026,2024,19,38019,2853.5,3567.0,-713.5,-20.002
2005,sdc_2024,2010,5,38021,5147.2,5289.0,-141.8,-2.6809
2005,m2026,2010,5,38021,5153.0,5289.0,-136.0,-2.5712
2005,sdc_2024,2015,10,38021,4804.8,5101.0,-296.2,-5.8064
2005,m2026,2015,10,38021,4830.2,5101.0,-270.8,-5.3085
2005,sdc_2024,2020,15,38021,4459.9,4988.0,-528.1,-10.587
2005,m2026,2020,15,38021,4525.4,4988.0,-462.6,-9.2743
2005,sdc_2024,2024,19,38021,4195.1,4930.0,-734.9,-14.9067
2005,m2026,2024,19,38021,4291.2,4930.0,-638.8,-12.958
2005,sdc_2024,2010,5,38023,1927.8,2071.0,-143.2,-6.9131
2005,m2026,2010,5,38023,1951.4,2071.0,-119.6,-5.7771
2005,sdc_2024,2015,10,38023,1803.7,2428.0,-624.3,-25.7122
2005,m2026,2015,10,38023,1831.5,2428.0,-596.5,-24.5662
2005,sdc_2024,2020,15,38023,1716.5,2195.0,-478.5,-21.798
2005,m2026,2020,15,38023,1736.2,2195.0,-458.8,-20.8998
2005,sdc_2024,2024,19,38023,1636.0,2124.0,-488.0,-22.9764
2005,m2026,2024,19,38023,1665.1,2124.0,-458.9,-21.6039
2005,sdc_2024,2010,5,38025,3282.1,3536.0,-253.9,-7.181
2005,m2026,2010,5,38025,3215.1,3536.0,-320.9,-9.0761
2005,sdc_2024,2015,10,38025,3147.3,4375.0,-1227.7,-28.0614
2005,m2026,2015,10,38025,3035.7,4375.0,-1339.3,-30.6125
2005,sdc_2024,2020,15,38025,3038.4,4095.0,-1056.6,-25.8014
2005,m2026,2020,15,38025,2867.6,4095.0,-1227.4,-29.9738
2005,sdc_2024,2024,19,38025,2957.2,4031.0,-1073.8,-26.6395
2005,m2026,2024,19,38025,2731.5,4031.0,-1299.5,-32.2377
2005,sdc_2024,2010,5,38027,2423.5,2385.0,38.5,1.6139
2005,m2026,2010,5,38027,2445.9,2385.0,60.9,2.5541
2005,sdc_2024,2015,10,38027,2255.3,2329.0,-73.7,-3.1642
2005,m2026,2015,10,38027,2308.6,2329.0,-20.4,-0.8773
2005,sdc_2024,2020,15,38027,2117.0,2339.0,-222.0,-9.4904
2005,m2026,2020,15,38027,2194.0,2339.0,-145.0,-6.1995
2005,sdc_2024,2024,19,38027,2019.2,2309.0,-289.8,-12.5503
2005,m2026,2024,19,38027,2110.9,2309.0,-198.1,-8.5783
2005,sdc_2024,2010,5,38029,3284.3,3550.0,-265.7,-7.4845
2005,m2026,2010,5,38029,3322.4,3550.0,-227.6,-6.4106
2005,sdc_2024,2015,10,38029,2777.4,3412.0,-634.6,-18.5983
2005,m2026,2015,10,38029,2860.7,3412.0,-551.3,-16.1564
2005,sdc_2024,2020,15,38029,2343.6,3303.0,-959.4,-29.0455
2005,m2026,2020,15,38029,2461.6,3303.0,-841.4,-25.4727
2005,sdc_2024,2024,19,38029,2050.9,3209.0,-1158.1,-36.0882
2005,m2026,2024,19,38029,2180.3,3209.0,-1028.7,-32.0571
2005,sdc_2024,2010,5,38031,3340.7,3343.0,-2.3,-0.07
2005,m2026,2010,5,38031,3351.2,3343.0,8.2,0.2449
2005,sdc_2024,2015,10,38031,3133.7,3337.0,-203.3,-6.0918
2005,m2026,2015,10,38031,3152.2,3337.0,-184.8,-5.5391
2005,sdc_2024,2020,15,38031,2950.7,3395.0,-444.3,-13.088
2005,m2026,2020,15,38031,2965.1,3395.0,-429.9,-12.6639
2005,sdc_2024,2024,19,38031,2807.9,3323.0,-515.1,-15.5
2005,m2026,2024,19,38031,2815.4,3323.0,-507.6,-15.2752
2005,sdc_2024,2010,5,38033,1486.8,1680.0,-193.2,-11.5015
2005,m2026,2010,5,38033,1515.2,1680.0,-164.8,-9.8071
2005,sdc_2024,2015,10,38033,1282.1,1852.0,-569.9,-30.7714
2005,m2026,2015,10,38033,1343.2,1852.0,-508.8,-27.4721
2005,sdc_2024,2020,15,38033,1115.0,1729.0,-614.0,-35.5138
2005,m2026,2020,15,38033,1193.8,1729.0,-535.2,-30.9551
2005,sdc_2024,2024,19,38033,1000.7,1795.0,-794.3,-44.251
2005,m2026,2024,19,38033,1086.2,1795.0,-708.8,-39.4881
2005,sdc_2024,2010,5,38035,60510.7,66861.0,-6350.3,-9.4977
2005,m2026,2010,5,38035,59565.2,66861.0,-7295.8,-10.912
2005,sdc_2024,2015,10,38035,55728.0,69764.0,-14036.0,-20.1192
2005,m2026,2015,10,38035,53458.5,69764.0,-16305.5,-23.3724
2005,sdc_2024,2020,15,38035,51738.8,73169.0,-21430.2,-29.2886
2005,m2026,2020,15,38035,47905.0,73169.0,-25264.0,-34.5283
2005,sdc_2024,2024,19,38035,48382.1,73771.0,-25388.9,-34.4158
2005,m2026,2024,19,38035,43650.5,73771.0,-30120.5,-40.8297
2005,sdc_2024,2010,5,38037,2351.2,2394.0,-42.8,-1.7873
2005,m2026,2010,5,38037,2385.0,2394.0,-9.0,-0.3755
2005,sdc_2024,2015,10,38037,2133.2,2374.0,-240.8,-10.1448
2005,m2026,2015,10,38037,2190.5,2374.0,-183.5,-7.7299
2005,sdc_2024,2020,15,38037,1938.1,2304.0,-365.9,-15.8803
2005,m2026,2020,15,38037,2013.8,2304.0,-290.2,-12.5941
2005,sdc_2024,2024,19,38037,1786.6,2247.0,-460.4,-20.4895
2005,m2026,2024,19,38037,1880.7,2247.0,-366.3,-16.3029
2005,sdc_2024,2010,5,38039,2286.5,2420.0,-133.5,-5.5163
2005,m2026,2010,5,38039,2303.9,2420.0,-116.1,-4.7974
2005,sdc_2024,2015,10,38039,2120.5,2291.0,-170.5,-7.4439
2005,m2026,2015,10,38039,2148.0,2291.0,-143.0,-6.2429
2005,sdc_2024,2020,15,38039,1995.3,2310.0,-314.7,-13.6214
2005,m2026,2020,15,38039,2024.0,2310.0,-286.0,-12.3818
2005,sdc_2024,2024,19,38039,1894.3,2227.0,-332.7,-14.9384
2005,m2026,2024,19,38039,1928.7,2227.0,-298.3,-13.3963
2005,sdc_2024,2010,5,38041,2591.6,2477.0,114.6,4.6274
2005,m2026,2010,5,38041,2611.8,2477.0,134.8,5.4416
2005,sdc_2024,2015,10,38041,2882.7,2627.0,255.7,9.7336
2005,m2026,2015,10,38041,2927.5,2627.0,300.5,11.4375
2005,sdc_2024,2020,15,38041,3410.6,2484.0,926.6,37.301
2005,m2026,2020,15,38041,3616.8,2484.0,1132.8,45.6023
2005,sdc_2024,2024,19,38041,3886.6,2419.0,1467.6,60.6706
2005,m2026,2024,19,38041,4482.2,2419.0,2063.2,85.2904
2005,sdc_2024,2010,5,38043,2267.2,2435.0,-167.8,-6.8919
2005,m2026,2010,5,38043,2287.4,2435.0,-147.6,-6.061
2005,sdc_2024,2015,10,38043,2081.5,2448.0,-366.5,-14.9695
2005,m2026,2015,10,38043,2110.7,2448.0,-337.3,-13.7801
2005,sdc_2024,2020,15,38043,1923.6,2399.0,-475.4,-19.8184
2005,m2026,2020,15,38043,1958.0,2399.0,-441.0,-18.3809
2005,sdc_2024,2024,19,38043,1801.1,2371.0,-569.9,-24.0357
2005,m2026,2024,19,38043,1845.2,2371.0,-525.8,-22.1749
2005,sdc_2024,2010,5,38045,4136.5,4139.0,-2.5,-0.06
2005,m2026,2010,5,38045,4157.6,4139.0,18.6,0.4495
2005,sdc_2024,2015,10,38045,3850.1,4096.0,-245.9,-6.0044
2005,m2026,2015,10,38045,3885.6,4096.0,-210.4,-5.1374
2005,sdc_2024,2020,15,38045,3577.9,4086.0,-508.1,-12.436
2005,m2026,2020,15,38045,3624.1,4086.0,-461.9,-11.304
2005,sdc_2024,2024,19,38045,3358.1,4051.0,-692.9,-17.1041
2005,m2026,2024,19,38045,3417.1,4051.0,-633.9,-15.648
2005,sdc_2024,2010,5,38047,1817.5,1990.0,-172.5,-8.6673
2005,m2026,2010,5,38047,1832.9,1990.0,-157.1,-7.8927
2005,sdc_2024,2015,10,38047,1571.7,1941.0,-369.3,-19.0271
2005,m2026,2015,10,38047,1608.8,1941.0,-332.2,-17.1134
2005,sdc_2024,2020,15,38047,1342.7,1869.0,-526.3,-28.1592
2005,m2026,2020,15,38047,1411.3,1869.0,-457.7,-24.4899
2005,sdc_2024,2024,19,38047,1189.6,1880.0,-690.4,-36.7216
2005,m2026,2024,19,38047,1271.3,1880.0,-608.7,-32.3798
2005,sdc_2024,2010,5,38049,5141.9,5395.0,-253.1,-4.6917
2005,m2026,2010,5,38049,5196.0,5395.0,-199.0,-3.6885
2005,sdc_2024,2015,10,38049,4768.3,5977.0,-1208.7,-20.2227
2005,m2026,2015,10,38049,4852.2,5977.0,-1124.8,-18.8187
2005,sdc_2024,2020,15,38049,4401.7,5336.0,-934.3,-17.5092
2005,m2026,2020,15,38049,4529.3,5336.0,-806.7,-15.1188
2005,sdc_2024,2024,19,38049,4120.2,5135.0,-1014.8,-19.7625
2005,m2026,2024,19,38049,4280.2,5135.0,-854.8,-16.6457
2005,sdc_2024,2010,5,38051,2854.4,2809.0,45.4,1.6179
2005,m2026,2010,5,38051,2885.1,2809.0,76.1,2.7105
2005,sdc_2024,2015,10,38051,2653.1,2745.0,-91.9,-3.3494
2005,m2026,2015,10,38051,2694.9,2745.0,-50.1,-1.8252
2005,sdc_2024,2020,15,38051,2460.6,2534.0,-73.4,-2.8958
2005,m2026,2020,15,38051,2543.2,2534.0,9.2,0.3637
2005,sdc_2024,2024,19,38051,2298.4,2461.0,-162.6,-6.6059
2005,m2026,2024,19,38051,2434.2,2461.0,-26.8,-1.089
2005,sdc_2024,2010,5,38053,5713.1,6360.0,-646.9,-10.1715
2005,m2026,2010,5,38053,5725.3,6360.0,-634.7,-9.9795
2005,sdc_2024,2015,10,38053,5809.8,10979.0,-5169.2,-47.0829
2005,m2026,2015,10,38053,5884.9,10979.0,-5094.1,-46.3989
2005,sdc_2024,2020,15,38053,6025.4,14707.0,-8681.6,-59.0304
2005,m2026,2020,15,38053,6149.0,14707.0,-8558.0,-58.1899
2005,sdc_2024,2024,19,38053,6208.8,14782.0,-8573.2,-57.9973
2005,m2026,2024,19,38053,6397.6,14782.0,-8384.4,-56.7204
2005,sdc_2024,2010,5,38055,8255.0,8962.0,-707.0,-7.8884
2005,m2026,2010,5,38055,8293.7,8962.0,-668.3,-7.4575
2005,sdc_2024,2015,10,38055,7792.2,9553.0,-1760.8,-18.4321
2005,m2026,2015,10,38055,7836.0,9553.0,-1717.0,-17.9729
2005,sdc_2024,2020,15,38055,7358.1,9776.0,-2417.9,-24.7328
2005,m2026,2020,15,38055,7378.7,9776.0,-2397.3,-24.5221
2005,sdc_2024,2024,19,38055,6945.7,9845.0,-2899.3,-29.4493
2005,m2026,2024,19,38055,6984.7,9845.0,-2860.3,-29.0531
2005,sdc_2024,2010,5,38057,8167.6,8424.0,-256.4,-3.044
2005,m2026,2010,5,38057,8227.8,8424.0,-196.2,-2.3292
2005,sdc_2024,2015,10,38057,8180.8,8712.0,-531.2,-6.0974
2005,m2026,2015,10,38057,8248.7,8712.0,-463.3,-5.3176
2005,sdc_2024,2020,15,38057,8289.1,8353.0,-63.9,-0.7651
2005,m2026,2020,15,38057,8322.1,8353.0,-30.9,-0.3705
2005,sdc_2024,2024,19,38057,8274.3,8348.0,-73.7,-0.8826
2005,m2026,2024,19,38057,8357.4,8348.0,9.4,0.1129
2005,sdc_2024,2010,5,38059,25622.4,27471.0,-1848.6,-6.7292
2005,m2026,2010,5,38059,25633.2,27471.0,-1837.8,-6.6899
2005,sdc_2024,2015,10,38059,25757.9,29777.0,-4019.1,-13.4974
2005,m2026,2015,10,38059,25742.4,29777.0,-4034.6,-13.5495
2005,sdc_2024,2020,15,38059,25889.8,33291.0,-7401.2,-22.2317
2005,m2026,2020,15,38059,25787.0,33291.0,-7504.0,-22.5407
2005,sdc_2024,2024,19,38059,25841.9,34194.0,-8352.1,-24.4256
2005,m2026,2024,19,38059,25707.3,34194.0,-8486.7,-24.8193
2005,sdc_2024,2010,5,38061,7021.5,7673.0,-651.5,-8.491
2005,m2026,2010,5,38061,7085.6,7673.0,-587.4,-7.6558
2005,sdc_2024,2015,10,38061,7300.2,9751.0,-2450.8,-25.1338
2005,m2026,2015,10,38061,7509.2,9751.0,-2241.8,-22.99
2005,sdc_2024,2020,15,38061,7622.8,9806.0,-2183.2,-22.2635
2005,m2026,2020,15,38061,8053.3,9806.0,-1752.7,-17.8742
2005,sdc_2024,2024,19,38061,7872.3,9474.0,-1601.7,-16.9066
2005,m2026,2024,19,38061,8536.5,9474.0,-937.5,-9.896
2005,sdc_2024,2010,5,38063,3055.8,3126.0,-70.2,-2.2469
2005,m2026,2010,5,38063,3090.5,3126.0,-35.5,-1.1361
2005,sdc_2024,2015,10,38063,2823.4,3014.0,-190.6,-6.3227
2005,m2026,2015,10,38063,2871.0,3014.0,-143.0,-4.7449
2005,sdc_2024,2020,15,38063,2647.3,3019.0,-371.7,-12.3104
2005,m2026,2020,15,38063,2686.5,3019.0,-332.5,-11.0125
2005,sdc_2024,2024,19,38063,2496.8,3007.0,-510.2,-16.9666
2005,m2026,2024,19,38063,2546.5,3007.0,-460.5,-15.3159
2005,sdc_2024,2010,5,38065,1780.1,1846.0,-65.9,-3.5684
2005,m2026,2010,5,38065,1794.6,1846.0,-51.4,-2.786
2005,sdc_2024,2015,10,38065,1660.2,1868.0,-207.8,-11.1248
2005,m2026,2015,10,38065,1689.5,1868.0,-178.5,-9.5538
2005,sdc_2024,2020,15,38065,1536.1,1875.0,-338.9,-18.075
2005,m2026,2020,15,38065,1580.3,1875.0,-294.7,-15.7155
2005,sdc_2024,2024,19,38065,1431.2,1882.0,-450.8,-23.9512
2005,m2026,2024,19,38065,1488.3,1882.0,-393.7,-20.9198
2005,sdc_2024,2010,5,38067,7174.4,7413.0,-238.6,-3.2182
2005,m2026,2010,5,38067,7196.6,7413.0,-216.4,-2.9187
2005,sdc_2024,2015,10,38067,6518.1,7068.0,-549.9,-7.7801
2005,m2026,2015,10,38067,6552.1,7068.0,-515.9,-7.2987
2005,sdc_2024,2020,15,38067,5917.3,6835.0,-917.7,-13.4263
2005,m2026,2020,15,38067,5957.0,6835.0,-878.0,-12.8462
2005,sdc_2024,2024,19,38067,5456.5,6588.0,-1131.5,-17.1755
2005,m2026,2024,19,38067,5501.1,6588.0,-1086.9,-16.4985
2005,sdc_2024,2010,5,38069,4086.8,4357.0,-270.2,-6.2008
2005,m2026,2010,5,38069,4088.7,4357.0,-268.3,-6.1577
2005,sdc_2024,2015,10,38069,3787.8,4364.0,-576.2,-13.2029
2005,m2026,2015,10,38069,3793.6,4364.0,-570.4,-13.0695
2005,sdc_2024,2020,15,38069,3472.2,3990.0,-517.8,-12.977
2005,m2026,2020,15,38069,3509.3,3990.0,-480.7,-12.0473
2005,sdc_2024,2024,19,38069,3214.7,3853.0,-638.3,-16.5668
2005,m2026,2024,19,38069,3287.4,3853.0,-565.6,-14.6806
2005,sdc_2024,2010,5,38071,10471.0,11451.0,-980.0,-8.558
2005,m2026,2010,5,38071,10510.7,11451.0,-940.3,-8.2117
2005,sdc_2024,2015,10,38071,9691.0,11615.0,-1924.0,-16.5652
2005,m2026,2015,10,38071,9749.7,11615.0,-1865.3,-16.0594
2005,sdc_2024,2020,15,38071,8993.2,11612.0,-2618.8,-22.5522
2005,m2026,2020,15,38071,9030.2,11612.0,-2581.8,-22.2336
2005,sdc_2024,2024,19,38071,8444.3,11510.0,-3065.7,-26.6353
2005,m2026,2024,19,38071,8460.6,11510.0,-3049.4,-26.4936
2005,sdc_2024,2010,5,38073,5571.6,5457.0,114.6,2.0993
2005,m2026,2010,5,38073,5592.1,5457.0,135.1,2.4765
2005,sdc_2024,2015,10,38073,5412.6,5442.0,-29.4,-0.5403
2005,m2026,2015,10,38073,5465.6,5442.0,23.6,0.4342
2005,sdc_2024,2020,15,38073,5287.3,5701.0,-413.7,-7.2574
2005,m2026,2020,15,38073,5353.1,5701.0,-347.9,-6.1027
2005,sdc_2024,2024,19,38073,5153.8,5590.0,-436.2,-7.804
2005,m2026,2024,19,38073,5251.5,5590.0,-338.5,-6.0559
2005,sdc_2024,2010,5,38075,2420.5,2470.0,-49.5,-2.0028
2005,m2026,2010,5,38075,2421.5,2470.0,-48.5,-1.963
2005,sdc_2024,2015,10,38075,2336.2,2573.0,-236.8,-9.2048
2005,m2026,2015,10,38075,2355.1,2573.0,-217.9,-8.4694
2005,sdc_2024,2020,15,38075,2289.0,2290.0,-1.0,-0.043
2005,m2026,2020,15,38075,2301.2,2290.0,11.2,0.4884
2005,sdc_2024,2024,19,38075,2234.1,2376.0,-141.9,-5.9729
2005,m2026,2024,19,38075,2257.7,2376.0,-118.3,-4.9774
2005,sdc_2024,2010,5,38077,16072.1,16321.0,-248.9,-1.5253
2005,m2026,2010,5,38077,16375.2,16321.0,54.2,0.3321
2005,sdc_2024,2015,10,38077,14927.5,16345.0,-1417.5,-8.6721
2005,m2026,2015,10,38077,15442.9,16345.0,-902.1,-5.5192
2005,sdc_2024,2020,15,38077,13938.5,16531.0,-2592.5,-15.6829
2005,m2026,2020,15,38077,14524.5,16531.0,-2006.5,-12.138
2005,sdc_2024,2024,19,38077,13100.8,16658.0,-3557.2,-21.3543
2005,m2026,2024,19,38077,13778.8,16658.0,-2879.2,-17.2839
2005,sdc_2024,2010,5,38079,13254.6,13937.0,-682.4,-4.896
2005,m2026,2010,5,38079,13339.2,13937.0,-597.8,-4.2891
2005,sdc_2024,2015,10,38079,12882.0,14733.0,-1851.0,-12.5636
2005,m2026,2015,10,38079,13009.1,14733.0,-1723.9,-11.7009
2005,sdc_2024,2020,15,38079,12554.1,12194.0,360.1,2.9533
2005,m2026,2020,15,38079,12660.2,12194.0,466.2,3.8233
2005,sdc_2024,2024,19,38079,12262.8,11692.0,570.8,4.8821
2005,m2026,2024,19,38079,12349.9,11692.0,657.9,5.6268
2005,sdc_2024,2010,5,38081,3778.1,3829.0,-50.9,-1.3286
2005,m2026,2010,5,38081,3818.1,3829.0,-10.9,-0.2837
2005,sdc_2024,2015,10,38081,3485.7,3920.0,-434.3,-11.0786
2005,m2026,2015,10,38081,3556.0,3920.0,-364.0,-9.2851
2005,sdc_2024,2020,15,38081,3230.2,3866.0,-635.8,-16.4465
2005,m2026,2020,15,38081,3309.3,3866.0,-556.7,-14.399
2005,sdc_2024,2024,19,38081,3021.0,3710.0,-689.0,-18.5716
2005,m2026,2024,19,38081,3114.0,3710.0,-596.0,-16.0643
2005,sdc_2024,2010,5,38083,1286.9,1321.0,-34.1,-2.583
2005,m2026,2010,5,38083,1309.6,1321.0,-11.4,-0.8619
2005,sdc_2024,2015,10,38083,1133.9,1334.0,-200.1,-15.0029
2005,m2026,2015,10,38083,1165.4,1334.0,-168.6,-12.6415
2005,sdc_2024,2020,15,38083,1003.5,1268.0,-264.5,-20.8632
2005,m2026,2020,15,38083,1039.6,1268.0,-228.4,-18.012
2005,sdc_2024,2024,19,38083,906.1,1268.0,-361.9,-28.5415
2005,m2026,2024,19,38083,946.0,1268.0,-322.0,-25.3943
2005,sdc_2024,2010,5,38085,4020.3,4153.0,-132.7,-3.1963
2005,m2026,2010,5,38085,4029.3,4153.0,-123.7,-2.9786
2005,sdc_2024,2015,10,38085,3937.3,4459.0,-521.7,-11.7008
2005,m2026,2015,10,38085,3959.1,4459.0,-499.9,-11.21
2005,sdc_2024,2020,15,38085,3855.5,3897.0,-41.5,-1.0652
2005,m2026,2020,15,38085,3870.1,3897.0,-26.9,-0.6915
2005,sdc_2024,2024,19,38085,3766.1,3713.0,53.1,1.4311
2005,m2026,2024,19,38085,3781.8,3713.0,68.8,1.8542
2005,sdc_2024,2010,5,38087,726.9,727.0,-0.1,-0.011
2005,m2026,2010,5,38087,724.1,727.0,-2.9,-0.4006
2005,sdc_2024,2015,10,38087,710.5,779.0,-68.5,-8.793
2005,m2026,2015,10,38087,723.4,779.0,-55.6,-7.1363
2005,sdc_2024,2020,15,38087,671.3,707.0,-35.7,-5.047
2005,m2026,2020,15,38087,724.6,707.0,17.6,2.4848
2005,sdc_2024,2024,19,38087,636.0,660.0,-24.0,-3.6293
2005,m2026,2024,19,38087,726.4,660.0,66.4,10.0649
2005,sdc_2024,2010,5,38089,22698.5,24199.0,-1500.5,-6.2007
2005,m2026,2010,5,38089,22436.1,24199.0,-1762.9,-7.2852
2005,sdc_2024,2015,10,38089,22770.2,30315.0,-7544.8,-24.8881
2005,m2026,2015,10,38089,22196.8,30315.0,-8118.2,-26.7793
2005,sdc_2024,2020,15,38089,22861.8,33650.0,-10788.2,-32.06
2005,m2026,2020,15,38089,21905.7,33650.0,-11744.3,-34.9015
2005,sdc_2024,2024,19,38089,22827.4,33767.0,-10939.6,-32.3973
2005,m2026,2024,19,38089,21600.5,33767.0,-12166.5,-36.0307
2005,sdc_2024,2010,5,38091,1902.0,1975.0,-73.0,-3.6939
2005,m2026,2010,5,38091,1930.5,1975.0,-44.5,-2.2553
2005,sdc_2024,2015,10,38091,1740.0,1912.0,-172.0,-8.9934
2005,m2026,2015,10,38091,1794.1,1912.0,-117.9,-6.1668
2005,sdc_2024,2020,15,38091,1588.6,1791.0,-202.4,-11.3011
2005,m2026,2020,15,38091,1671.4,1791.0,-119.6,-6.6776
2005,sdc_2024,2024,19,38091,1492.5,1767.0,-274.5,-15.5358
2005,m2026,2024,19,38091,1579.9,1767.0,-187.1,-10.5904
2005,sdc_2024,2010,5,38093,20101.6,21100.0,-998.4,-4.7317
2005,m2026,2010,5,38093,20174.3,21100.0,-925.7,-4.3874
2005,sdc_2024,2015,10,38093,19225.9,21120.0,-1894.1,-8.9684
2005,m2026,2015,10,38093,19323.2,21120.0,-1796.8,-8.5078
2005,sdc_2024,2020,15,38093,18392.2,21601.0,-3208.8,-14.8549
2005,m2026,2020,15,38093,18489.0,21601.0,-3112.0,-14.4065
2005,sdc_2024,2024,19,38093,17626.9,21546.0,-3919.1,-18.1894
2005,m2026,2024,19,38093,17787.9,21546.0,-3758.1,-17.4421
2005,sdc_2024,2010,5,38095,2092.8,2246.0,-153.2,-6.8212
2005,m2026,2010,5,38095,2119.1,2246.0,-126.9,-5.6505
2005,sdc_2024,2015,10,38095,1771.3,2275.0,-503.7,-22.1399
2005,m2026,2015,10,38095,1816.0,2275.0,-459.0,-20.1775
2005,sdc_2024,2020,15,38095,1501.5,2155.0,-653.5,-30.3241
2005,m2026,2020,15,38095,1556.8,2155.0,-598.2,-27.7569
2005,sdc_2024,2024,19,38095,1321.1,2051.0,-729.9,-35.5861
2005,m2026,2024,19,38095,1372.4,2051.0,-678.6,-33.088
2005,sdc_2024,2010,5,38097,7986.6,8121.0,-134.4,-1.6545
2005,m2026,2010,5,38097,8047.3,8121.0,-73.7,-0.9078
2005,sdc_2024,2015,10,38097,7661.6,8042.0,-380.4,-4.7298
2005,m2026,2015,10,38097,7784.1,8042.0,-257.9,-3.2065
2005,sdc_2024,2020,15,38097,7355.1,7990.0,-634.9,-7.9465
2005,m2026,2020,15,38097,7525.4,7990.0,-464.6,-5.8148
2005,sdc_2024,2024,19,38097,7094.7,7989.0,-894.3,-11.1943
2005,m2026,2024,19,38097,7310.1,7989.0,-678.9,-8.4982
2005,sdc_2024,2010,5,38099,10720.4,11119.0,-398.6,-3.585
2005,m2026,2010,5,38099,10745.8,11119.0,-373.2,-3.3563
2005,sdc_2024,2015,10,38099,9900.7,10907.0,-1006.3,-9.2264
2005,m2026,2015,10,38099,9920.7,10907.0,-986.3,-9.0427
2005,sdc_2024,2020,15,38099,9136.6,10556.0,-1419.4,-13.4463
2005,m2026,2020,15,38099,9144.8,10556.0,-1411.2,-13.3683
2005,sdc_2024,2024,19,38099,8545.3,10214.0,-1668.7,-16.3369
2005,m2026,2024,19,38099,8540.1,10214.0,-1673.9,-16.3883
2005,sdc_2024,2010,5,38101,54354.3,61675.0,-7320.7,-11.8697
2005,m2026,2010,5,38101,53241.0,61675.0,-8434.0,-13.6749
2005,sdc_2024,2015,10,38101,51248.6,68869.0,-17620.4,-25.5853
2005,m2026,2015,10,38101,48938.6,68869.0,-19930.4,-28.9396
2005,sdc_2024,2020,15,38101,48030.8,69922.0,-21891.2,-31.308
2005,m2026,2020,15,38101,44691.4,69922.0,-25230.6,-36.0839
2005,sdc_2024,2024,19,38101,45123.3,68427.0,-23303.7,-34.0564
2005,m2026,2024,19,38101,41311.2,68427.0,-27115.8,-39.6274
2005,sdc_2024,2010,5,38103,3999.3,4207.0,-207.7,-4.9363
2005,m2026,2010,5,38103,4020.5,4207.0,-186.5,-4.4332
2005,sdc_2024,2015,10,38103,3524.2,4125.0,-600.8,-14.5651
2005,m2026,2015,10,38103,3548.5,4125.0,-576.5,-13.9764
2005,sdc_2024,2020,15,38103,3106.8,3982.0,-875.2,-21.9788
2005,m2026,2020,15,38103,3129.5,3982.0,-852.5,-21.4077
2005,sdc_2024,2024,19,38103,2798.3,3803.0,-1004.7,-26.419
2005,m2026,2024,19,38103,2822.5,3803.0,-980.5,-25.7827
2005,sdc_2024,2010,5,38105,19946.5,22398.0,-2451.5,-10.945
2005,m2026,2010,5,38105,19852.3,22398.0,-2545.7,-11.3658
2005,sdc_2024,2015,10,38105,20107.2,32106.0,-11998.8,-37.3725
2005,m2026,2015,10,38105,19915.5,32106.0,-12190.5,-37.9697
2005,sdc_2024,2020,15,38105,20285.3,40951.0,-20665.7,-50.4645
2005,m2026,2020,15,38105,19943.3,40951.0,-21007.7,-51.2996
2005,sdc_2024,2024,19,38105,20339.7,40763.0,-20423.3,-50.1025
2005,m2026,2024,19,38105,19887.1,40763.0,-20875.9,-51.2128
2010,sdc_2024,2015,5,38001,2250.8,2388.0,-137.2,-5.7462
2010,m2026,2015,5,38001,2280.3,2388.0,-107.7,-4.5107
2010,sdc_2024,2020,10,38001,2176.9,2194.0,-17.1,-0.7771
2010,m2026,2020,10,38001,2221.8,2194.0,27.8,1.2661
2010,sdc_2024,2024,14,38001,2118.7,2141.0,-22.3,-1.0396
2010,m2026,2024,14,38001,2177.5,2141.0,36.5,1.7071
2010,sdc_2024,2015,5,38003,10717.9,11062.0,-344.1,-3.1109
2010,m2026,2015,5,38003,10820.8,11062.0,-241.2,-2.1804
2010,sdc_2024,2020,10,38003,10404.2,10840.0,-435.8,-4.0207
2010,m2026,2020,10,38003,10483.0,10840.0,-357.0,-3.2934
2010,sdc_2024,2024,14,38003,10100.4,10798.0,-697.6,-6.4608
2010,m2026,2024,14,38003,10189.8,10798.0,-608.2,-5.6321
2010,sdc_2024,2015,5,38005,6471.0,6885.0,-414.0,-6.0134
2010,m2026,2015,5,38005,6479.5,6885.0,-405.5,-5.8889
2010,sdc_2024,2020,10,38005,6277.2,5960.0,317.2,5.3227
2010,m2026,2020,10,38005,6294.4,5960.0,334.4,5.61
2010,sdc_2024,2024,14,38005,6090.8,5756.0,334.8,5.8167
2010,m2026,2024,14,38005,6140.4,5756.0,384.4,6.6783
2010,sdc_2024,2015,5,38007,752.2,920.0,-167.8,-18.2385
2010,m2026,2015,5,38007,768.6,920.0,-151.4,-16.456
2010,sdc_2024,2020,10,38007,722.1,947.0,-224.9,-23.7487
2010,m2026,2020,10,38007,732.8,947.0,-214.2,-22.6142
2010,sdc_2024,2024,14,38007,696.7,1063.0,-366.3,-34.4588
2010,m2026,2024,14,38007,703.4,1063.0,-359.6,-33.8306
2010,sdc_2024,2015,5,38009,6112.1,6684.0,-571.9,-8.5567
2010,m2026,2015,5,38009,6177.1,6684.0,-506.9,-7.5834
2010,sdc_2024,2020,10,38009,5861.5,6370.0,-508.5,-7.9822
2010,m2026,2020,10,38009,5913.5,6370.0,-456.5,-7.1658
2010,sdc_2024,2024,14,38009,5629.7,6391.0,-761.3,-11.912
2010,m2026,2024,14,38009,5696.1,6391.0,-694.9,-10.8736
2010,sdc_2024,2015,5,38011,3121.5,3238.0,-116.5,-3.5987
2010,m2026,2015,5,38011,3177.2,3238.0,-60.8,-1.8766
2010,sdc_2024,2020,10,38011,3105.1,2993.0,112.1,3.7471
2010,m2026,2020,10,38011,3156.4,2993.0,163.4,5.4602
2010,sdc_2024,2024,14,38011,3035.4,2886.0,149.4,5.1757
2010,m2026,2024,14,38011,3126.8,2886.0,240.8,8.3438
2010,sdc_2024,2015,5,38013,1896.7,2261.0,-364.3,-16.1145
2010,m2026,2015,5,38013,1898.9,2261.0,-362.1,-16.0153
2010,sdc_2024,2020,10,38013,1837.5,2195.0,-357.5,-16.2849
2010,m2026,2020,10,38013,1839.9,2195.0,-355.1,-16.1775
2010,sdc_2024,2024,14,38013,1793.6,2154.0,-360.4,-16.7313
2010,m2026,2024,14,38013,1803.5,2154.0,-350.5,-16.2726
2010,sdc_2024,2015,5,38015,85661.9,90510.0,-4848.1,-5.3564
2010,m2026,2015,5,38015,84821.8,90510.0,-5688.2,-6.2846
2010,sdc_2024,2020,10,38015,90579.2,98455.0,-7875.8,-7.9994
2010,m2026,2020,10,38015,88107.4,98455.0,-10347.6,-10.51
2010,sdc_2024,2024,14,38015,93782.2,103107.0,-9324.8,-9.0438
2010,m2026,2024,14,38015,90174.2,103107.0,-12932.8,-12.5431
2010,sdc_2024,2015,5,38017,155569.7,166552.0,-10982.3,-6.5939
2010,m2026,2015,5,38017,151991.2,166552.0,-14560.8,-8.7425
2010,sdc_2024,2020,10,38017,162420.8,184531.0,-22110.2,-11.9818
2010,m2026,2020,10,38017,153024.7,184531.0,-31506.3,-17.0737
2010,sdc_2024,2024,14,38017,166541.4,200945.0,-34403.6,-17.1209
2010,m2026,2024,14,38017,152605.2,200945.0,-48339.8,-24.0563
2010,sdc_2024,2015,5,38019,3630.9,3847.0,-216.1,-5.618
2010,m2026,2015,5,38019,3672.6,3847.0,-174.4,-4.5347
2010,sdc_2024,2020,10,38019,3304.7,3710.0,-405.3,-10.9255
2010,m2026,2020,10,38019,3366.1,3710.0,-343.9,-9.2707
2010,sdc_2024,2024,14,38019,3035.8,3567.0,-531.2,-14.8933
2010,m2026,2024,14,38019,3135.8,3567.0,-431.2,-12.0883
2010,sdc_2024,2015,5,38021,5010.0,5101.0,-91.0,-1.784
2010,m2026,2015,5,38021,5010.6,5101.0,-90.4,-1.7717
2010,sdc_2024,2020,10,38021,4740.7,4988.0,-247.3,-4.9576
2010,m2026,2020,10,38021,4727.6,4988.0,-260.4,-5.2196
2010,sdc_2024,2024,14,38021,4512.6,4930.0,-417.4,-8.4675
2010,m2026,2024,14,38021,4500.2,4930.0,-429.8,-8.7183
2010,sdc_2024,2015,5,38023,2025.1,2428.0,-402.9,-16.5934
2010,m2026,2015,5,38023,2048.1,2428.0,-379.9,-15.6448
2010,sdc_2024,2020,10,38023,2006.9,2195.0,-188.1,-8.5707
2010,m2026,2020,10,38023,2037.9,2195.0,-157.1,-7.1555
2010,sdc_2024,2024,14,38023,1971.3,2124.0,-152.7,-7.1887
2010,m2026,2024,14,38023,2035.2,2124.0,-88.8,-4.1827
2010,sdc_2024,2015,5,38025,3492.7,4375.0,-882.3,-20.1658
2010,m2026,2015,5,38025,3493.4,4375.0,-881.6,-20.1514
2010,sdc_2024,2020,10,38025,3440.7,4095.0,-654.3,-15.9771
2010,m2026,2020,10,38025,3386.0,4095.0,-709.0,-17.313
2010,sdc_2024,2024,14,38025,3392.6,4031.0,-638.4,-15.8365
2010,m2026,2024,14,38025,3297.7,4031.0,-733.3,-18.1924
2010,sdc_2024,2015,5,38027,2204.5,2329.0,-124.5,-5.3452
2010,m2026,2015,5,38027,2195.9,2329.0,-133.1,-5.7159
2010,sdc_2024,2020,10,38027,2039.0,2339.0,-300.0,-12.825
2010,m2026,2020,10,38027,2038.7,2339.0,-300.3,-12.8393
2010,sdc_2024,2024,14,38027,1905.8,2309.0,-403.2,-17.4622
2010,m2026,2024,14,38027,1916.5,2309.0,-392.5,-16.9995
2010,sdc_2024,2015,5,38029,3144.7,3412.0,-267.3,-7.8328
2010,m2026,2015,5,38029,3239.3,3412.0,-172.7,-5.0619
2010,sdc_2024,2020,10,38029,2773.8,3303.0,-529.2,-16.0214
2010,m2026,2020,10,38029,2905.7,3303.0,-397.3,-12.0297
2010,sdc_2024,2024,14,38029,2501.9,3209.0,-707.1,-22.0336
2010,m2026,2024,14,38029,2661.2,3209.0,-547.8,-17.0723
2010,sdc_2024,2015,5,38031,3120.7,3337.0,-216.3,-6.4816
2010,m2026,2015,5,38031,3123.4,3337.0,-213.6,-6.4012
2010,sdc_2024,2020,10,38031,2907.5,3395.0,-487.5,-14.3586
2010,m2026,2020,10,38031,2913.7,3395.0,-481.3,-14.1779
2010,sdc_2024,2024,14,38031,2736.2,3323.0,-586.8,-17.6602
2010,m2026,2024,14,38031,2753.5,3323.0,-569.5,-17.1375
2010,sdc_2024,2015,5,38033,1588.8,1852.0,-263.2,-14.2105
2010,m2026,2015,5,38033,1653.0,1852.0,-199.0,-10.7471
2010,sdc_2024,2020,10,38033,1498.6,1729.0,-230.4,-13.327
2010,m2026,2020,10,38033,1584.3,1729.0,-144.7,-8.3716
2010,sdc_2024,2024,14,38033,1418.0,1795.0,-377.0,-21.0033
2010,m2026,2024,14,38033,1524.9,1795.0,-270.1,-15.0477
2010,sdc_2024,2015,5,38035,62130.4,69764.0,-7633.6,-10.942
2010,m2026,2015,5,38035,61477.2,69764.0,-8286.8,-11.8783
2010,sdc_2024,2020,10,38035,58623.9,73169.0,-14545.1,-19.8787
2010,m2026,2020,10,38035,56240.3,73169.0,-16928.7,-23.1364
2010,sdc_2024,2024,14,38035,56007.0,73771.0,-17764.0,-24.0799
2010,m2026,2024,14,38035,52227.8,73771.0,-21543.2,-29.2028
2010,sdc_2024,2015,5,38037,2210.3,2374.0,-163.7,-6.8967
2010,m2026,2015,5,38037,2230.4,2374.0,-143.6,-6.0473
2010,sdc_2024,2020,10,38037,2042.6,2304.0,-261.4,-11.3458
2010,m2026,2020,10,38037,2077.3,2304.0,-226.7,-9.8397
2010,sdc_2024,2024,14,38037,1904.2,2247.0,-342.8,-15.254
2010,m2026,2024,14,38037,1959.9,2247.0,-287.1,-12.7765
2010,sdc_2024,2015,5,38039,2266.8,2291.0,-24.2,-1.0542
2010,m2026,2015,5,38039,2300.5,2291.0,9.5,0.4127
2010,sdc_2024,2020,10,38039,2124.7,2310.0,-185.3,-8.0223
2010,m2026,2020,10,38039,2167.6,2310.0,-142.4,-6.1634
2010,sdc_2024,2024,14,38039,2007.6,2227.0,-219.4,-9.8529
2010,m2026,2024,14,38039,2061.1,2227.0,-165.9,-7.4505
2010,sdc_2024,2015,5,38041,2499.4,2627.0,-127.6,-4.859
2010,m2026,2015,5,38041,2480.6,2627.0,-146.4,-5.5747
2010,sdc_2024,2020,10,38041,2620.8,2484.0,136.8,5.5052
2010,m2026,2020,10,38041,2563.8,2484.0,79.8,3.2116
2010,sdc_2024,2024,14,38041,2765.0,2419.0,346.0,14.3031
2010,m2026,2024,14,38041,2681.4,2419.0,262.4,10.8472
2010,sdc_2024,2015,5,38043,2332.5,2448.0,-115.5,-4.7201
2010,m2026,2015,5,38043,2377.7,2448.0,-70.3,-2.8723
2010,sdc_2024,2020,10,38043,2244.3,2399.0,-154.7,-6.4501
2010,m2026,2020,10,38043,2300.9,2399.0,-98.1,-4.0904
2010,sdc_2024,2024,14,38043,2178.8,2371.0,-192.2,-8.1044
2010,m2026,2024,14,38043,2247.0,2371.0,-124.0,-5.2317
2010,sdc_2024,2015,5,38045,3872.5,4096.0,-223.5,-5.4572
2010,m2026,2015,5,38045,3876.5,4096.0,-219.5,-5.3586
2010,sdc_2024,2020,10,38045,3616.3,4086.0,-469.7,-11.4942
2010,m2026,2020,10,38045,3638.3,4086.0,-447.7,-10.9581
2010,sdc_2024,2024,14,38045,3392.2,4051.0,-658.8,-16.2619
2010,m2026,2024,14,38045,3446.0,4051.0,-605.0,-14.9342
2010,sdc_2024,2015,5,38047,1819.3,1941.0,-121.7,-6.2695
2010,m2026,2015,5,38047,1867.5,1941.0,-73.5,-3.7869
2010,sdc_2024,2020,10,38047,1644.3,1869.0,-224.7,-12.0199
2010,m2026,2020,10,38047,1721.3,1869.0,-147.7,-7.9018
2010,sdc_2024,2024,14,38047,1513.4,1880.0,-366.6,-19.5024
2010,m2026,2024,14,38047,1614.2,1880.0,-265.8,-14.1369
2010,sdc_2024,2015,5,38049,5167.7,5977.0,-809.3,-13.5399
2010,m2026,2015,5,38049,5230.7,5977.0,-746.3,-12.4869
2010,sdc_2024,2020,10,38049,4932.6,5336.0,-403.4,-7.5605
2010,m2026,2020,10,38049,5027.7,5336.0,-308.3,-5.7773
2010,sdc_2024,2024,14,38049,4721.9,5135.0,-413.1,-8.0449
2010,m2026,2024,14,38049,4856.8,5135.0,-278.2,-5.4178
2010,sdc_2024,2015,5,38051,2562.0,2745.0,-183.0,-6.6669
2010,m2026,2015,5,38051,2548.3,2745.0,-196.7,-7.1675
2010,sdc_2024,2020,10,38051,2322.9,2534.0,-211.1,-8.3309
2010,m2026,2020,10,38051,2351.1,2534.0,-182.9,-7.2192
2010,sdc_2024,2024,14,38051,2151.6,2461.0,-309.4,-12.573
2010,m2026,2024,14,38051,2211.6,2461.0,-249.4,-10.1346
2010,sdc_2024,2015,5,38053,6573.6,10979.0,-4405.4,-40.126
2010,m2026,2015,5,38053,6547.9,10979.0,-4431.1,-40.3599
2010,sdc_2024,2020,10,38053,6797.4,14707.0,-7909.6,-53.7812
2010,m2026,2020,10,38053,6728.1,14707.0,-7978.9,-54.2523
2010,sdc_2024,2024,14,38053,6952.7,14782.0,-7829.3,-52.9649
2010,m2026,2024,14,38053,6884.8,14782.0,-7897.2,-53.4247
2010,sdc_2024,2015,5,38055,8803.1,9553.0,-749.9,-7.8497
2010,m2026,2015,5,38055,8959.4,9553.0,-593.6,-6.2139
2010,sdc_2024,2020,10,38055,8619.3,9776.0,-1156.7,-11.8317
2010,m2026,2020,10,38055,8810.1,9776.0,-965.9,-9.8803
2010,sdc_2024,2024,14,38055,8373.9,9845.0,-1471.1,-14.9424
2010,m2026,2024,14,38055,8640.7,9845.0,-1204.3,-12.2328
2010,sdc_2024,2015,5,38057,8476.7,8712.0,-235.3,-2.7007
2010,m2026,2015,5,38057,8526.9,8712.0,-185.1,-2.1252
2010,sdc_2024,2020,10,38057,8596.4,8353.0,243.4,2.9139
2010,m2026,2020,10,38057,8648.6,8353.0,295.6,3.539
2010,sdc_2024,2024,14,38057,8601.2,8348.0,253.2,3.0328
2010,m2026,2024,14,38057,8711.4,8348.0,363.4,4.353
2010,sdc_2024,2015,5,38059,28417.8,29777.0,-1359.2,-4.5645
2010,m2026,2015,5,38059,28760.2,29777.0,-1016.8,-3.4147
2010,sdc_2024,2020,10,38059,29370.7,33291.0,-3920.3,-11.7759
2010,m2026,2020,10,38059,29758.7,33291.0,-3532.3,-10.6105
2010,sdc_2024,2024,14,38059,29946.0,34194.0,-4248.0,-12.4234
2010,m2026,2024,14,38059,30452.5,34194.0,-3741.5,-10.942
2010,sdc_2024,2015,5,38061,7996.0,9751.0,-1755.0,-17.9985
2010,m2026,2015,5,38061,7946.2,9751.0,-1804.8,-18.5084
2010,sdc_2024,2020,10,38061,8328.3,9806.0,-1477.7,-15.069
2010,m2026,2020,10,38061,8261.3,9806.0,-1544.7,-15.7526
2010,sdc_2024,2024,14,38061,8566.3,9474.0,-907.7,-9.5805
2010,m2026,2024,14,38061,8514.3,9474.0,-959.7,-10.1302
2010,sdc_2024,2015,5,38063,2859.2,3014.0,-154.8,-5.1376
2010,m2026,2015,5,38063,2865.8,3014.0,-148.2,-4.9182
2010,sdc_2024,2020,10,38063,2640.7,3019.0,-378.3,-12.5297
2010,m2026,2020,10,38063,2631.5,3019.0,-387.5,-12.8356
2010,sdc_2024,2024,14,38063,2461.2,3007.0,-545.8,-18.1499
2010,m2026,2024,14,38063,2457.1,3007.0,-549.9,-18.2886
2010,sdc_2024,2015,5,38065,1766.6,1868.0,-101.4,-5.4279
2010,m2026,2015,5,38065,1787.9,1868.0,-80.1,-4.2889
2010,sdc_2024,2020,10,38065,1658.2,1875.0,-216.8,-11.5625
2010,m2026,2020,10,38065,1702.9,1875.0,-172.1,-9.1768
2010,sdc_2024,2024,14,38065,1556.9,1882.0,-325.1,-17.2745
2010,m2026,2024,14,38065,1623.5,1882.0,-258.5,-13.7362
2010,sdc_2024,2015,5,38067,6887.6,7068.0,-180.4,-2.5518
2010,m2026,2015,5,38067,6929.3,7068.0,-138.7,-1.962
2010,sdc_2024,2020,10,38067,6380.3,6835.0,-454.7,-6.652
2010,m2026,2020,10,38067,6432.0,6835.0,-403.0,-5.8961
2010,sdc_2024,2024,14,38067,5954.2,6588.0,-633.8,-9.621
2010,m2026,2024,14,38067,6033.5,6588.0,-554.5,-8.4165
2010,sdc_2024,2015,5,38069,4161.9,4364.0,-202.1,-4.6311
2010,m2026,2015,5,38069,4213.2,4364.0,-150.8,-3.4551
2010,sdc_2024,2020,10,38069,3947.6,3990.0,-42.4,-1.0627
2010,m2026,2020,10,38069,4023.1,3990.0,33.1,0.8303
2010,sdc_2024,2024,14,38069,3758.9,3853.0,-94.1,-2.4417
2010,m2026,2024,14,38069,3869.6,3853.0,16.6,0.4309
2010,sdc_2024,2015,5,38071,11070.1,11615.0,-544.9,-4.6911
2010,m2026,2015,5,38071,11256.5,11615.0,-358.5,-3.0863
2010,sdc_2024,2020,10,38071,10794.4,11612.0,-817.6,-7.0408
2010,m2026,2020,10,38071,10913.2,11612.0,-698.8,-6.0179
2010,sdc_2024,2024,14,38071,10529.5,11510.0,-980.5,-8.5187
2010,m2026,2024,14,38071,10614.1,11510.0,-895.9,-7.7835
2010,sdc_2024,2015,5,38073,5170.7,5442.0,-271.3,-4.9848
2010,m2026,2015,5,38073,5168.3,5442.0,-273.7,-5.029
2010,sdc_2024,2020,10,38073,4900.2,5701.0,-800.8,-14.0467
2010,m2026,2020,10,38073,4933.9,5701.0,-767.1,-13.4556
2010,sdc_2024,2024,14,38073,4684.2,5590.0,-905.8,-16.2037
2010,m2026,2024,14,38073,4751.5,5590.0,-838.5,-15.0004
2010,sdc_2024,2015,5,38075,2400.0,2573.0,-173.0,-6.7233
2010,m2026,2015,5,38075,2425.1,2573.0,-147.9,-5.7485
2010,sdc_2024,2020,10,38075,2364.2,2290.0,74.2,3.2402
2010,m2026,2020,10,38075,2387.6,2290.0,97.6,4.263
2010,sdc_2024,2024,14,38075,2328.4,2376.0,-47.6,-2.0042
2010,m2026,2024,14,38075,2364.7,2376.0,-11.3,-0.4772
2010,sdc_2024,2015,5,38077,15375.8,16345.0,-969.2,-5.9294
2010,m2026,2015,5,38077,15503.4,16345.0,-841.6,-5.1491
2010,sdc_2024,2020,10,38077,14541.6,16531.0,-1989.4,-12.0346
2010,m2026,2020,10,38077,14728.0,16531.0,-1803.0,-10.9067
2010,sdc_2024,2024,14,38077,13861.9,16658.0,-2796.1,-16.7855
2010,m2026,2024,14,38077,14080.8,16658.0,-2577.2,-15.4712
2010,sdc_2024,2015,5,38079,13718.0,14733.0,-1015.0,-6.8895
2010,m2026,2015,5,38079,13828.1,14733.0,-904.9,-6.1418
2010,sdc_2024,2020,10,38079,13523.2,12194.0,1329.2,10.9005
2010,m2026,2020,10,38079,13605.7,12194.0,1411.7,11.5773
2010,sdc_2024,2024,14,38079,13288.8,11692.0,1596.8,13.657
2010,m2026,2024,14,38079,13388.3,11692.0,1696.3,14.5082
2010,sdc_2024,2015,5,38081,3536.0,3920.0,-384.0,-9.7971
2010,m2026,2015,5,38081,3581.0,3920.0,-339.0,-8.6479
2010,sdc_2024,2020,10,38081,3267.7,3866.0,-598.3,-15.4767
2010,m2026,2020,10,38081,3323.3,3866.0,-542.7,-14.0366
2010,sdc_2024,2024,14,38081,3047.0,3710.0,-663.0,-17.8698
2010,m2026,2024,14,38081,3117.0,3710.0,-593.0,-15.9843
2010,sdc_2024,2015,5,38083,1177.1,1334.0,-156.9,-11.7582
2010,m2026,2015,5,38083,1194.9,1334.0,-139.1,-10.4275
2010,sdc_2024,2020,10,38083,1063.2,1268.0,-204.8,-16.1485
2010,m2026,2020,10,38083,1082.2,1268.0,-185.8,-14.6492
2010,sdc_2024,2024,14,38083,980.4,1268.0,-287.6,-22.6819
2010,m2026,2024,14,38083,1000.4,1268.0,-267.6,-21.1074
2010,sdc_2024,2015,5,38085,4102.8,4459.0,-356.2,-7.9893
2010,m2026,2015,5,38085,4129.6,4459.0,-329.4,-7.3883
2010,sdc_2024,2020,10,38085,4046.8,3897.0,149.8,3.844
2010,m2026,2020,10,38085,4072.3,3897.0,175.3,4.4985
2010,sdc_2024,2024,14,38085,3972.2,3713.0,259.2,6.9817
2010,m2026,2024,14,38085,4013.4,3713.0,300.4,8.0895
2010,sdc_2024,2015,5,38087,730.7,779.0,-48.3,-6.1994
2010,m2026,2015,5,38087,741.5,779.0,-37.5,-4.8124
2010,sdc_2024,2020,10,38087,714.5,707.0,7.5,1.0604
2010,m2026,2020,10,38087,749.9,707.0,42.9,6.0683
2010,sdc_2024,2024,14,38087,694.2,660.0,34.2,5.1841
2010,m2026,2024,14,38087,749.8,660.0,89.8,13.6089
2010,sdc_2024,2015,5,38089,24613.4,30315.0,-5701.6,-18.8078
2010,m2026,2015,5,38089,24612.1,30315.0,-5702.9,-18.8122
2010,sdc_2024,2020,10,38089,25125.9,33650.0,-8524.1,-25.3318
2010,m2026,2020,10,38089,24767.9,33650.0,-8882.1,-26.3956
2010,sdc_2024,2024,14,38089,25457.7,33767.0,-8309.3,-24.6077
2010,m2026,2024,14,38089,24819.6,33767.0,-8947.4,-26.4976
2010,sdc_2024,2015,5,38091,1854.7,1912.0,-57.3,-2.9971
2010,m2026,2015,5,38091,1888.4,1912.0,-23.6,-1.2333
2010,sdc_2024,2020,10,38091,1738.2,1791.0,-52.8,-2.9487
2010,m2026,2020,10,38091,1787.5,1791.0,-3.5,-0.1937
2010,sdc_2024,2024,14,38091,1646.8,1767.0,-120.2,-6.8034
2010,m2026,2024,14,38091,1706.5,1767.0,-60.5,-3.4244
2010,sdc_2024,2015,5,38093,20512.6,21120.0,-607.4,-2.876
2010,m2026,2015,5,38093,20638.6,21120.0,-481.4,-2.2793
2010,sdc_2024,2020,10,38093,20025.9,21601.0,-1575.1,-7.2916
2010,m2026,2020,10,38093,20023.3,21601.0,-1577.7,-7.3037
2010,sdc_2024,2024,14,38093,19533.2,21546.0,-2012.8,-9.3418
2010,m2026,2024,14,38093,19491.1,21546.0,-2054.9,-9.5374
2010,sdc_2024,2015,5,38095,2005.1,2275.0,-269.9,-11.8621
2010,m2026,2015,5,38095,2043.5,2275.0,-231.5,-10.178
2010,sdc_2024,2020,10,38095,1790.5,2155.0,-364.5,-16.9163
2010,m2026,2020,10,38095,1825.9,2155.0,-329.1,-15.2733
2010,sdc_2024,2024,14,38095,1616.7,2051.0,-434.3,-21.174
2010,m2026,2024,14,38095,1658.3,2051.0,-392.7,-19.1486
2010,sdc_2024,2015,5,38097,7867.6,8042.0,-174.4,-2.1687
2010,m2026,2015,5,38097,7878.8,8042.0,-163.2,-2.0299
2010,sdc_2024,2020,10,38097,7623.0,7990.0,-367.0,-4.5932
2010,m2026,2020,10,38097,7658.7,7990.0,-331.3,-4.1461
2010,sdc_2024,2024,14,38097,7418.7,7989.0,-570.3,-7.138
2010,m2026,2024,14,38097,7470.9,7989.0,-518.1,-6.4846
2010,sdc_2024,2015,5,38099,10436.8,10907.0,-470.2,-4.3109
2010,m2026,2015,5,38099,10493.0,10907.0,-414.0,-3.796
2010,sdc_2024,2020,10,38099,9785.4,10556.0,-770.6,-7.3001
2010,m2026,2020,10,38099,9841.8,10556.0,-714.2,-6.7658
2010,sdc_2024,2024,14,38099,9237.4,10214.0,-976.6,-9.561
2010,m2026,2024,14,38099,9314.3,10214.0,-899.7,-8.8084
2010,sdc_2024,2015,5,38101,60086.1,68869.0,-8782.9,-12.7531
2010,m2026,2015,5,38101,59814.1,68869.0,-9054.9,-13.148
2010,sdc_2024,2020,10,38101,58710.7,69922.0,-11211.3,-16.0341
2010,m2026,2020,10,38101,56839.0,69922.0,-13083.0,-18.7109
2010,sdc_2024,2024,14,38101,57154.0,68427.0,-11273.0,-16.4745
2010,m2026,2024,14,38101,54225.5,68427.0,-14201.5,-20.7542
2010,sdc_2024,2015,5,38103,3837.8,4125.0,-287.2,-6.9635
2010,m2026,2015,5,38103,3882.2,4125.0,-242.8,-5.886
2010,sdc_2024,2020,10,38103,3496.8,3982.0,-485.2,-12.1855
2010,m2026,2020,10,38103,3547.1,3982.0,-434.9,-10.9228
2010,sdc_2024,2024,14,38103,3222.9,3803.0,-580.1,-15.2541
2010,m2026,2024,14,38103,3287.0,3803.0,-516.0,-13.5671
2010,sdc_2024,2015,5,38105,23187.9,32106.0,-8918.1,-27.7769
2010,m2026,2015,5,38105,23095.4,32106.0,-9010.6,-28.0653
2010,sdc_2024,2020,10,38105,23944.1,40951.0,-17006.9,-41.53
2010,m2026,2020,10,38105,23624.2,40951.0,-17326.8,-42.3111
2010,sdc_2024,2024,14,38105,24419.6,40763.0,-16343.4,-40.0937
2010,m2026,2024,14,38105,23967.9,40763.0,-16795.1,-41.2019
2015,sdc_2024,2020,5,38001,2342.9,2194.0,148.9,6.7849
2015,m2026,2020,5,38001,2384.3,2194.0,190.3,8.674
2015,sdc_2024,2024,9,38001,2306.5,2141.0,165.5,7.7298
2015,m2026,2024,9,38001,2374.5,2141.0,233.5,10.9067
2015,sdc_2024,2020,5,38003,10815.5,10840.0,-24.5,-0.2261
2015,m2026,2020,5,38003,10961.0,10840.0,121.0,1.1159
2015,sdc_2024,2024,9,38003,10636.8,10798.0,-161.2,-1.4927
2015,m2026,2024,9,38003,10881.9,10798.0,83.9,0.7769
2015,sdc_2024,2020,5,38005,6760.0,5960.0,800.0,13.4232
2015,m2026,2020,5,38005,6830.4,5960.0,870.4,14.604
2015,sdc_2024,2024,9,38005,6645.3,5756.0,889.3,15.4497
2015,m2026,2024,9,38005,6748.6,5756.0,992.6,17.2447
2015,sdc_2024,2020,5,38007,923.4,947.0,-23.6,-2.4915
2015,m2026,2020,5,38007,976.6,947.0,29.6,3.1225
2015,sdc_2024,2024,9,38007,924.8,1063.0,-138.2,-12.999
2015,m2026,2024,9,38007,1012.1,1063.0,-50.9,-4.79
2015,sdc_2024,2020,5,38009,6610.0,6370.0,240.0,3.767
2015,m2026,2020,5,38009,6810.1,6370.0,440.1,6.9085
2015,sdc_2024,2024,9,38009,6587.4,6391.0,196.4,3.0728
2015,m2026,2024,9,38009,6881.5,6391.0,490.5,7.675
2015,sdc_2024,2020,5,38011,3260.3,2993.0,267.3,8.9318
2015,m2026,2020,5,38011,3299.7,2993.0,306.7,10.2484
2015,sdc_2024,2024,9,38011,3285.1,2886.0,399.1,13.8274
2015,m2026,2024,9,38011,3398.0,2886.0,512.0,17.7392
2015,sdc_2024,2020,5,38013,2395.7,2195.0,200.7,9.1454
2015,m2026,2020,5,38013,2544.6,2195.0,349.6,15.9292
2015,sdc_2024,2024,9,38013,2539.6,2154.0,385.6,17.9037
2015,m2026,2024,9,38013,2772.8,2154.0,618.8,28.7282
2015,sdc_2024,2020,5,38015,96398.5,98455.0,-2056.5,-2.0888
2015,m2026,2020,5,38015,97140.3,98455.0,-1314.7,-1.3353
2015,sdc_2024,2024,9,38015,101222.4,103107.0,-1884.6,-1.8278
2015,m2026,2024,9,38015,101864.4,103107.0,-1242.6,-1.2051
2015,sdc_2024,2020,5,38017,174080.6,184531.0,-10450.4,-5.6632
2015,m2026,2020,5,38017,173552.8,184531.0,-10978.2,-5.9492
2015,sdc_2024,2024,9,38017,180918.0,200945.0,-20027.0,-9.9664
2015,m2026,2024,9,38017,177498.5,200945.0,-23446.5,-11.6681
2015,sdc_2024,2020,5,38019,3577.4,3710.0,-132.6,-3.5729
2015,m2026,2020,5,38019,3629.6,3710.0,-80.4,-2.1682
2015,sdc_2024,2024,9,38019,3411.7,3567.0,-155.3,-4.3538
2015,m2026,2024,9,38019,3480.2,3567.0,-86.8,-2.4323
2015,sdc_2024,2020,5,38021,4868.0,4988.0,-120.0,-2.4065
2015,m2026,2020,5,38021,4900.7,4988.0,-87.3,-1.751
2015,sdc_2024,2024,9,38021,4682.9,4930.0,-247.1,-5.0113
2015,m2026,2024,9,38021,4744.9,4930.0,-185.1,-3.7537
2015,sdc_2024,2020,5,38023,2592.4,2195.0,397.4,18.1061
2015,m2026,2020,5,38023,2762.9,2195.0,567.9,25.8744
2015,sdc_2024,2024,9,38023,2761.4,2124.0,637.4,30.0081
2015,m2026,2024,9,38023,3066.3,2124.0,942.3,44.3643
2015,sdc_2024,2020,5,38025,4511.2,4095.0,416.2,10.1631
2015,m2026,2020,5,38025,4547.9,4095.0,452.9,11.0608
2015,sdc_2024,2024,9,38025,4603.2,4031.0,572.2,14.1948
2015,m2026,2024,9,38025,4657.7,4031.0,626.7,15.5471
2015,sdc_2024,2020,5,38027,2213.0,2339.0,-126.0,-5.3863
2015,m2026,2020,5,38027,2242.9,2339.0,-96.1,-4.1075
2015,sdc_2024,2024,9,38027,2129.1,2309.0,-179.9,-7.7919
2015,m2026,2024,9,38027,2172.0,2309.0,-137.0,-5.9346
2015,sdc_2024,2020,5,38029,3121.3,3303.0,-181.7,-5.4999
2015,m2026,2020,5,38029,3244.9,3303.0,-58.1,-1.759
2015,sdc_2024,2024,9,38029,2947.1,3209.0,-261.9,-8.162
2015,m2026,2024,9,38029,3144.8,3209.0,-64.2,-2.0002
2015,sdc_2024,2020,5,38031,3189.0,3395.0,-206.0,-6.0688
2015,m2026,2020,5,38031,3258.1,3395.0,-136.9,-4.0317
2015,sdc_2024,2024,9,38031,3088.1,3323.0,-234.9,-7.0698
2015,m2026,2024,9,38031,3181.6,3323.0,-141.4,-4.2565
2015,sdc_2024,2020,5,38033,1871.2,1729.0,142.2,8.2254
2015,m2026,2020,5,38033,2024.4,1729.0,295.4,17.0843
2015,sdc_2024,2024,9,38033,1898.0,1795.0,103.0,5.738
2015,m2026,2024,9,38033,2173.5,1795.0,378.5,21.0857
2015,sdc_2024,2020,5,38035,65482.0,73169.0,-7687.0,-10.5058
2015,m2026,2020,5,38035,67011.3,73169.0,-6157.7,-8.4157
2015,sdc_2024,2024,9,38035,63215.0,73771.0,-10556.0,-14.3091
2015,m2026,2024,9,38035,64164.6,73771.0,-9606.4,-13.0219
2015,sdc_2024,2020,5,38037,2243.9,2304.0,-60.1,-2.6065
2015,m2026,2020,5,38037,2293.3,2304.0,-10.7,-0.4661
2015,sdc_2024,2024,9,38037,2159.2,2247.0,-87.8,-3.9074
2015,m2026,2024,9,38037,2225.4,2247.0,-21.6,-0.9635
2015,sdc_2024,2020,5,38039,2153.4,2310.0,-156.6,-6.7808
2015,m2026,2020,5,38039,2152.0,2310.0,-158.0,-6.8405
2015,sdc_2024,2024,9,38039,2059.6,2227.0,-167.4,-7.5166
2015,m2026,2024,9,38039,2066.7,2227.0,-160.3,-7.1978
2015,sdc_2024,2020,5,38041,2774.5,2484.0,290.5,11.6942
2015,m2026,2020,5,38041,2808.6,2484.0,324.6,13.0683
2015,sdc_2024,2024,9,38041,2967.0,2419.0,548.0,22.652
2015,m2026,2024,9,38041,2991.7,2419.0,572.7,23.6769
2015,sdc_2024,2020,5,38043,2372.5,2399.0,-26.5,-1.1027
2015,m2026,2020,5,38043,2415.6,2399.0,16.6,0.6906
2015,sdc_2024,2024,9,38043,2323.8,2371.0,-47.2,-1.9889
2015,m2026,2024,9,38043,2395.3,2371.0,24.3,1.0235
2015,sdc_2024,2020,5,38045,3893.9,4086.0,-192.1,-4.7005
2015,m2026,2020,5,38045,3975.1,4086.0,-110.9,-2.7153
2015,sdc_2024,2024,9,38045,3760.8,4051.0,-290.2,-7.1625
2015,m2026,2024,9,38045,3865.7,4051.0,-185.3,-4.574
2015,sdc_2024,2020,5,38047,1827.9,1869.0,-41.1,-2.2007
2015,m2026,2020,5,38047,1904.2,1869.0,35.2,1.8858
2015,sdc_2024,2024,9,38047,1782.8,1880.0,-97.2,-5.1707
2015,m2026,2024,9,38047,1926.3,1880.0,46.3,2.4621
2015,sdc_2024,2020,5,38049,6087.8,5336.0,751.8,14.0886
2015,m2026,2020,5,38049,6443.7,5336.0,1107.7,20.7589
2015,sdc_2024,2024,9,38049,6181.3,5135.0,1046.3,20.3762
2015,m2026,2024,9,38049,6757.2,5135.0,1622.2,31.591
2015,sdc_2024,2020,5,38051,2570.8,2534.0,36.8,1.4537
2015,m2026,2020,5,38051,2624.3,2534.0,90.3,3.5645
2015,sdc_2024,2024,9,38051,2469.2,2461.0,8.2,0.3316
2015,m2026,2024,9,38051,2546.8,2461.0,85.8,3.4881
2015,sdc_2024,2020,5,38053,12055.1,14707.0,-2651.9,-18.0317
2015,m2026,2020,5,38053,12037.8,14707.0,-2669.2,-18.1495
2015,sdc_2024,2024,9,38053,12966.0,14782.0,-1816.0,-12.2855
2015,m2026,2024,9,38053,12809.9,14782.0,-1972.1,-13.3413
2015,sdc_2024,2020,5,38055,9682.9,9776.0,-93.1,-0.952
2015,m2026,2020,5,38055,10025.6,9776.0,249.6,2.5532
2015,sdc_2024,2024,9,38055,9770.9,9845.0,-74.1,-0.7528
2015,m2026,2024,9,38055,10436.2,9845.0,591.2,6.0049
2015,sdc_2024,2020,5,38057,8823.2,8353.0,470.2,5.6291
2015,m2026,2020,5,38057,8839.7,8353.0,486.7,5.8269
2015,sdc_2024,2024,9,38057,8913.1,8348.0,565.1,6.7698
2015,m2026,2024,9,38057,8956.5,8348.0,608.5,7.2886
2015,sdc_2024,2020,5,38059,31294.5,33291.0,-1996.5,-5.9971
2015,m2026,2020,5,38059,31879.2,33291.0,-1411.8,-4.2409
2015,sdc_2024,2024,9,38059,32541.4,34194.0,-1652.6,-4.8329
2015,m2026,2024,9,38059,33756.6,34194.0,-437.4,-1.2791
2015,sdc_2024,2020,5,38061,10387.8,9806.0,581.8,5.9332
2015,m2026,2020,5,38061,10271.1,9806.0,465.1,4.7428
2015,sdc_2024,2024,9,38061,10892.9,9474.0,1418.9,14.9772
2015,m2026,2024,9,38061,10654.1,9474.0,1180.1,12.4558
2015,sdc_2024,2020,5,38063,2803.9,3019.0,-215.1,-7.1262
2015,m2026,2020,5,38063,2840.2,3019.0,-178.8,-5.9221
2015,sdc_2024,2024,9,38063,2649.1,3007.0,-357.9,-11.9029
2015,m2026,2024,9,38063,2700.0,3007.0,-307.0,-10.2085
2015,sdc_2024,2020,5,38065,1808.5,1875.0,-66.5,-3.5448
2015,m2026,2020,5,38065,1851.3,1875.0,-23.7,-1.2638
2015,sdc_2024,2024,9,38065,1771.0,1882.0,-111.0,-5.8999
2015,m2026,2024,9,38065,1834.4,1882.0,-47.6,-2.5301
2015,sdc_2024,2020,5,38067,6595.1,6835.0,-239.9,-3.5097
2015,m2026,2020,5,38067,6644.0,6835.0,-191.0,-2.7945
2015,sdc_2024,2024,9,38067,6228.4,6588.0,-359.6,-5.4591
2015,m2026,2024,9,38067,6314.4,6588.0,-273.6,-4.1533
2015,sdc_2024,2020,5,38069,4253.9,3990.0,263.9,6.6143
2015,m2026,2020,5,38069,4341.0,3990.0,351.0,8.797
2015,sdc_2024,2024,9,38069,4195.6,3853.0,342.6,8.8917
2015,m2026,2024,9,38069,4366.3,3853.0,513.3,13.3222
2015,sdc_2024,2020,5,38071,11403.5,11612.0,-208.5,-1.7952
2015,m2026,2020,5,38071,11609.2,11612.0,-2.8,-0.0238
2015,sdc_2024,2024,9,38071,11269.1,11510.0,-240.9,-2.0928
2015,m2026,2024,9,38071,11646.9,11510.0,136.9,1.1892
2015,sdc_2024,2020,5,38073,5203.8,5701.0,-497.2,-8.7218
2015,m2026,2020,5,38073,5281.8,5701.0,-419.2,-7.3534
2015,sdc_2024,2024,9,38073,5044.1,5590.0,-545.9,-9.7649
2015,m2026,2024,9,38073,5127.5,5590.0,-462.5,-8.2737
2015,sdc_2024,2020,5,38075,2575.1,2290.0,285.1,12.4509
2015,m2026,2020,5,38075,2622.5,2290.0,332.5,14.5216
2015,sdc_2024,2024,9,38075,2589.9,2376.0,213.9,9.0014
2015,m2026,2024,9,38075,2668.3,2376.0,292.3,12.3034
2015,sdc_2024,2020,5,38077,15595.4,16531.0,-935.6,-5.6595
2015,m2026,2020,5,38077,16093.1,16531.0,-437.9,-2.6489
2015,sdc_2024,2024,9,38077,15114.7,16658.0,-1543.3,-9.2644
2015,m2026,2024,9,38077,15733.3,16658.0,-924.7,-5.5508
2015,sdc_2024,2020,5,38079,14768.0,12194.0,2574.0,21.1085
2015,m2026,2020,5,38079,15043.6,12194.0,2849.6,23.3688
2015,sdc_2024,2024,9,38079,14734.0,11692.0,3042.0,26.0179
2015,m2026,2024,9,38079,15152.6,11692.0,3460.6,29.5977
2015,sdc_2024,2020,5,38081,3782.0,3866.0,-84.0,-2.172
2015,m2026,2020,5,38081,3930.7,3866.0,64.7,1.6736
2015,sdc_2024,2024,9,38081,3688.6,3710.0,-21.4,-0.5765
2015,m2026,2024,9,38081,3902.0,3710.0,192.0,5.1739
2015,sdc_2024,2020,5,38083,1252.1,1268.0,-15.9,-1.2504
2015,m2026,2020,5,38083,1317.1,1268.0,49.1,3.8729
2015,sdc_2024,2024,9,38083,1195.6,1268.0,-72.4,-5.7096
2015,m2026,2024,9,38083,1286.0,1268.0,18.0,1.4226
2015,sdc_2024,2020,5,38085,4491.4,3897.0,594.4,15.2532
2015,m2026,2020,5,38085,4586.8,3897.0,689.8,17.6999
2015,sdc_2024,2024,9,38085,4492.9,3713.0,779.9,21.0039
2015,m2026,2024,9,38085,4648.3,3713.0,935.3,25.1903
2015,sdc_2024,2020,5,38087,791.6,707.0,84.6,11.9599
2015,m2026,2020,5,38087,810.0,707.0,103.0,14.5628
2015,sdc_2024,2024,9,38087,801.2,660.0,141.2,21.3883
2015,m2026,2024,9,38087,831.5,660.0,171.5,25.9785
2015,sdc_2024,2020,5,38089,31756.9,33650.0,-1893.1,-5.6259
2015,m2026,2020,5,38089,31898.8,33650.0,-1751.2,-5.2043
2015,sdc_2024,2024,9,38089,32890.4,33767.0,-876.6,-2.5962
2015,m2026,2024,9,38089,33003.6,33767.0,-763.4,-2.2609
2015,sdc_2024,2020,5,38091,1830.5,1791.0,39.5,2.2075
2015,m2026,2020,5,38091,1858.8,1791.0,67.8,3.7841
2015,sdc_2024,2024,9,38091,1783.0,1767.0,16.0,0.9059
2015,m2026,2024,9,38091,1824.1,1767.0,57.1,3.2336
2015,sdc_2024,2020,5,38093,20697.1,21601.0,-903.9,-4.1846
2015,m2026,2020,5,38093,20918.6,21601.0,-682.4,-3.159
2015,sdc_2024,2024,9,38093,20395.0,21546.0,-1151.0,-5.3422
2015,m2026,2024,9,38093,20747.1,21546.0,-798.9,-3.708
2015,sdc_2024,2020,5,38095,2149.4,2155.0,-5.6,-0.2577
2015,m2026,2020,5,38095,2265.1,2155.0,110.1,5.1077
2015,sdc_2024,2024,9,38095,2061.8,2051.0,10.8,0.5276
2015,m2026,2024,9,38095,2254.6,2051.0,203.6,9.9269
2015,sdc_2024,2020,5,38097,7837.6,7990.0,-152.4,-1.9079
2015,m2026,2020,5,38097,7842.2,7990.0,-147.8,-1.8498
2015,sdc_2024,2024,9,38097,7693.8,7989.0,-295.2,-3.6955
2015,m2026,2024,9,38097,7699.4,7989.0,-289.6,-3.6253
2015,sdc_2024,2020,5,38099,10364.9,10556.0,-191.1,-1.8103
2015,m2026,2020,5,38099,10517.9,10556.0,-38.1,-0.3612
2015,sdc_2024,2024,9,38099,9976.0,10214.0,-238.0,-2.3297
2015,m2026,2024,9,38099,10211.1,10214.0,-2.9,-0.0287
2015,sdc_2024,2020,5,38101,69413.9,69922.0,-508.1,-0.7267
2015,m2026,2020,5,38101,71425.0,69922.0,1503.0,2.1495
2015,sdc_2024,2024,9,38101,69878.0,68427.0,1451.0,2.1204
2015,m2026,2024,9,38101,72609.5,68427.0,4182.5,6.1123
2015,sdc_2024,2020,5,38103,3889.5,3982.0,-92.5,-2.323
2015,m2026,2020,5,38103,3990.5,3982.0,8.5,0.2124
2015,sdc_2024,2024,9,38103,3717.2,3803.0,-85.8,-2.2551
2015,m2026,2024,9,38103,3891.4,3803.0,88.4,2.3253
2015,sdc_2024,2020,5,38105,34751.2,40951.0,-6199.8,-15.1395
2015,m2026,2020,5,38105,34650.6,40951.0,-6300.4,-15.3853
2015,sdc_2024,2024,9,38105,36898.0,40763.0,-3865.0,-9.4815
2015,m2026,2024,9,38105,36570.4,40763.0,-4192.6,-10.2853
2020,sdc_2024,2024,4,38001,2118.2,2141.0,-22.8,-1.0661
2020,m2026,2024,4,38001,2057.0,2141.0,-84.0,-3.9255
2020,sdc_2024,2024,4,38003,10618.7,10798.0,-179.3,-1.6606
2020,m2026,2024,4,38003,10654.0,10798.0,-144.0,-1.334
2020,sdc_2024,2024,4,38005,5830.2,5756.0,74.2,1.2896
2020,m2026,2024,4,38005,5825.1,5756.0,69.1,1.2004
2020,sdc_2024,2024,4,38007,945.2,1063.0,-117.8,-11.0775
2020,m2026,2024,4,38007,945.1,1063.0,-117.9,-11.0943
2020,sdc_2024,2024,4,38009,6252.1,6391.0,-138.9,-2.1738
2020,m2026,2024,4,38009,6174.1,6391.0,-216.9,-3.3943
2020,sdc_2024,2024,4,38011,2933.1,2886.0,47.1,1.6335
2020,m2026,2024,4,38011,2832.8,2886.0,-53.2,-1.8443
2020,sdc_2024,2024,4,38013,2220.2,2154.0,66.2,3.0755
2020,m2026,2024,4,38013,2180.6,2154.0,26.6,1.2329
2020,sdc_2024,2024,4,38015,102718.3,103107.0,-388.7,-0.377
2020,m2026,2024,4,38015,102575.4,103107.0,-531.6,-0.5156
2020,sdc_2024,2024,4,38017,192377.3,200945.0,-8567.7,-4.2637
2020,m2026,2024,4,38017,191763.6,200945.0,-9181.4,-4.5691
2020,sdc_2024,2024,4,38019,3532.8,3567.0,-34.2,-0.9594
2020,m2026,2024,4,38019,3535.1,3567.0,-31.9,-0.8943
2020,sdc_2024,2024,4,38021,4848.4,4930.0,-81.6,-1.6542
2020,m2026,2024,4,38021,4895.0,4930.0,-35.0,-0.7091
2020,sdc_2024,2024,4,38023,2212.0,2124.0,88.0,4.1444
2020,m2026,2024,4,38023,2091.1,2124.0,-32.9,-1.5499
2020,sdc_2024,2024,4,38025,4151.9,4031.0,120.9,2.9998
2020,m2026,2024,4,38025,4036.3,4031.0,5.3,0.1317
2020,sdc_2024,2024,4,38027,2291.8,2309.0,-17.2,-0.7457
2020,m2026,2024,4,38027,2333.3,2309.0,24.3,1.0509
2020,sdc_2024,2024,4,38029,3144.4,3209.0,-64.6,-2.0121
2020,m2026,2024,4,38029,3210.8,3209.0,1.8,0.0559
2020,sdc_2024,2024,4,38031,3336.9,3323.0,13.9,0.4192
2020,m2026,2024,4,38031,3410.2,3323.0,87.2,2.6251
2020,sdc_2024,2024,4,38033,1697.5,1795.0,-97.5,-5.4334
2020,m2026,2024,4,38033,1623.9,1795.0,-171.1,-9.5324
2020,sdc_2024,2024,4,38035,70710.2,73771.0,-3060.8,-4.149
2020,m2026,2024,4,38035,71865.9,73771.0,-1905.1,-2.5824
2020,sdc_2024,2024,4,38037,2204.6,2247.0,-42.4,-1.8886
2020,m2026,2024,4,38037,2223.1,2247.0,-23.9,-1.0635
2020,sdc_2024,2024,4,38039,2223.3,2227.0,-3.7,-0.1657
2020,m2026,2024,4,38039,2248.9,2227.0,21.9,0.9846
2020,sdc_2024,2024,4,38041,2535.3,2419.0,116.3,4.806
2020,m2026,2024,4,38041,2401.8,2419.0,-17.2,-0.711
2020,sdc_2024,2024,4,38043,2327.5,2371.0,-43.5,-1.8332
2020,m2026,2024,4,38043,2326.0,2371.0,-45.0,-1.8972
2020,sdc_2024,2024,4,38045,3970.7,4051.0,-80.3,-1.9824
2020,m2026,2024,4,38045,4031.9,4051.0,-19.1,-0.471
2020,sdc_2024,2024,4,38047,1805.9,1880.0,-74.1,-3.9419
2020,m2026,2024,4,38047,1805.4,1880.0,-74.6,-3.9655
2020,sdc_2024,2024,4,38049,5234.0,5135.0,99.0,1.9279
2020,m2026,2024,4,38049,5030.0,5135.0,-105.0,-2.0455
2020,sdc_2024,2024,4,38051,2411.7,2461.0,-49.3,-2.0044
2020,m2026,2024,4,38051,2375.8,2461.0,-85.2,-3.4626
2020,sdc_2024,2024,4,38053,15998.2,14782.0,1216.2,8.2275
2020,m2026,2024,4,38053,16488.4,14782.0,1706.4,11.5437
2020,sdc_2024,2024,4,38055,9827.7,9845.0,-17.3,-0.176
2020,m2026,2024,4,38055,9883.7,9845.0,38.7,0.3932
2020,sdc_2024,2024,4,38057,8261.1,8348.0,-86.9,-1.0406
2020,m2026,2024,4,38057,8047.4,8348.0,-300.6,-3.6004
2020,sdc_2024,2024,4,38059,34915.4,34194.0,721.4,2.1098
2020,m2026,2024,4,38059,35679.9,34194.0,1485.9,4.3455
2020,sdc_2024,2024,4,38061,10245.0,9474.0,771.0,8.1382
2020,m2026,2024,4,38061,10009.0,9474.0,535.0,5.647
2020,sdc_2024,2024,4,38063,2897.8,3007.0,-109.2,-3.6313
2020,m2026,2024,4,38063,2961.3,3007.0,-45.7,-1.5198
2020,sdc_2024,2024,4,38065,1820.0,1882.0,-62.0,-3.2964
2020,m2026,2024,4,38065,1840.1,1882.0,-41.9,-2.2254
2020,sdc_2024,2024,4,38067,6475.3,6588.0,-112.7,-1.7106
2020,m2026,2024,4,38067,6527.6,6588.0,-60.4,-0.9163
2020,sdc_2024,2024,4,38069,3858.8,3853.0,5.8,0.1513
2020,m2026,2024,4,38069,3758.2,3853.0,-94.8,-2.4596
2020,sdc_2024,2024,4,38071,11398.2,11510.0,-111.8,-0.9712
2020,m2026,2024,4,38071,11394.4,11510.0,-115.6,-1.0042
2020,sdc_2024,2024,4,38073,5611.9,5590.0,21.9,0.3921
2020,m2026,2024,4,38073,5794.0,5590.0,204.0,3.6494
2020,sdc_2024,2024,4,38075,2229.6,2376.0,-146.4,-6.1618
2020,m2026,2024,4,38075,2127.1,2376.0,-248.9,-10.4749
2020,sdc_2024,2024,4,38077,16130.6,16658.0,-527.4,-3.166
2020,m2026,2024,4,38077,16568.1,16658.0,-89.9,-0.5399
2020,sdc_2024,2024,4,38079,12028.4,11692.0,336.4,2.8772
2020,m2026,2024,4,38079,11954.3,11692.0,262.3,2.2431
2020,sdc_2024,2024,4,38081,3762.2,3710.0,52.2,1.4063
2020,m2026,2024,4,38081,3820.5,3710.0,110.5,2.9795
2020,sdc_2024,2024,4,38083,1204.3,1268.0,-63.7,-5.027
2020,m2026,2024,4,38083,1213.4,1268.0,-54.6,-4.3057
2020,sdc_2024,2024,4,38085,3841.9,3713.0,128.9,3.4716
2020,m2026,2024,4,38085,3833.3,3713.0,120.3,3.2412
2020,sdc_2024,2024,4,38087,700.8,660.0,40.8,6.1825
2020,m2026,2024,4,38087,659.1,660.0,-0.9,-0.1342
2020,sdc_2024,2024,4,38089,35086.1,33767.0,1319.1,3.9065
2020,m2026,2024,4,38089,35301.1,33767.0,1534.1,4.5433
2020,sdc_2024,2024,4,38091,1722.1,1767.0,-44.9,-2.5405
2020,m2026,2024,4,38091,1686.7,1767.0,-80.3,-4.5444
2020,sdc_2024,2024,4,38093,21408.3,21546.0,-137.7,-0.6389
2020,m2026,2024,4,38093,21756.7,21546.0,210.7,0.9779
2020,sdc_2024,2024,4,38095,2059.4,2051.0,8.4,0.4109
2020,m2026,2024,4,38095,2075.0,2051.0,24.0,1.1692
2020,sdc_2024,2024,4,38097,7871.1,7989.0,-117.9,-1.4753
2020,m2026,2024,4,38097,7874.2,7989.0,-114.8,-1.4376
2020,sdc_2024,2024,4,38099,10150.9,10214.0,-63.1,-0.6178
2020,m2026,2024,4,38099,10173.8,10214.0,-40.2,-0.3933
2020,sdc_2024,2024,4,38101,69920.2,68427.0,1493.2,2.1822
2020,m2026,2024,4,38101,69130.4,68427.0,703.4,1.028
2020,sdc_2024,2024,4,38103,3807.2,3803.0,4.2,0.1117
2020,m2026,2024,4,38103,3829.2,3803.0,26.2,0.6878
2020,sdc_2024,2024,4,38105,44075.6,40763.0,3312.6,8.1265
2020,m2026,2024,4,38105,45185.7,40763.0,4422.7,10.8497
